time_s,mic1_fir_amplitude,mic26_fir_amplitude
0.000000,5.70061896e-06,-6.94685567e-06
0.000250,9.61477432e-06,-1.17010557e-05
0.000500,9.21759397e-06,-1.17721128e-05
0.000750,6.11602028e-06,-9.01380738e-06
0.001000,4.1347812e-06,-6.4730365e-06
0.001250,3.95112784e-06,-3.97789318e-06
0.001500,2.85658875e-06,-6.10368685e-07
0.001750,-1.60287399e-06,2.58060315e-06
0.002000,2.59404325e-06,4.6055878e-06
0.002250,1.16399565e-05,6.81188907e-06
0.002500,-4.1084508e-05,1.18354358e-05
0.002750,-8.19781295e-05,9.20698436e-06
0.003000,0.000121742854,-2.36389436e-07
0.003250,0.000236520245,4.84483613e-05
0.003500,-0.000469869816,9.42773179e-05
0.003750,-0.00139820122,-9.59389926e-05
0.004000,-0.000976043706,-0.000223955481
0.004250,0.000507129463,0.000428557813
0.004500,0.00116599839,0.00130007443
0.004750,0.000700843288,0.000854964732
0.005000,0.000359212939,-0.000610713266
0.005250,0.000458930302,-0.00123095836
0.005500,0.000420841101,-0.000707987804
0.005750,0.000170229003,-0.000286161093
0.006000,-1.93223704e-05,-0.000382791631
0.006250,-9.16847065e-05,-0.00038756939
0.006500,-6.536047e-05,0.000126497637
0.006750,-7.8603155e-05,0.000782671966
0.007000,-0.00038339992,0.000733973139
0.007250,-0.000721251958,-4.44605642e-05
0.007500,-0.000529709051,-0.000522920897
0.007750,-0.000120089733,-0.000278293202
0.008000,-0.000242952869,1.40296453e-05
0.008250,-0.000518797055,-9.70264907e-06
0.008500,-7.075813e-05,-1.02969409e-05
0.008750,0.000759947056,0.00011950201
0.009000,0.000968710077,0.000121721944
0.009250,0.000427449264,7.86428426e-05
0.009500,-0.000193992957,0.000328198458
0.009750,-0.000379217483,0.000636818463
0.010000,-0.000170268656,0.000405067535
0.010250,8.32983916e-05,-0.000222563661
0.010500,0.000199930396,-0.000516267969
0.010750,0.000215949407,-0.000326374469
0.011000,0.000131840807,-0.000104004037
0.011250,-3.41542564e-05,-7.38466236e-05
0.011500,-0.000217002109,-3.64953465e-05
0.011750,-0.0004116389,0.000208944423
0.012000,-0.000477952183,0.00042497974
0.012250,-0.000243089657,0.000158535863
0.012500,9.65164425e-06,-0.000418853516
0.012750,-5.63350519e-05,-0.000601080115
0.013000,-8.52754476e-05,-0.000264766649
0.013250,0.00034853997,4.6642124e-05
0.013500,0.000837777242,8.17448266e-05
0.013750,0.000791282211,3.0374071e-05
0.014000,0.000373819633,4.23980783e-05
0.014250,5.51393149e-05,0.00019958538
0.014500,-0.000150174647,0.000477898876
0.014750,-0.00042485032,0.000507186136
0.015000,-0.000652195028,9.74453316e-06
0.015250,-0.000603524682,-0.000558575177
0.015500,-0.000290899076,-0.000560300629
0.015750,9.25975323e-05,-0.00015840049
0.016000,0.000352658382,2.62104039e-05
0.016250,0.000371005668,-8.47338441e-05
0.016500,0.000205102595,-7.26307623e-05
0.016750,2.67457535e-05,0.000192086992
0.017000,-0.000142369572,0.00034793387
0.017250,-0.000362506898,0.000160174551
0.017500,-0.000447073697,-1.71805104e-05
0.017750,-0.000184728069,0.000174405207
0.018000,0.000169743132,0.000377765828
0.018250,0.00021435555,0.000125114688
0.018500,6.84340454e-05,-0.000294708323
0.018750,0.000107413627,-0.00039738939
0.019000,0.000263661653,-0.000274539448
0.019250,0.000207622096,-0.000140561963
0.019500,-2.79173801e-05,0.000103187804
0.019750,-0.000149149985,0.000419466166
0.020000,-7.03295819e-05,0.000461372782
0.020250,0.000105103302,8.22306544e-05
0.020500,0.000241819868,-0.000393386775
0.020750,0.000137286953,-0.000498075683
0.021000,-0.000202914107,-0.00015488332
0.021250,-0.000350783571,0.000169704764
0.021500,-9.51376624e-05,3.93509192e-05
0.021750,0.000122280348,-0.000331786442
0.022000,-4.43453565e-06,-0.000345253113
0.022250,-0.000119990001,0.000165342559
0.022500,4.35277904e-05,0.000607792689
0.022750,0.000202489129,0.000336846098
0.023000,0.000128155788,-0.000272927702
0.023250,3.71209325e-06,-0.000209820288
0.023500,1.60381658e-05,0.000447403581
0.023750,9.21291148e-05,0.000535152875
0.024000,9.88469973e-05,-0.000148821173
0.024250,-4.13642455e-07,-0.000547018494
0.024500,-0.000158546613,-0.000261391971
0.024750,-0.000226305683,-5.38203085e-06
0.025000,-9.72870711e-05,-9.93407444e-05
0.025250,3.31033847e-05,-5.33699417e-05
0.025500,-8.22086028e-05,0.000264624114
0.025750,-0.000284991256,0.000320452342
0.026000,-0.000269249786,-7.9407143e-06
0.026250,-7.28597241e-05,-0.000191688648
0.026500,6.99297358e-05,-9.9598553e-05
0.026750,0.000108966142,-0.0001105279
0.027000,0.000185453072,-0.000176135749
0.027250,0.000332528589,8.75780681e-06
0.027500,0.000337022717,0.000191624281
0.027750,9.18447443e-05,7.29201661e-05
0.028000,-0.000136774974,2.0849446e-05
0.028250,-9.03125057e-05,0.000246484929
0.028500,8.77298294e-05,0.000205818612
0.028750,8.51740335e-05,-0.000272961962
0.029000,-9.63212037e-05,-0.000482663327
0.029250,-0.000142057165,-0.000144021104
0.029500,5.8927979e-05,0.000146856215
0.029750,0.00022873662,0.000121563724
0.030000,0.00013393816,0.000132935848
0.030250,-0.000135342365,0.000224170786
0.030500,-0.000332026978,0.00010716745
0.030750,-0.000292648109,-7.72612759e-05
0.031000,-7.49402963e-05,3.14002952e-05
0.031250,0.000107534199,0.000249000273
0.031500,0.000111388369,0.000129895361
0.031750,-3.21572502e-06,-0.000208171764
0.032000,-6.5927115e-05,-0.000288501248
0.032250,-3.79465929e-05,-8.48650292e-05
0.032500,-3.16117801e-05,1.83089369e-05
0.032750,-3.14828062e-05,-0.000105772539
0.033000,8.88941143e-05,-0.000223951958
0.033250,0.000246631484,-0.000185013907
0.033500,0.000224198408,-2.86365842e-05
0.033750,3.00220092e-05,0.000203896997
0.034000,-9.70584007e-05,0.000370740913
0.034250,-2.21755429e-05,0.000234026939
0.034500,8.34340692e-05,-9.87842565e-05
0.034750,-2.54133063e-05,-0.000242374899
0.035000,-0.000251724648,-0.000180536365
0.035250,-0.000250119886,-0.000171905238
0.035500,-1.31354179e-05,-0.000167440834
0.035750,8.14869857e-05,-5.73598582e-06
0.036000,-6.59555759e-05,0.000190491133
0.036250,-0.000141879268,0.000303344509
0.036500,8.49107426e-06,0.000399637546
0.036750,0.000244833952,0.00036049826
0.037000,0.000374599036,-4.32239479e-05
0.037250,0.000224735682,-0.000495101056
0.037500,-0.000111184878,-0.000353894964
0.037750,-0.000266857741,0.00021996614
0.038000,-0.000179695577,0.00039016906
0.038250,-7.57543232e-05,3.56652867e-05
0.038500,9.3449212e-06,-0.000208020475
0.038750,4.65043697e-05,-0.00014099542
0.039000,-3.45046819e-05,-4.96051656e-05
0.039250,-9.15362059e-06,-1.5127073e-05
0.039500,0.000203182029,2.02844375e-06
0.039750,0.000236213963,-5.18010071e-05
0.040000,4.25900722e-05,-0.000128058323
0.040250,7.98371943e-06,-0.000127610666
0.040500,9.64668291e-05,-7.52958046e-05
0.040750,-1.44909393e-05,1.02705365e-05
0.041000,-0.000158991821,0.000159483736
0.041250,-6.3908159e-05,0.000292207687
0.041500,-2.54139659e-06,0.000273082014
0.041750,-0.00022000858,7.00962844e-05
0.042000,-0.000384291142,-0.000243894517
0.042250,-0.000234368966,-0.000442986064
0.042500,-8.33610001e-06,-0.000251812987
0.042750,0.000114552663,0.000153954409
0.043000,0.000224548283,0.000202028566
0.043250,0.000276421372,-0.000126423709
0.043500,0.000152651246,-0.000174051102
0.043750,-9.76081243e-06,0.000205837243
0.044000,-3.90211111e-05,0.00036633005
0.044250,2.39365195e-06,8.82131354e-05
0.044500,2.51841871e-05,-5.19990514e-05
0.044750,3.10226432e-05,0.000169583854
0.045000,-1.32900229e-05,0.000228854179
0.045250,-6.53145971e-05,-0.000119696124
0.045500,1.50186065e-05,-0.000422676191
0.045750,0.000116603486,-0.000320933208
0.046000,-8.96514606e-06,9.88713221e-06
0.046250,-0.00018874786,0.000225522137
0.046500,-9.39299095e-05,0.000143204801
0.046750,7.66995306e-05,-0.000121871785
0.047000,1.55377093e-05,-0.000205051723
0.047250,-2.23212967e-05,1.96942054e-05
0.047500,0.000181397492,0.000194920221
0.047750,0.000238729964,0.000104987955
0.048000,-7.44595617e-05,3.66803549e-05
0.048250,-0.000331014445,0.00012476341
0.048500,-0.000212513056,9.2848337e-05
0.048750,6.67365226e-05,-8.27587591e-05
0.049000,0.000229618858,-0.000127331186
0.049250,0.000191280595,-8.42456389e-05
0.049500,-1.81529331e-05,-0.000138391068
0.049750,-0.000219604567,-0.000139790206
0.050000,-0.000206434919,2.94602414e-05
0.050250,-1.33215887e-05,0.000132341331
0.050500,0.000122726844,4.62021728e-05
0.050750,5.99294721e-05,-1.84459055e-05
0.051000,-7.67975814e-05,8.26513297e-06
0.051250,-5.2125638e-05,-8.78680743e-05
0.051500,0.000114777102,-0.00029802401
0.051750,0.00012043257,-0.0002112425
0.052000,-0.000105403494,0.00032291205
0.052250,-0.000199850548,0.000689088916
0.052500,4.26057998e-06,0.000286981221
0.052750,0.000154288634,-0.000403228753
0.053000,5.00963671e-05,-0.000450093829
0.053250,-1.22543851e-07,7.2334461e-05
0.053500,0.000167641301,0.000329136137
0.053750,0.00026040859,7.63674568e-05
0.054000,8.99154653e-05,-0.000223727672
0.054250,-0.00017402627,-0.000238491211
0.054500,-0.000334823648,-4.64204115e-05
0.054750,-0.000294200365,0.000110309007
0.055000,-4.02775754e-05,0.000110486681
0.055250,0.000217870845,9.64920581e-05
0.055500,0.000232184664,0.000177480347
0.055750,9.11118561e-05,0.000119339282
0.056000,3.19224247e-05,-0.000192559237
0.056250,1.06939027e-05,-0.000330145507
0.056500,-0.000126421501,-3.12425516e-05
0.056750,-0.000241482735,0.000221482138
0.057000,-0.000104607551,1.86499276e-05
0.057250,0.000139207707,-0.000261957727
0.057500,0.000129316178,-0.000160389154
0.057750,-0.000105687287,0.000106389184
0.058000,-0.000134578306,0.00013273098
0.058250,0.000161941768,5.92669243e-05
0.058500,0.000304479423,0.000190226458
0.058750,-2.64868749e-05,0.000252161063
0.059000,-0.000383173402,-0.000146800247
0.059250,-0.000235031825,-0.000605979594
0.059500,0.000192215186,-0.000402608195
0.059750,0.000349462653,0.000323799171
0.060000,0.000131430509,0.000710671867
0.060250,-0.00018880957,0.000402849416
0.060500,-0.000294047971,-9.09618451e-05
0.060750,-7.14076312e-05,-0.000281876133
0.061000,0.000175917484,-0.000264089442
0.061250,0.000143116058,-0.000267460156
0.061500,4.46635971e-05,-0.00022602456
0.061750,0.000118885332,-2.16328155e-05
0.062000,0.000126878997,0.000211440445
0.062250,-8.32293107e-05,0.000268897834
0.062500,-0.000218277094,0.000146525771
0.062750,-0.000100697598,-3.26605377e-05
0.063000,4.68223894e-05,-0.000124024091
0.063250,1.36470546e-05,-8.64980269e-06
0.063500,-0.000122651314,0.000176110256
0.063750,-0.000161556977,0.00013481052
0.064000,-1.1837782e-05,-9.32925534e-05
0.064250,0.000211061861,-0.000225958567
0.064500,0.000254034495,-0.000169675584
0.064750,3.7282439e-05,3.98924403e-05
0.065000,-0.000158980954,0.00023985436
0.065250,-0.000104295642,0.00010984128
0.065500,1.53766936e-05,-0.000238242376
0.065750,-1.1552629e-05,-0.000230596342
0.066000,-7.34773374e-05,0.00013639565
0.066250,-2.82419234e-05,0.000237194195
0.066500,8.43817929e-05,-3.77926437e-05
0.066750,0.000146895734,-0.000183327488
0.067000,6.97128939e-05,-4.21048936e-05
0.067250,-3.64111536e-05,6.665018e-05
0.067500,4.32614298e-05,9.59292793e-06
0.067750,0.000177862212,-8.34314293e-06
0.068000,6.24773304e-05,0.000123915543
0.068250,-0.000151789531,0.000220877117
0.068500,-0.000133227221,0.000131981375
0.068750,-5.05307506e-05,-4.48528044e-06
0.069000,-0.000197282466,-8.06369481e-05
0.069250,-0.000322511414,-0.00021793732
0.069500,-9.24743179e-05,-0.000363427088
0.069750,0.000218004931,-0.000241342274
0.070000,0.000211762224,7.83894815e-05
0.070250,7.47965916e-05,0.000220189598
0.070500,0.0001066994,0.000139351396
0.070750,0.000102681832,7.5110464e-05
0.071000,-0.000115749422,5.40133876e-05
0.071250,-0.00020565177,-4.73190898e-06
0.071500,3.31972477e-05,-1.7570837e-05
0.071750,0.000224116467,3.67620484e-05
0.072000,0.000130566362,2.00223365e-05
0.072250,1.77840235e-05,-5.06986033e-05
0.072500,1.81223259e-05,-1.24073159e-05
0.072750,-4.37695017e-05,0.000108470613
0.073000,-0.000146547336,0.000131475669
0.073250,-0.000127754788,7.60055682e-06
0.073500,-5.24280832e-05,-0.000153927601
0.073750,-1.3106264e-05,-0.000210979963
0.074000,5.65677607e-05,-7.00924876e-05
0.074250,0.000123958439,0.00016210475
0.074500,6.39354513e-05,0.000167122926
0.074750,-5.5250337e-05,-0.00014042289
0.075000,-8.06897538e-05,-0.000348955925
0.075250,-4.79457101e-05,-0.000137073777
0.075500,-6.35614982e-05,0.00021945284
0.075750,-7.29351659e-05,0.000314562666
0.076000,3.75491012e-05,0.000140870796
0.076250,0.000191288739,-6.92495458e-05
0.076500,0.000170476549,-0.000135014969
0.076750,-4.88093192e-05,-3.23554233e-05
0.077000,-0.000209656481,9.71333306e-05
0.077250,-0.000129248567,0.000110343153
0.077500,7.69355352e-05,1.9710006e-05
0.077750,0.000195876589,-6.96609926e-05
0.078000,0.000124800916,-9.15437365e-05
0.078250,-7.07665444e-05,-6.95592963e-05
0.078500,-0.000163963677,-5.89805308e-05
0.078750,-2.91239718e-05,-5.15855008e-05
0.079000,0.000118666431,-9.79090444e-06
0.079250,4.96577577e-05,2.46012478e-05
0.079500,-0.000113731426,-2.42650759e-05
0.079750,-0.000160260795,-8.93602431e-05
0.080000,-9.33931105e-05,4.71158124e-06
0.080250,1.66923653e-05,0.000202999479
0.080500,0.000132946565,0.000188848615
0.080750,0.000178462031,-5.09877422e-05
0.081000,0.000131655946,-8.33152659e-05
0.081250,6.90647006e-05,0.000190453567
0.081500,-1.53846771e-05,0.000272332443
0.081750,-0.000158832242,-3.19021467e-05
0.082000,-0.000195021011,-0.000278433134
0.082250,-7.60538781e-06,-0.000219089661
0.082500,0.000109719188,-9.10390355e-05
0.082750,-6.2530112e-05,-4.81841729e-05
0.083000,-0.000165254977,-4.49716004e-05
0.083250,6.59362833e-05,-4.80579278e-05
0.083500,0.000233673776,2.609009e-05
0.083750,4.61525163e-05,0.000172212979
0.084000,-0.000150844059,0.000152749562
0.084250,-7.29694277e-05,-6.99268239e-05
0.084500,7.67744335e-05,-0.000150972311
0.084750,8.4665098e-05,5.04724913e-05
0.085000,1.75246867e-05,0.000210031761
0.085250,1.04770554e-06,8.61965707e-05
0.085500,2.45952856e-05,-0.000106946778
0.085750,-2.39376852e-06,-7.72443951e-05
0.086000,-7.0913205e-05,8.14360639e-05
0.086250,-7.49359437e-05,7.95184304e-05
0.086500,-1.62955616e-05,-7.17008523e-05
0.086750,3.91867782e-06,-0.000120449667
0.087000,-1.60077552e-05,-3.21518667e-05
0.087250,-1.30372527e-06,8.96883971e-06
0.087500,4.03609912e-05,-4.38146473e-05
0.087750,2.96743142e-05,-7.67376309e-05
0.088000,-3.18025658e-05,-2.97443983e-05
0.088250,-2.05530434e-05,7.22172808e-05
0.088500,8.53050743e-05,0.000159892473
0.088750,9.39626177e-05,0.000122474748
0.089000,-6.2826571e-05,-5.45515913e-05
0.089250,-0.000147955171,-0.000172360022
0.089500,-1.575354e-05,-6.24641048e-05
0.089750,0.000136574358,0.000118922997
0.090000,9.07958684e-05,0.000127723379
0.090250,-7.41415208e-05,2.32476943e-05
0.090500,-0.000113893614,-2.27752519e-05
0.090750,1.4580109e-05,-4.06011956e-05
0.091000,7.68095183e-05,-6.53960341e-05
0.091250,-4.78131768e-05,-2.62788501e-05
0.091500,-0.000128685232,1.10817854e-05
0.091750,2.80611368e-05,-6.20448242e-05
0.092000,0.000213283318,-0.000134559057
0.092250,0.000136309914,-6.68561419e-05
0.092500,-0.000106057992,6.88443175e-05
0.092750,-0.000192962721,0.000135855863
0.093000,-5.59440948e-05,0.000114238372
0.093250,8.8850288e-05,5.88270652e-05
0.093500,8.70162617e-05,1.15152628e-06
0.093750,1.11349888e-05,-4.6667641e-05
0.094000,1.11518994e-06,-5.34951869e-05
0.094250,4.32698605e-05,-1.65849716e-06
0.094500,-2.94972872e-08,7.7645388e-05
0.094750,-0.000120047855,9.95958821e-05
0.095000,-0.000123675509,-2.14407617e-05
0.095250,3.32803023e-05,-0.00019403336
0.095500,0.000134950349,-0.000179158722
0.095750,5.077837e-05,2.38109746e-05
0.096000,-6.93107345e-05,0.000141829422
0.096250,-7.66689974e-05,8.88037932e-05
0.096500,-4.66736667e-05,2.2764978e-05
0.096750,-4.9462423e-05,-1.81811611e-05
0.097000,6.97208444e-06,-8.72748817e-05
0.097250,0.000101562423,-0.000106802687
0.097500,6.29739858e-05,-2.46244299e-05
0.097750,-4.54574516e-05,5.21429699e-05
0.098000,-1.89277134e-06,6.79767034e-05
0.098250,0.000123126129,8.0158367e-05
0.098500,0.000108588545,7.43207981e-05
0.098750,-9.24928284e-06,4.30864328e-06
0.099000,-7.1027829e-05,-5.62847994e-05
0.099250,-5.50555391e-05,-4.42077346e-05
0.099500,-5.57448484e-06,-3.44554357e-05
0.099750,2.95207086e-05,-5.58300845e-05
0.100000,-2.13294104e-05,6.98362289e-08
0.100250,-0.000135493318,0.000129572415
0.100500,-0.000159660686,0.000136451696
0.100750,-2.69917132e-05,-3.75180287e-05
0.101000,0.000126410193,-0.000169891541
0.101250,0.00015600019,-0.000108236313
0.101500,8.74705223e-05,1.35175049e-05
0.101750,2.9803238e-05,4.88620848e-05
0.102000,1.72278677e-06,3.07495375e-05
0.102250,-6.15841513e-05,4.50317951e-06
0.102500,-0.000127137039,-2.40186965e-05
0.102750,-6.27965901e-05,7.02953823e-06
0.103000,7.46238367e-05,8.37344492e-05
0.103250,5.68749054e-05,6.59873369e-05
0.103500,-6.68680612e-05,-3.09770476e-05
0.103750,-2.39889124e-05,-3.98251402e-05
0.104000,0.000100889141,1.20254026e-05
0.104250,8.41542295e-06,-1.37470991e-05
0.104500,-0.000149332434,-4.93689553e-05
0.104750,-3.89707011e-05,-3.54722521e-06
0.105000,0.000148183678,1.1161639e-05
0.105250,7.48146098e-05,-6.06930222e-05
0.105500,-6.87408811e-05,-8.75456115e-05
0.105750,1.70757186e-06,-2.64613341e-05
0.106000,0.000104308578,2.96131218e-05
0.106250,3.28348708e-05,7.03806195e-05
0.106500,-4.46986006e-05,0.000126547368
0.106750,-9.04550199e-06,0.000118167399
0.107000,-1.55252181e-05,-1.43817867e-06
0.107250,-9.70056122e-05,-9.07104492e-05
0.107500,-9.22991132e-05,-2.86367831e-05
0.107750,-3.8214295e-06,6.27872652e-05
0.108000,2.85050049e-05,2.28275318e-05
0.108250,-2.01518498e-06,-7.30848882e-05
0.108500,-1.30752946e-05,-7.26355557e-05
0.108750,2.60061047e-05,-7.61395305e-06
0.109000,8.02956451e-05,1.95986233e-05
0.109250,7.662735e-05,4.44979431e-06
0.109500,2.04767538e-05,-3.87886201e-05
0.109750,3.33254453e-06,-8.59130298e-05
0.110000,-4.32616344e-06,-4.98539447e-05
0.110250,-9.08864258e-05,5.0288995e-05
0.110500,-0.000150307183,7.32109041e-05
0.110750,-6.01362674e-05,3.82710706e-05
0.111000,7.85349736e-05,6.3559826e-05
0.111250,0.000164248492,7.73361727e-05
0.111500,0.000191277339,-1.31254671e-05
0.111750,6.91159532e-05,-9.41740064e-05
0.112000,-0.000171998376,-6.09567464e-05
0.112250,-0.000218268856,2.53712315e-05
0.112500,5.15771914e-06,7.09565659e-05
0.112750,0.000117375311,3.80652295e-05
0.113000,-3.76383218e-05,-4.42996167e-05
0.113250,-0.000130291186,-0.000100935666
0.113500,-3.82592926e-06,-9.00550544e-05
0.113750,8.9264974e-05,-2.53729101e-05
0.114000,2.51917813e-05,5.75539962e-05
0.114250,-1.81414661e-05,0.000112433753
0.114500,4.57844393e-05,0.000102544336
0.114750,8.35730764e-05,2.11114725e-05
0.115000,1.01954718e-05,-7.43726545e-05
0.115250,-7.46770786e-05,-6.80222601e-05
0.115500,-5.92786558e-05,3.5857886e-05
0.115750,9.28033602e-06,5.48229092e-05
0.116000,2.45315264e-05,-5.19179626e-05
0.116250,2.02178859e-06,-6.87960223e-05
0.116500,2.0371748e-05,6.48726884e-05
0.116750,5.26823406e-05,0.000106064105
0.117000,1.05765759e-05,-4.72194587e-05
0.117250,-8.44484777e-05,-0.000161038946
0.117500,-0.000108271616,-6.40202876e-05
0.117750,-1.05912626e-05,8.74538668e-05
0.118000,0.000103950763,7.01908895e-05
0.118250,9.96065973e-05,-7.28498913e-05
0.118500,-1.11628319e-05,-9.92558521e-05
0.118750,-8.03100127e-05,6.51480694e-05
0.119000,-3.77418655e-05,0.000189861267
0.119250,3.29501143e-05,7.5532538e-05
0.119500,5.97059185e-05,-0.000135348901
0.119750,5.48516423e-05,-0.000157098328
0.120000,1.99600751e-05,3.28011226e-05
0.120250,-6.0996161e-05,0.000168266364
0.120500,-0.000135895538,7.92733918e-05
0.120750,-0.00010637214,-6.85352203e-05
0.121000,2.77539345e-05,-5.22366617e-05
0.121250,0.000122214666,4.46321605e-05
0.121500,6.88765466e-05,4.89781098e-06
0.121750,-4.9683941e-05,-0.000116813033
0.122000,-7.55515878e-05,-0.000104005095
0.122250,3.07422592e-05,2.22511089e-05
0.122500,0.000157656343,7.17061482e-05
0.122750,0.000153006386,2.35274248e-05
0.123000,-8.87253406e-06,-4.31941984e-06
0.123250,-0.000168339782,1.44777105e-05
0.123500,-0.000170043012,1.21616726e-05
0.123750,-5.76943956e-05,-3.35017068e-05
0.124000,2.57801482e-05,-5.20287366e-05
0.124250,3.6087983e-05,4.36194573e-06
0.124500,2.67687375e-05,5.15441586e-05
0.124750,3.94119159e-05,2.22352409e-05
0.125000,5.16517966e-05,2.17504828e-05
0.125250,1.63410218e-05,0.000109863779
0.125500,-3.46416714e-05,0.000122628224
0.125750,-5.04401584e-06,-3.85473838e-05
0.126000,7.83519207e-05,-0.000195098348
0.126250,6.31196125e-05,-0.000163034384
0.126500,-5.57879601e-05,6.11618117e-06
0.126750,-9.97990987e-05,0.000128298293
0.127000,-2.20442327e-05,8.07029717e-05
0.127250,2.48522731e-05,-6.2942152e-05
0.127500,-2.1214907e-05,-0.000113058488
0.127750,-6.20267729e-05,-4.99923357e-05
0.128000,-4.04028768e-05,2.74841286e-06
0.128250,1.67786828e-05,6.24234798e-05
0.128500,7.03078574e-05,0.00017001509
0.128750,7.72581892e-05,0.000171424962
0.129000,3.96569804e-05,-1.99482811e-05
0.129250,1.29464526e-05,-0.000204742496
0.129500,-3.69964352e-07,-0.000167351008
0.129750,-3.40324086e-05,3.32984402e-05
0.130000,-4.59696216e-05,0.000137918303
0.130250,8.10017003e-06,3.08057163e-05
0.130500,4.57251288e-05,-8.46211864e-05
0.130750,-2.52130532e-05,-2.50918228e-05
0.131000,-0.000112547898,5.82103115e-05
0.131250,-6.00134303e-05,-4.83017414e-06
0.131500,6.87274305e-05,-7.19305516e-05
0.131750,8.1983431e-05,1.61837121e-05
0.132000,-5.79550754e-06,0.000115489644
0.132250,-3.43430818e-05,3.25089282e-05
0.132500,1.15303254e-05,-0.000126408538
0.132750,4.98018936e-05,-0.000114693416
0.133000,6.07221998e-05,5.5027163e-05
0.133250,2.73455674e-05,0.000136515431
0.133500,-6.66339767e-05,4.7352142e-05
0.133750,-0.000133817323,-4.65604895e-05
0.134000,-7.13824167e-05,-3.53596105e-05
0.134250,7.02549921e-05,1.62866469e-05
0.134500,0.000139089147,2.62233041e-05
0.134750,7.76035851e-05,-1.10811551e-05
0.135000,-2.95926912e-05,-4.32265224e-05
0.135250,-9.74884981e-05,-2.58714104e-05
0.135500,-0.000101881233,2.43093825e-06
0.135750,-2.14950361e-05,-1.66326777e-05
0.136000,8.65429593e-05,-4.0499928e-05
0.136250,6.91834555e-05,3.03033288e-06
0.136500,-4.25070518e-05,7.82507795e-05
0.136750,-2.79272916e-05,8.80210409e-05
0.137000,8.02291128e-05,4.10331581e-06
0.137250,3.76105726e-05,-9.25047419e-05
0.137500,-9.49545401e-05,-8.69550301e-05
0.137750,-7.84502252e-05,1.94772719e-05
0.138000,1.7300847e-05,8.65897553e-05
0.138250,1.88501136e-05,4.23255676e-05
0.138500,2.1092112e-06,-1.45193606e-05
0.138750,4.40540284e-05,-8.35192952e-06
0.139000,5.30266551e-05,-1.01552366e-06
0.139250,1.01154492e-05,-3.17696497e-05
0.139500,-7.80486396e-06,-4.05834744e-05
0.139750,3.35982105e-06,-8.56680204e-06
0.140000,1.58264949e-05,3.41027457e-06
0.140250,1.23210958e-05,-2.0682439e-05
0.140500,-4.63736679e-05,-2.77332707e-05
0.140750,-0.00011733447,1.1789219e-05
0.141000,-7.36600468e-05,6.35603216e-05
0.141250,6.10948601e-05,6.91346271e-05
0.141500,0.00010283775,2.05244879e-05
0.141750,1.11092719e-05,-2.33875175e-05
0.142000,-4.58828694e-05,-3.07352881e-05
0.142250,1.67398604e-05,-2.5472998e-05
0.142500,7.38159138e-05,-6.23093809e-06
0.142750,1.36162664e-05,2.61387145e-05
0.143000,-8.91121632e-05,2.09336353e-05
0.143250,-9.61317411e-05,-1.30718303e-05
0.143500,1.7094975e-06,-6.40086253e-06
0.143750,8.98737457e-05,1.7101339e-05
0.144000,8.33153276e-05,-6.65149602e-06
0.144250,6.77724366e-06,-4.5810875e-05
0.144500,-6.17203358e-05,-5.39226766e-05
0.144750,-6.26657587e-05,-3.06904073e-05
0.145000,1.64281329e-05,2.98758166e-05
0.145250,0.000100708176,8.10967086e-05
0.145500,5.93224319e-05,3.79220826e-05
0.145750,-8.90315016e-05,-4.23393276e-05
0.146000,-0.00012958283,-2.77576456e-05
0.146250,2.10888769e-06,3.64864039e-05
0.146500,8.84388671e-05,1.7416286e-05
0.146750,3.18923731e-05,-4.69654164e-05
0.147000,-7.37973642e-06,-3.12833474e-05
0.147250,1.52069652e-05,4.11081454e-05
0.147500,-1.73416993e-05,4.83483536e-05
0.147750,-6.89163286e-05,-1.26427683e-05
0.148000,-2.4578338e-05,-2.56160075e-05
0.148250,3.81570399e-05,2.97387579e-05
0.148500,-5.68901876e-07,3.42679185e-05
0.148750,-5.44257124e-05,-4.41546613e-05
0.149000,-1.15952911e-06,-8.31459401e-05
0.149250,8.12717579e-05,-2.48030809e-05
0.149500,7.14564055e-05,5.16235068e-05
0.149750,1.63997944e-05,7.05566155e-05
0.150000,3.67863107e-06,1.32127252e-05
0.150250,1.10066554e-05,-6.1654547e-05
0.150500,-9.23285966e-07,-3.55465769e-05
0.150750,-3.12152341e-05,5.26583266e-05
0.151000,-8.01705744e-05,1.41080172e-05
0.151250,-0.00010138846,-0.000104487661
0.151500,-2.88509895e-05,-6.04266273e-05
0.151750,7.33088952e-05,0.000106761439
0.152000,8.01684355e-05,0.000141508209
0.152250,1.50386185e-05,2.70323568e-05
0.152500,-9.95742864e-06,-6.06697494e-05
0.152750,1.81002116e-05,-6.82552418e-05
0.153000,3.95270092e-05,-5.09284539e-05
0.153250,2.46264883e-05,-2.42584986e-05
0.153500,-3.07382218e-05,2.00083413e-05
0.153750,-9.61442502e-05,6.00090662e-05
0.154000,-9.35553295e-05,6.22199296e-05
0.154250,-2.28503718e-06,7.8672703e-06
0.154500,8.19696585e-05,-7.21554844e-05
0.154750,7.74798553e-05,-7.82571593e-05
0.155000,2.18017835e-05,2.51419239e-05
0.155250,-5.19796429e-06,9.87207874e-05
0.155500,4.66944428e-06,3.2100903e-05
0.155750,-5.98257147e-06,-6.79912487e-05
0.156000,-4.88858573e-05,-6.62135748e-05
0.156250,-5.39937674e-05,1.11125413e-05
0.156500,2.30184344e-07,5.88482125e-05
0.156750,3.32034015e-05,2.0197112e-05
0.157000,1.01778379e-05,-5.24922828e-05
0.157250,-4.44765745e-06,-5.23349858e-05
0.157500,2.50592162e-05,1.39225928e-05
0.157750,5.9317052e-05,3.95700034e-05
0.158000,4.29378047e-05,8.97955462e-06
0.158250,-3.90560335e-05,-6.99798234e-06
0.158500,-0.000105084835,6.75525154e-06
0.158750,-5.87148249e-05,1.51127033e-05
0.159000,2.7723659e-05,5.59313909e-06
0.159250,2.11777166e-05,-1.19791191e-05
0.159500,-8.13251255e-06,-2.09449401e-05
0.159750,6.04099796e-05,-6.10069218e-07
0.160000,0.000109774585,3.64173877e-05
0.160250,2.05459596e-06,3.3946973e-05
0.160500,-0.000118261563,-1.27102443e-05
0.160750,-6.94859353e-05,-2.56110643e-05
0.161000,4.05484907e-05,9.43569528e-06
0.161250,2.30745639e-05,5.35321332e-06
0.161500,-5.37978365e-05,-5.19255574e-05
0.161750,-1.54720103e-05,-6.75319102e-05
0.162000,8.25934276e-05,-4.64582909e-06
0.162250,6.15263108e-05,6.22594386e-05
0.162500,-4.73751266e-05,6.38282085e-05
0.162750,-6.40734039e-05,1.45415244e-05
0.163000,2.65233013e-05,-2.55233276e-05
0.163250,7.51735111e-05,-2.27253601e-05
0.163500,2.58813009e-05,-4.53954059e-07
0.163750,-3.60735945e-05,-4.43919388e-06
0.164000,-5.48206294e-05,-2.22533144e-05
0.164250,-4.51387028e-05,5.62346318e-06
0.164500,-8.68639666e-06,5.25824017e-05
0.164750,3.67743504e-05,2.82232823e-05
0.165000,2.89915503e-05,-3.6508532e-05
0.165250,-2.05032365e-05,-3.86950083e-05
0.165500,-2.0423063e-05,6.92132894e-07
0.165750,2.38855446e-05,1.04888991e-05
0.166000,1.6472375e-05,1.45974772e-05
0.166250,-3.41163667e-05,3.19439056e-05
0.166500,-2.60658663e-05,6.38130215e-06
0.166750,4.63852104e-05,-5.59145238e-05
0.167000,8.14333858e-05,-5.86634718e-05
0.167250,2.76461828e-05,1.00177424e-05
0.167500,-5.06302241e-05,4.41531119e-05
0.167750,-6.49100582e-05,7.98360676e-06
0.168000,-1.59724367e-05,-1.51654027e-05
0.168250,1.61000215e-05,6.31428141e-06
0.168500,-4.45085283e-06,1.56675148e-05
0.168750,-1.7377635e-05,-1.07486728e-06
0.169000,2.05849162e-05,-1.08930931e-05
0.169250,4.42284537e-05,-5.04023197e-06
0.169500,-7.7910558e-06,2.12984112e-05
0.169750,-5.79523241e-05,5.72111875e-05
0.170000,-1.32387259e-05,4.04176463e-05
0.170250,5.3430555e-05,-4.44962322e-05
0.170500,3.404202e-05,-9.75951593e-05
0.170750,-1.50937485e-05,-4.5361899e-05
0.171000,-5.45924572e-06,3.49321489e-05
0.171250,1.06123183e-05,3.63401194e-05
0.171500,-2.60432671e-05,-5.11470259e-06
0.171750,-5.03549638e-05,9.46849052e-06
0.172000,-3.40545344e-06,4.53906245e-05
0.172250,5.01611277e-05,8.1107263e-06
0.172500,2.71218405e-05,-4.93678242e-05
0.172750,-3.29308541e-05,-2.74734757e-05
0.173000,-2.84549522e-05,1.98813684e-05
0.173250,2.90987088e-05,1.53706046e-05
0.173500,3.98637552e-05,6.62102651e-06
0.173750,1.77050246e-06,1.77618901e-05
0.174000,-9.10671038e-06,-2.50808993e-06
0.174250,-1.5522215e-06,-2.62020631e-05
0.174500,-2.0931436e-05,-2.56623688e-06
0.174750,-3.149459e-05,4.55024587e-06
0.175000,-2.77414048e-06,-3.4175827e-05
0.175250,2.08051579e-05,-2.05226565e-05
0.175500,1.35978096e-05,5.37177456e-05
0.175750,-5.77679242e-06,5.896491e-05
0.176000,-2.12022146e-05,-2.32264127e-05
0.176250,-5.88800422e-06,-6.71974718e-05
0.176500,3.73157679e-05,-2.55694791e-05
0.176750,4.08107034e-05,2.65943289e-05
0.177000,-4.10476956e-06,3.90341892e-05
0.177250,-2.44268078e-05,3.21463121e-05
0.177500,-2.29924219e-05,1.77092197e-05
0.177750,-4.27561291e-05,-2.11538054e-05
0.178000,-3.18402797e-05,-5.7879187e-05
0.178250,3.4969624e-05,-3.43510688e-05
0.178500,6.40842407e-05,2.30649416e-05
0.178750,1.91167279e-05,2.55019645e-05
0.179000,-1.98890702e-05,-2.18648367e-05
0.179250,-1.14266533e-05,-2.51098946e-05
0.179500,9.7613689e-06,3.35419683e-05
0.179750,1.01680963e-05,6.35514317e-05
0.180000,-1.50580415e-05,1.66700567e-05
0.180250,-3.45326357e-05,-3.47724898e-05
0.180500,-1.16542002e-05,-2.26862534e-05
0.180750,2.49493938e-05,1.4181996e-05
0.181000,1.74716665e-05,1.70431842e-05
0.181250,-1.76132364e-05,-1.36555395e-05
0.181500,-1.89426856e-05,-4.9941897e-05
0.181750,1.11391098e-05,-5.1080987e-05
0.182000,2.2082176e-05,4.672428e-06
0.182250,6.99436975e-06,6.00193501e-05
0.182500,-5.9191943e-06,4.76678734e-05
0.182750,-1.01405768e-05,-2.88437274e-06
0.183000,-7.23682233e-06,-1.81797557e-05
0.183250,9.76587275e-08,1.26097599e-05
0.183500,-6.9610783e-06,3.66717473e-05
0.183750,-1.40740196e-05,9.27562786e-06
0.184000,1.60893318e-05,-5.19844852e-05
0.184250,4.41061456e-05,-7.97154636e-05
0.184500,1.26989078e-05,-2.80675018e-05
0.184750,-2.64733422e-05,5.52224573e-05
0.185000,-1.14958194e-05,6.64642058e-05
0.185250,1.30499516e-05,7.31780011e-07
0.185500,1.61861174e-06,-3.3699237e-05
0.185750,-1.34815286e-05,-5.26824867e-06
0.186000,-1.13878844e-05,9.43333523e-06
0.186250,-1.98844783e-05,-8.79957127e-06
0.186500,-3.2693884e-05,-1.62991004e-05
0.186750,-2.79793266e-06,-1.15877783e-05
0.187000,4.70789312e-05,-6.99234791e-06
0.187250,3.53951571e-05,1.34607933e-05
0.187500,-1.74534496e-05,4.56233324e-05
0.187750,-8.39940284e-06,5.03769037e-05
0.188000,4.88577457e-05,4.5625263e-06
0.188250,4.32521682e-05,-5.67567051e-05
0.188500,-2.58871575e-05,-6.36010473e-05
0.188750,-5.7982839e-05,-1.80264864e-06
0.189000,-3.61049254e-05,5.32455648e-05
0.189250,-2.68626767e-05,3.82713273e-05
0.189500,-3.21315881e-05,-1.88559365e-05
0.189750,5.01214061e-06,-5.60484614e-05
0.190000,7.1624102e-05,-4.18416534e-05
0.190250,8.32618723e-05,1.76239266e-05
0.190500,1.09200649e-05,6.9973749e-05
0.190750,-6.17722408e-05,5.60365769e-05
0.191000,-4.6999051e-05,-5.31835807e-06
0.191250,1.57390986e-05,-4.28888583e-05
0.191500,2.62543532e-05,-3.66005014e-05
0.191750,-9.67369249e-06,-1.6212071e-05
0.192000,-1.38591024e-05,3.54170506e-06
0.192250,1.12226486e-05,1.75211306e-05
0.192500,5.60081612e-06,1.01626765e-05
0.192750,-2.06769467e-05,-6.40273158e-06
0.193000,-5.44773797e-06,6.86523335e-06
0.193250,3.93903207e-05,3.68584433e-05
0.193500,2.85137657e-05,2.19435009e-05
0.193750,-3.79875859e-05,-3.09265472e-05
0.194000,-4.45271824e-05,-4.18785175e-05
0.194250,3.1242154e-05,-2.96998062e-06
0.194500,5.10371122e-05,4.75855662e-06
0.194750,-3.66830696e-05,-2.748856e-05
0.195000,-8.87302757e-05,-1.63840337e-05
0.195250,-1.42946177e-05,3.84903284e-05
0.195500,7.77565429e-05,4.3937084e-05
0.195750,7.01238138e-05,-8.65025447e-06
0.196000,1.64783266e-06,-3.71188432e-05
0.196250,-3.09564185e-05,-1.171319e-05
0.196500,-1.62540378e-05,2.43918172e-05
0.196750,-7.93814313e-06,2.49690748e-05
0.197000,-2.16567538e-05,-4.38430735e-06
0.197250,-2.10018452e-05,-1.00290541e-05
0.197500,6.91927166e-06,9.93729912e-06
0.197750,3.08418362e-05,-1.32606994e-06
0.198000,2.95487462e-05,-2.22129571e-05
0.198250,1.05672972e-05,6.87727053e-06
0.198500,-8.17583127e-06,3.09706303e-05
0.198750,-8.82417361e-06,-1.33201678e-05
0.199000,-1.09427712e-06,-4.96884872e-05
0.199250,-1.74631408e-05,-4.61644587e-06
0.199500,-4.5570509e-05,5.20410056e-05
0.199750,-3.62931844e-05,3.1083845e-05
0.200000,9.01084894e-06,-3.62482784e-05
0.200250,4.65049827e-05,-5.41245892e-05
0.200500,5.42744364e-05,2.86085669e-06
0.200750,2.91399884e-05,5.59549132e-05
0.201000,-1.4042828e-05,3.05887669e-05
0.201250,-3.23667402e-05,-3.22499264e-05
0.201500,-1.20935243e-05,-3.19694547e-05
0.201750,5.31092627e-06,3.21877429e-05
0.202000,-3.84407278e-06,4.89022046e-05
0.202250,-8.62432076e-06,-2.63786207e-05
0.202500,1.15515724e-05,-8.39575437e-05
0.202750,1.80810362e-05,-2.84472633e-05
0.203000,-1.8241976e-05,6.25729822e-05
0.203250,-4.21216031e-05,5.96560685e-05
0.203500,-2.15108271e-06,-1.6938145e-05
0.203750,4.43524046e-05,-4.38804646e-05
0.204000,2.86163648e-05,5.10282612e-06
0.204250,-1.8874104e-05,3.40897621e-05
0.204500,-3.98434518e-05,-5.54452297e-06
0.204750,-2.12899511e-05,-4.06723133e-05
0.205000,2.57345481e-05,-1.24004328e-05
0.205250,6.16198824e-05,2.650495e-05
0.205500,3.18048224e-05,2.03420034e-05
0.205750,-3.89322804e-05,-1.89663172e-06
0.206000,-5.40778953e-05,-8.73005175e-06
0.206250,-3.39607553e-06,-7.44405253e-06
0.206500,2.07954546e-05,5.75043323e-06
0.206750,-1.57613017e-06,2.08217558e-05
0.207000,-5.42500862e-06,5.21979795e-06
0.207250,3.84298245e-06,-1.67245992e-05
0.207500,-1.92706333e-05,-2.26433422e-06
0.207750,-3.10338791e-05,8.16722813e-06
0.208000,2.03873275e-05,-2.50024108e-05
0.208250,7.3064522e-05,-4.14851277e-05
0.208500,4.4583132e-05,1.51354041e-06
0.208750,-3.03925173e-05,3.67743231e-05
0.209000,-5.04690416e-05,1.72811932e-05
0.209250,-4.16135087e-06,2.2072341e-06
0.209500,1.58173076e-05,2.6520893e-05
0.209750,-2.31835494e-05,2.88465453e-05
0.210000,-3.85603946e-05,-1.61610339e-05
0.210250,6.06356005e-06,-4.14419259e-05
0.210500,3.66602136e-05,-1.49432232e-05
0.210750,1.42303113e-05,1.43034315e-05
0.211000,-7.03790779e-06,1.2592977e-05
0.211250,6.97798967e-06,-5.50939583e-06
0.211500,1.97591198e-05,-2.40269547e-05
0.211750,3.1556137e-06,-3.09678108e-05
0.212000,-1.59371018e-05,-5.80906301e-06
0.212250,-1.35709883e-05,4.24294815e-05
0.212500,-8.59997978e-06,5.60960865e-05
0.212750,-1.04018951e-05,9.98466263e-06
0.213000,9.46047998e-07,-3.67025669e-05
0.213250,1.90429219e-05,-3.98404471e-05
0.213500,1.58443104e-05,-2.82994767e-05
0.213750,-4.5823223e-06,-9.57920225e-06
0.214000,-1.95718971e-05,3.59574486e-05
0.214250,-1.85687342e-05,6.07172499e-05
0.214500,1.72434436e-06,1.67310262e-05
0.214750,2.71010046e-05,-3.59113922e-05
0.215000,2.66727709e-05,-2.88111827e-05
0.215250,-6.276259e-06,3.08524485e-06
0.215500,-3.88509844e-05,4.67156168e-06
0.215750,-2.75205661e-05,-1.05615971e-05
0.216000,3.06992402e-05,-1.01308925e-05
0.216250,6.46762808e-05,2.12150894e-06
0.216500,1.14083483e-05,7.57819879e-06
0.216750,-6.47658935e-05,3.9819364e-06
0.217000,-5.56587742e-05,4.62781314e-06
0.217250,1.28312897e-05,1.33432645e-05
0.217500,3.62479371e-05,1.02182164e-05
0.217750,9.00133119e-06,-8.99841766e-06
0.218000,-2.47707408e-06,-8.1257292e-06
0.218250,6.39070118e-06,2.15721224e-05
0.218500,4.50644989e-07,2.73857533e-05
0.218750,-6.65489316e-06,-1.32189699e-05
0.219000,7.43457462e-06,-4.44878387e-05
0.219250,1.08642114e-05,-2.09458324e-05
0.219500,-1.57670523e-05,2.12684626e-05
0.219750,-2.61767325e-05,1.65066828e-05
0.220000,3.4070253e-06,-2.90591649e-05
0.220250,2.55215215e-05,-3.54633243e-05
0.220500,1.33016116e-05,2.14020905e-05
0.220750,-8.32553613e-07,5.56202563e-05
0.221000,-9.25862297e-07,1.136504e-05
0.221250,-6.74250784e-06,-4.1637861e-05
0.221500,-1.99235704e-05,-2.58618465e-05
0.221750,-1.89726012e-05,2.37447419e-05
0.222000,4.31617651e-06,3.02822275e-05
0.222250,2.82907783e-05,-2.04850971e-06
0.222500,1.82810018e-05,-1.61962491e-05
0.222750,-2.10556416e-05,-5.86793303e-06
0.223000,-3.10344209e-05,-1.96433221e-06
0.223250,1.37089268e-05,-1.71870076e-06
0.223500,4.64873348e-05,1.05537645e-05
0.223750,7.19656515e-06,2.13169176e-05
0.224000,-4.77107419e-05,9.74017488e-06
0.224250,-2.68877642e-05,-2.1891248e-05
0.224500,3.71861887e-05,-4.34517604e-05
0.224750,3.55059741e-05,-2.54285e-05
0.225000,-2.61576513e-05,1.46141819e-05
0.225250,-3.93045767e-05,3.26372024e-05
0.225500,8.22369977e-06,2.35182915e-05
0.225750,2.33982698e-05,1.14488433e-05
0.226000,-3.7762762e-06,1.63975739e-06
0.226250,3.5894804e-06,-1.03915106e-05
0.226500,3.0724628e-05,-1.49805621e-05
0.226750,-2.84066612e-06,-5.40999163e-06
0.227000,-5.8067437e-05,2.01197713e-06
0.227250,-3.35880444e-05,-6.75277406e-06
0.227500,3.6503148e-05,-8.88048003e-06
0.227750,4.48863785e-05,1.45500035e-05
0.228000,2.96565858e-07,2.55117364e-05
0.228250,-1.34521566e-05,-1.741434e-06
0.228500,9.95039969e-06,-1.62833579e-05
0.228750,1.37280615e-05,7.67282368e-06
0.229000,-1.45355435e-05,9.8424446e-06
0.229250,-3.52325024e-05,-2.68236532e-05
0.229500,-1.94266484e-05,-3.16048112e-05
0.229750,2.2906026e-05,6.84415889e-06
0.230000,4.59738598e-05,1.88629023e-05
0.230250,8.6888804e-06,1.39954606e-06
0.230500,-5.06346227e-05,7.07948875e-06
0.230750,-4.62169042e-05,1.69145698e-05
0.231000,1.61687216e-05,-3.38253218e-06
0.231250,4.63302464e-05,-1.02183698e-05
0.231500,2.11183529e-05,1.62514251e-05
0.231750,-4.29118174e-06,1.64229017e-05
0.232000,-6.85867477e-06,-2.251292e-05
0.232250,-3.24338979e-06,-4.08972457e-05
0.232500,1.4961175e-06,-2.1817751e-05
0.232750,3.1637303e-06,3.24464639e-06
0.233000,-9.92638273e-06,2.30874933e-05
0.233250,-2.62897132e-05,3.26964729e-05
0.233500,-1.81799141e-05,2.10330224e-05
0.233750,1.00869372e-05,2.76656634e-06
0.234000,2.19670631e-05,-4.87883826e-06
0.234250,9.19195555e-06,-9.6646517e-06
0.234500,2.88381515e-06,-1.31449471e-05
0.234750,8.41962421e-06,-1.07041624e-05
0.235000,1.6983821e-07,-1.09606219e-05
0.235250,-1.26010229e-05,-9.66023801e-06
0.235500,-5.23212622e-06,4.17666335e-06
0.235750,1.5472538e-06,1.62348861e-05
0.236000,-7.8709504e-06,1.61387578e-05
0.236250,-3.74575178e-06,1.29113391e-05
0.236500,1.43802072e-05,2.52186819e-06
0.236750,1.10820458e-05,-1.58867229e-05
0.237000,-5.52231352e-06,-1.66400474e-05
0.237250,-7.37477409e-06,7.77759228e-06
0.237500,-3.84619975e-06,2.27146276e-05
0.237750,-3.35659776e-06,2.26984967e-06
0.238000,5.18867208e-06,-2.85456333e-05
0.238250,1.32600179e-05,-2.67963102e-05
0.238500,4.02045878e-06,4.5288383e-06
0.238750,-1.25895225e-05,2.37438583e-05
0.239000,-1.49211454e-05,1.8539812e-05
0.239250,-1.6809284e-06,8.57727747e-06
0.239500,8.52561387e-06,-4.66217081e-06
0.239750,6.66113934e-06,-2.38249808e-05
0.240000,2.69131778e-06,-2.75642324e-05
0.240250,1.07866622e-06,-9.21456636e-06
0.240500,-1.48096625e-06,6.23676508e-06
0.240750,-8.51301697e-08,8.04074298e-06
0.241000,4.84527658e-06,1.31379916e-05
0.241250,2.34181043e-06,2.85587572e-05
0.241500,-7.60363265e-06,3.31238488e-05
0.241750,-1.63846733e-05,6.41893817e-06
0.242000,-1.69366081e-05,-3.17872462e-05
0.242250,-2.29427601e-07,-3.88747428e-05
0.242500,2.46786783e-05,-1.29165467e-05
0.242750,2.6701215e-05,5.15847915e-06
0.243000,5.5024422e-06,4.1717332e-07
0.243250,-2.49525853e-06,2.60796703e-06
0.243500,4.43439039e-06,2.30311597e-05
0.243750,-1.01575e-05,2.39079292e-05
0.244000,-4.00836849e-05,-1.37410271e-05
0.244250,-3.35327668e-05,-3.78156712e-05
0.244500,1.62637153e-05,-3.49689443e-06
0.244750,4.78953537e-05,4.35153724e-05
0.245000,2.19401893e-05,3.77964814e-05
0.245250,-1.94798306e-05,-6.82079902e-06
0.245500,-1.98510355e-05,-3.52589996e-05
0.245750,7.50812161e-06,-3.05919652e-05
0.246000,1.32809129e-05,-1.0954836e-05
0.246250,-4.36283042e-06,9.52552527e-06
0.246500,-1.02670825e-05,2.64298521e-05
0.246750,-2.15313691e-07,2.48837351e-05
0.247000,2.96873969e-06,-9.16516649e-06
0.247250,-6.74995446e-07,-4.09544396e-05
0.247500,1.52088907e-06,-1.70332997e-05
0.247750,2.49841052e-06,3.30158172e-05
0.248000,-2.35455887e-06,3.17266934e-05
0.248250,-1.44380521e-06,-1.09597033e-05
0.248500,3.16811534e-06,-2.86506709e-05
0.248750,6.04366626e-07,-1.63198582e-05
0.249000,-2.11285945e-06,-1.74219967e-06
0.249250,1.16175414e-06,1.35281951e-05
0.249500,5.4468015e-07,2.3804669e-05
0.249750,-6.94587819e-06,1.70568444e-05
0.250000,-1.05177634e-05,-6.52970207e-07
0.250250,-4.82156049e-07,-1.93290122e-05
0.250500,1.84352085e-05,-2.2744811e-05
0.250750,2.01339232e-05,1.49915376e-06
0.251000,-9.43592758e-06,1.84961426e-05
0.251250,-3.21563243e-05,-5.34594144e-06
0.251500,-8.97256637e-06,-2.33518727e-05
0.251750,2.81118603e-05,9.96688339e-06
0.252000,2.73185303e-05,4.04184954e-05
0.252250,-9.94839171e-07,1.41470872e-05
0.252500,-1.96590071e-05,-2.08864141e-05
0.252750,-2.36812858e-05,-1.5585864e-05
0.253000,-1.74749061e-05,-3.68785439e-06
0.253250,4.1900206e-06,-1.27517371e-05
0.253500,2.81880091e-05,-1.37947605e-05
0.253750,2.79775537e-05,7.13406024e-06
0.254000,2.59580144e-06,2.70689835e-05
0.254250,-2.26335651e-05,2.79328082e-05
0.254500,-2.71243583e-05,5.78039809e-06
0.254750,-9.13037007e-06,-2.49792657e-05
0.255000,1.67662504e-05,-2.98494323e-05
0.255250,2.79545142e-05,5.93767335e-07
0.255500,1.44684597e-05,2.70961279e-05
0.255750,-7.60509292e-06,1.37273985e-05
0.256000,-1.57107407e-05,-2.46619544e-05
0.256250,-7.52064654e-06,-4.01633884e-05
0.256500,3.55930836e-06,-5.91215179e-06
0.256750,8.40234275e-06,4.33683973e-05
0.257000,3.13439396e-06,4.26950841e-05
0.257250,-1.51905621e-05,-1.07925011e-05
0.257500,-3.13051307e-05,-4.28114328e-05
0.257750,-1.39809887e-05,-1.23781783e-05
0.258000,2.94644077e-05,2.66740321e-05
0.258250,4.28016094e-05,1.5986641e-05
0.258500,7.92335005e-06,-1.94482599e-05
0.258750,-2.317677e-05,-2.18299086e-05
0.259000,-1.7947884e-05,6.70966612e-06
0.259250,-1.68745355e-06,1.63314737e-05
0.259500,4.86238656e-06,-4.26542302e-06
0.259750,6.82100603e-06,-1.23126056e-05
0.260000,5.59213707e-06,1.19409489e-05
0.260250,-8.09830827e-07,2.90777751e-05
0.260500,-6.24051267e-06,6.37256369e-06
0.260750,-2.82389933e-06,-2.76548685e-05
0.261000,6.04611362e-06,-2.83198164e-05
0.261250,2.66311716e-06,1.65683022e-06
0.261500,-1.61806545e-05,2.44741533e-05
0.261750,-2.07696784e-05,1.79629423e-05
0.262000,6.10526888e-06,-4.86332434e-06
0.262250,3.45102273e-05,-1.60752349e-05
0.262500,2.85004672e-05,-6.62082212e-06
0.262750,-9.83736545e-06,7.60172266e-06
0.263000,-4.34967473e-05,1.23503095e-05
0.263250,-3.13988139e-05,6.69916206e-06
0.263500,2.04920558e-05,-4.94051866e-06
0.263750,4.99647242e-05,-1.24228568e-05
0.264000,2.22904959e-05,-7.13679074e-06
0.264250,-1.9053129e-05,4.08541649e-06
0.264500,-2.74897362e-05,9.20986259e-06
0.264750,-1.37333361e-05,6.18445315e-06
0.265000,-2.32558808e-06,-1.85281507e-06
0.265250,4.40076809e-06,-1.11035507e-05
0.265500,7.3118557e-06,-1.43568281e-05
0.265750,3.39103773e-06,-5.42896689e-06
0.266000,-1.24753981e-06,1.12514242e-05
0.266250,4.01769011e-06,1.84233324e-05
0.266500,1.29669019e-05,3.26204948e-06
0.266750,5.62008346e-06,-1.8333554e-05
0.267000,-1.35317249e-05,-1.63647802e-05
0.267250,-1.52944063e-05,6.91600958e-06
0.267500,1.27820316e-06,1.80198945e-05
0.267750,7.89700218e-06,3.377679e-06
0.268000,-2.32745009e-07,-1.52030034e-05
0.268250,-4.52268737e-06,-1.25904483e-05
0.268500,-1.08897386e-06,1.15404522e-05
0.268750,1.46680023e-07,2.80464767e-05
0.269000,-1.96019274e-06,1.19545132e-05
0.269250,-2.65219946e-10,-1.62807571e-05
0.269500,6.31946214e-06,-2.07072827e-05
0.269750,9.19482579e-06,-6.56531724e-06
0.270000,4.94576477e-06,5.0276423e-07
0.270250,-4.24658187e-06,7.78139709e-07
0.270500,-1.1724122e-05,6.53828684e-06
0.270750,-8.48535772e-06,1.21503392e-05
0.271000,2.0612204e-07,3.98611257e-06
0.271250,4.62261111e-07,-9.94841511e-06
0.271500,5.88034595e-07,-4.13976019e-06
0.271750,1.22816202e-05,1.742625e-05
0.272000,1.43084794e-05,1.68841564e-05
0.272250,-5.91508302e-06,-1.13887954e-05
0.272500,-1.56190303e-05,-2.6700924e-05
0.272750,1.06757754e-06,-1.06230578e-05
0.273000,1.1282354e-05,1.02370667e-05
0.273250,1.52251039e-06,1.263467e-05
0.273500,-3.51342064e-06,3.67107168e-06
0.273750,1.18890415e-06,3.78862376e-07
0.274000,-2.01608687e-06,1.25256343e-06
0.274250,-1.09944502e-05,-8.86097214e-06
0.274500,-7.519144e-06,-2.25973432e-05
0.274750,7.38578244e-06,-1.2709901e-05
0.275000,1.06484391e-05,1.70389727e-05
0.275250,-1.2141217e-06,2.93845613e-05
0.275500,-2.18127978e-06,9.9489356e-06
0.275750,8.30287673e-06,-1.55385761e-05
0.276000,1.68994278e-06,-1.95812811e-05
0.276250,-1.51622283e-05,-2.15955147e-06
0.276500,-1.10319724e-05,1.38253909e-05
0.276750,7.95759663e-06,9.42476614e-06
0.277000,1.40719236e-05,-6.00804937e-06
0.277250,2.74943694e-06,-8.13317688e-06
0.277500,-9.56643982e-06,3.96546505e-06
0.277750,-6.96416746e-06,6.40942815e-06
0.278000,5.5216325e-06,-7.29916641e-06
0.278250,5.19089967e-06,-1.34166806e-05
0.278500,-8.80643953e-06,9.70773037e-07
0.278750,-8.98987752e-06,1.59804221e-05
0.279000,9.81372222e-06,1.17044436e-05
0.279250,1.56961906e-05,-4.33877115e-06
0.279500,-5.043542e-06,-1.12494495e-05
0.279750,-1.96078654e-05,-1.09771143e-06
0.280000,-3.62944818e-06,1.03198056e-05
0.280250,1.5576771e-05,3.77966644e-06
0.280500,1.02104113e-05,-1.02912906e-05
0.280750,-1.23780228e-08,-6.37634133e-06
0.281000,3.54016177e-06,1.02385076e-05
0.281250,1.21135619e-06,1.40570498e-05
0.281500,-1.41303843e-05,2.69546475e-06
0.281750,-1.59541299e-05,-9.0523934e-06
0.282000,2.57696839e-06,-1.21627615e-05
0.282250,1.52632053e-05,-3.9556025e-06
0.282500,1.0070856e-05,4.83285281e-06
0.282750,9.03281036e-07,-8.17038824e-07
0.283000,-4.50699987e-06,-9.56501805e-06
0.283250,-8.30692498e-06,-4.11728663e-06
0.283500,-4.92260361e-06,2.95551544e-06
0.283750,4.70680187e-06,2.08474014e-06
0.284000,4.65537535e-06,7.78122056e-06
0.284250,-4.42753976e-06,1.48165714e-05
0.284500,-4.57184749e-06,2.34973088e-06
0.284750,2.44531613e-06,-1.52264047e-05
0.285000,3.46322316e-06,-1.2284862e-05
0.285250,2.08178542e-06,-7.83913838e-07
0.285500,1.64932295e-06,1.43021595e-06
0.285750,-4.73632247e-06,5.63499513e-06
0.286000,-9.70857039e-06,1.51583275e-05
0.286250,-3.04490641e-07,6.14000121e-06
0.286500,1.05914725e-05,-2.01801068e-05
0.286750,5.14436443e-06,-1.99572536e-05
0.287000,-5.02985121e-06,1.73861725e-05
0.287250,-3.69274514e-06,3.40261283e-05
0.287500,1.19411202e-06,-1.59958331e-06
0.287750,4.51723174e-07,-3.40641629e-05
0.288000,-9.79565494e-08,-1.73689236e-05
0.288250,1.47086139e-06,1.04246118e-05
0.288500,-1.14885603e-06,9.27492345e-06
0.288750,-5.55747257e-06,2.59444394e-06
0.289000,-9.35175142e-07,1.21808806e-05
0.289250,9.47046366e-06,1.65924861e-05
0.289500,6.05580268e-06,3.85858481e-06
0.289750,-9.71999373e-06,-1.0235536e-05
0.290000,-8.09859624e-06,-1.88294188e-05
0.290250,1.2598581e-05,-1.86260935e-05
0.290500,1.60052151e-05,1.87186104e-06
0.290750,-3.08580875e-06,2.43729747e-05
0.291000,-9.94357536e-06,1.26224647e-05
0.291250,6.58133723e-07,-1.62386623e-05
0.291500,2.7489555e-07,-1.57097531e-05
0.291750,-1.27496255e-05,5.08073853e-06
0.292000,-1.33268073e-05,8.60409375e-06
0.292250,1.89705986e-06,2.02558925e-07
0.292500,1.36050733e-05,-1.23984294e-07
0.292750,1.21785101e-05,-2.9187065e-07
0.293000,2.18368176e-06,-6.93077207e-06
0.293250,-7.26257675e-06,-7.77837667e-06
0.293500,-4.81802807e-06,1.23201052e-06
0.293750,8.73670368e-06,9.41381796e-06
0.294000,1.1208005e-05,7.78238359e-06
0.294250,-8.684565e-06,-3.62196984e-06
0.294500,-2.28810363e-05,-1.12191359e-05
0.294750,-5.21652169e-06,-6.22902147e-07
0.295000,1.79556935e-05,1.40836418e-05
0.295250,8.78295299e-06,7.84738137e-06
0.295500,-1.45277708e-05,-9.26227641e-06
0.295750,-1.17089626e-05,-1.0296451e-05
0.296000,8.51973421e-06,1.89188185e-06
0.296250,1.27786e-05,7.48872384e-06
0.296500,3.14733958e-06,2.39289536e-06
0.296750,2.99118529e-07,-4.75397262e-06
0.297000,1.16560492e-06,-5.71823036e-06
0.297250,-5.57668211e-06,2.17894252e-06
0.297500,-1.03647068e-05,1.13095062e-05
0.297750,-1.31034065e-06,7.9693583e-06
0.298000,8.46157676e-06,-8.30600938e-06
0.298250,1.38800266e-06,-1.55673948e-05
0.298500,-9.25122995e-06,1.68531609e-06
0.298750,1.5897628e-06,2.1767914e-05
0.299000,2.18223829e-05,1.39060924e-05
0.299250,1.53294278e-05,-1.28287148e-05
0.299500,-1.54230809e-05,-2.32161041e-05
0.299750,-2.83707221e-05,-7.25007467e-06
0.300000,-6.76594849e-06,1.16969756e-05
0.300250,1.88928521e-05,1.15318527e-05
0.300500,1.76891601e-05,-3.70842479e-06
0.300750,-3.10203262e-06,-1.27107628e-05
0.301000,-1.38163432e-05,-6.20378022e-06
0.301250,-3.94858445e-06,2.564492e-06
0.301500,7.38966446e-06,3.78131345e-06
0.301750,4.26237193e-06,5.17018476e-06
0.302000,-4.42652737e-06,7.9520412e-06
0.302250,-5.61304714e-06,1.83284356e-06
0.302500,-1.44526493e-06,-7.89139524e-06
0.302750,1.72772913e-06,-6.29010622e-06
0.303000,3.30830788e-06,2.47204863e-06
0.303250,3.05839455e-06,5.65821163e-06
0.303500,7.61115623e-08,2.33666768e-06
0.303750,-4.72911034e-06,-4.4973589e-06
0.304000,-8.42309477e-06,-9.59773167e-06
0.304250,-4.3132809e-06,-3.23643731e-06
0.304500,8.43991491e-06,1.00617526e-05
0.304750,1.43771111e-05,1.31145302e-05
0.305000,2.99236168e-06,4.7206062e-06
0.305250,-1.04083997e-05,-4.36451493e-06
0.305500,-9.03038546e-06,-1.23490059e-05
0.305750,3.84596723e-07,-1.33756946e-05
0.306000,4.68749104e-06,4.05085833e-06
0.306250,3.09979819e-06,2.32414654e-05
0.306500,4.46485457e-08,1.2881438e-05
0.306750,-1.28975776e-06,-1.52663159e-05
0.307000,1.18863903e-06,-1.95955225e-05
0.307250,2.92126982e-06,3.50169447e-06
0.307500,-1.53446453e-06,1.89537057e-05
0.307750,-3.1212355e-06,9.31981233e-06
0.308000,7.40008231e-06,-8.29910233e-06
0.308250,1.42412324e-05,-1.38512445e-05
0.308500,-1.04781882e-08,-7.92556466e-06
0.308750,-1.94307611e-05,-8.88889953e-07
0.309000,-1.87754229e-05,4.10641858e-06
0.309250,-3.36457523e-07,5.9659457e-06
0.309500,1.69321294e-05,1.65966668e-06
0.309750,1.84258646e-05,-3.31300511e-06
0.310000,1.40097496e-06,-1.35212999e-06
0.310250,-1.6058868e-05,2.14845608e-06
0.310500,-1.21113674e-05,2.64026837e-07
0.310750,5.11714371e-06,-2.49054333e-06
0.311000,1.09448037e-05,-2.24074519e-06
0.311250,1.16930354e-06,-1.12925711e-06
0.311500,-9.69071013e-06,9.90057376e-07
0.311750,-8.59707575e-06,2.09200459e-06
0.312000,3.76930984e-06,-1.98433058e-06
0.312250,1.03666097e-05,-3.82366473e-06
0.312500,1.90518288e-06,4.65436643e-06
0.312750,-6.56267582e-06,1.22681898e-05
0.313000,-4.93838423e-06,6.67273787e-06
0.313250,-2.45132847e-06,-5.17192579e-06
0.313500,-5.47799805e-07,-1.20043922e-05
0.313750,7.3019278e-06,-1.00198265e-05
0.314000,1.21829894e-05,3.30787343e-07
0.314250,2.322162e-06,9.4686898e-06
0.314500,-1.25383951e-05,6.8232973e-06
0.314750,-1.26915669e-05,7.86809228e-07
0.315000,2.63537082e-06,4.50273124e-06
0.315250,1.2437216e-05,9.07397592e-06
0.315500,4.82540125e-06,-4.45742727e-07
0.315750,-5.55610259e-06,-1.53184608e-05
0.316000,-5.17930393e-06,-1.43893034e-05
0.316250,-8.42514506e-07,2.02368138e-06
0.316500,2.25601989e-06,1.11984129e-05
0.316750,7.02538269e-06,4.82875658e-06
0.317000,7.32364644e-06,3.519807e-08
0.317250,-4.96182641e-07,3.08673958e-06
0.317500,-4.61201192e-06,-3.93360709e-07
0.317750,-1.6700772e-06,-1.09423867e-05
0.318000,-2.72986395e-06,-1.17303028e-05
0.318250,-5.63511423e-06,8.68584999e-07
0.318500,3.75873636e-07,1.19291147e-05
0.318750,7.27307206e-06,8.16772295e-06
0.319000,1.98384678e-06,-4.99649351e-06
0.319250,-6.80423297e-06,-8.61900881e-06
0.319500,-5.39002933e-06,1.28662946e-07
0.319750,6.71876744e-07,2.10339693e-06
0.320000,2.04044152e-06,-6.34103759e-06
0.320250,2.80429365e-06,-4.78123672e-06
0.320500,4.43566125e-06,9.60766471e-06
0.320750,-8.22974859e-07,1.46858943e-05
0.321000,-8.52529197e-06,4.27063779e-06
0.321250,-5.17017891e-06,-6.13495124e-06
0.321500,4.27832835e-06,-9.69598633e-06
0.321750,4.73234703e-06,-7.86122013e-06
0.322000,-8.93162037e-07,1.26079044e-06
0.322250,-5.39811755e-07,9.56244132e-06
0.322500,3.72930177e-06,4.53790814e-06
0.322750,2.11765133e-06,-4.56896595e-06
0.323000,-4.21099243e-06,-1.17122945e-06
0.323250,-5.01947215e-06,7.64983857e-06
0.323500,1.05789655e-06,5.56064739e-06
0.323750,3.63806192e-06,-5.29720299e-06
0.324000,-2.35459319e-07,-1.10535401e-05
0.324250,-8.65987303e-07,-4.72905366e-06
0.324500,3.8013009e-06,8.1385661e-06
0.324750,3.32020241e-06,1.3397597e-05
0.325000,-3.46557221e-06,3.13926972e-06
0.325250,-3.00345487e-06,-1.08702318e-05
0.325500,8.3508138e-06,-1.1032306e-05
0.325750,1.20039833e-05,1.0247177e-06
0.326000,-4.93961341e-06,8.91838101e-06
0.326250,-2.07662142e-05,5.64059586e-06
0.326500,-7.75806288e-06,-2.34344392e-06
0.326750,1.62052194e-05,-7.85716436e-06
0.327000,1.2007472e-05,-8.26971478e-06
0.327250,-1.11884621e-05,-4.5319722e-06
0.327500,-1.25816341e-05,3.47296956e-07
0.327750,7.3150456e-06,5.1144387e-06
0.328000,1.41761006e-05,9.12405117e-06
0.328250,5.16465725e-07,7.26092008e-06
0.328500,-1.14106503e-05,-2.82017603e-06
0.328750,-8.32680602e-06,-9.96152861e-06
0.329000,1.38932519e-06,-4.3465984e-06
0.329250,4.17138093e-06,2.71762281e-06
0.329500,-4.23555124e-07,-4.49042399e-07
0.329750,-1.30573335e-06,-1.4587225e-06
0.330000,3.87527689e-06,8.2880615e-06
0.330250,3.73516775e-06,1.01175723e-05
0.330500,-4.36944762e-06,-5.13266494e-06
0.330750,-6.49646203e-06,-1.33034679e-05
0.331000,1.62133368e-06,1.36116917e-06
0.331250,4.87728104e-06,1.592015e-05
0.331500,-1.77843828e-06,6.49516482e-06
0.331750,-3.28310755e-06,-1.167521e-05
0.332000,4.88022461e-06,-1.1076625e-05
0.332250,6.96803983e-06,2.35413469e-06
0.332500,-2.38827976e-06,4.92685558e-06
0.332750,-7.23077555e-06,-1.65482891e-06
0.333000,-1.89667939e-07,2.3188271e-07
0.333250,4.63322445e-06,8.40391292e-06
0.333500,1.13689027e-07,7.38707002e-06
0.333750,-2.12776058e-06,-2.24849101e-06
0.334000,2.19682085e-06,-6.54160839e-06
0.334250,3.24150488e-06,-3.94759302e-06
0.334500,-6.56801332e-07,-4.97157279e-06
0.334750,-1.00016401e-06,-6.42216472e-06
0.335000,3.60098419e-06,3.04916219e-06
0.335250,5.28855872e-06,1.22418453e-05
0.335500,-1.0379177e-06,3.38180548e-06
0.335750,-9.05696041e-06,-1.079662e-05
0.336000,-7.28257973e-06,-9.42870794e-06
0.336250,3.11621594e-06,3.42085546e-07
0.336500,6.77091175e-06,3.80814513e-06
0.336750,-2.10099386e-06,3.51652789e-06
0.337000,-8.72175375e-06,4.47920794e-06
0.337250,-1.41587042e-06,2.70768884e-06
0.337500,8.79714982e-06,-3.7152819e-06
0.337750,6.19677534e-06,-7.60389814e-06
0.338000,-4.76743159e-06,-1.85655239e-06
0.338250,-7.69137878e-06,7.46846993e-06
0.338500,2.32368053e-07,7.01218879e-06
0.338750,5.3275534e-06,-2.31858757e-06
0.339000,1.49596537e-07,-6.29249622e-06
0.339250,-5.24050947e-06,-1.23019332e-06
0.339500,-1.85922655e-06,4.0158749e-06
0.339750,3.56612033e-06,5.19304135e-06
0.340000,2.11552408e-06,2.78299602e-06
0.340250,-2.8596836e-06,-2.13366551e-06
0.340500,-1.78529306e-06,-3.45535797e-06
0.340750,6.50160063e-06,3.70192404e-07
0.341000,9.74240199e-06,8.84673418e-07
0.341250,-8.81017341e-07,-1.66306466e-06
0.341500,-1.22295672e-05,4.80853393e-07
0.341750,-7.07625812e-06,2.31671729e-06
0.342000,6.44424206e-06,-1.35550378e-06
0.342250,8.79207465e-06,-2.09091325e-06
0.342500,7.07550946e-07,1.3158194e-06
0.342750,-3.76395131e-06,4.97017277e-07
0.343000,-1.34599559e-06,-1.78459566e-06
0.343250,1.86568525e-06,-3.99754893e-07
0.343500,2.0613863e-06,-4.15735625e-07
0.343750,-5.18070211e-07,-2.00959428e-06
0.344000,-2.33812695e-06,8.24685736e-07
0.344250,-1.21048526e-06,3.82488393e-06
0.344500,-8.18758004e-07,-1.00046553e-07
0.344750,-2.00892787e-06,-5.58997151e-06
0.345000,3.80887466e-07,-5.07044772e-06
0.345250,4.27687811e-06,-8.07353781e-07
0.345500,2.58497569e-06,3.22097412e-06
0.345750,-1.37905824e-06,6.46317548e-06
0.346000,-2.07069945e-06,5.70911057e-06
0.346250,-4.12842459e-06,-1.22962453e-06
0.346500,-7.68351755e-06,-8.06405898e-06
0.346750,-2.50503385e-06,-7.67915008e-06
0.347000,8.99992113e-06,-1.17118238e-06
0.347250,9.4342475e-06,5.45764471e-06
0.347500,-3.34082404e-06,7.13853142e-06
0.347750,-9.63139083e-06,4.06884811e-06
0.348000,6.39663501e-07,1.91237305e-06
0.348250,1.06025445e-05,2.38441091e-06
0.348500,2.26191332e-06,-3.28292889e-07
0.348750,-1.24802552e-05,-6.97915706e-06
0.349000,-7.85584958e-06,-8.01940819e-06
0.349250,1.15443876e-05,8.85048241e-07
0.349500,1.46090589e-05,8.3634002e-06
0.349750,-3.90421519e-06,3.60022646e-06
0.350000,-1.40958695e-05,-4.65617392e-06
0.350250,-2.64485632e-06,-2.18263289e-06
0.350500,8.21795009e-06,5.174043e-06
0.350750,4.18909322e-06,3.21337951e-06
0.351000,-8.0044474e-07,-4.0559994e-06
0.351250,1.57586574e-06,-4.97027692e-06
0.351500,3.96300062e-07,-1.74279607e-06
0.351750,-6.02962174e-06,-5.61796497e-07
0.352000,-4.27299451e-06,6.10589057e-07
0.352250,6.26135528e-06,2.51874214e-06
0.352500,9.30850037e-06,1.48984287e-06
0.352750,-1.57726988e-09,-1.28387194e-06
0.353000,-7.73148973e-06,-1.15296119e-06
0.353250,-6.14824027e-06,1.3775346e-06
0.353500,-1.77312327e-06,1.32170118e-06
0.353750,2.03471142e-06,-3.13645027e-06
0.354000,5.31317565e-06,-6.71500373e-06
0.354250,2.68816285e-06,-3.19765479e-06
0.354500,-4.81242432e-06,4.24594177e-06
0.354750,-6.29040263e-06,6.02040484e-06
0.355000,3.02805235e-07,9.3122457e-07
0.355250,5.08525932e-06,-2.31481765e-06
0.355500,2.84317062e-06,7.38904564e-07
0.355750,-1.50739145e-06,5.08048426e-06
0.356000,-3.15764933e-06,3.9942333e-06
0.356250,-3.01041548e-06,-3.39776864e-06
0.356500,-8.63360064e-07,-9.20919033e-06
0.356750,4.07881095e-06,-4.36244895e-06
0.357000,4.73410588e-06,7.24374115e-06
0.357250,-2.16059629e-06,1.18050155e-05
0.357500,-4.94559582e-06,4.64323047e-06
0.357750,1.20020319e-06,-5.06072746e-06
0.358000,4.70156157e-06,-8.06617462e-06
0.358250,2.18046115e-06,-4.44485141e-06
0.358500,1.07823272e-06,6.07192669e-07
0.358750,2.5928852e-07,3.55385479e-06
0.359000,-3.45022104e-06,2.93411575e-06
0.359250,-3.57698216e-06,-1.00966778e-06
0.359500,2.75045076e-06,-3.84267281e-06
0.359750,6.21371461e-06,-1.04097476e-06
0.360000,-3.7557676e-07,3.69596468e-06
0.360250,-8.94897033e-06,2.79608866e-06
0.360500,-5.38793888e-06,-2.55763438e-06
0.360750,8.42440656e-06,-3.70447843e-06
0.361000,1.34177429e-05,1.25485217e-06
0.361250,1.17188663e-06,3.94942341e-06
0.361500,-1.20186618e-05,-9.27015554e-07
0.361750,-9.64810237e-06,-6.73428336e-06
0.362000,1.2156189e-06,-4.71885929e-06
0.362250,4.4374471e-06,2.2609313e-06
0.362500,6.99262607e-07,4.0479884e-06
0.362750,4.35171613e-07,-1.44385702e-07
0.363000,1.71063485e-06,-1.15468686e-06
0.363250,-2.07272438e-06,2.65858373e-06
0.363500,-4.56080025e-06,3.0386139e-06
0.363750,3.05059016e-07,-1.1010448e-06
0.364000,3.87028186e-06,-2.13473698e-06
0.364250,8.06806748e-08,5.70307715e-07
0.364500,-3.24538794e-06,6.14519046e-07
0.364750,-7.89892021e-07,-1.82100057e-06
0.365000,2.76413222e-06,-5.33297912e-07
0.365250,3.07191162e-06,4.69851193e-06
0.365500,2.3286328e-08,6.83700478e-06
0.365750,-3.32095316e-06,2.3030885e-06
0.366000,-1.83073577e-06,-3.84741536e-06
0.366250,3.42139228e-06,-5.6281623e-06
0.366500,3.77956891e-06,-3.27023378e-06
0.366750,-2.21582087e-06,8.79928791e-08
0.367000,-3.93512764e-06,2.33943749e-06
0.367250,3.3192619e-06,1.46395119e-06
0.367500,7.51201361e-06,-1.81400657e-06
0.367750,-4.86476217e-07,-1.74925996e-06
0.368000,-8.04081522e-06,3.14626295e-06
0.368250,-1.66037272e-06,4.2664138e-06
0.368500,6.73804077e-06,-2.18404456e-06
0.368750,1.46556159e-06,-5.67282459e-06
0.369000,-6.81336405e-06,-4.61758093e-07
0.369250,-1.88412307e-06,3.17898895e-06
0.369500,7.56841336e-06,-4.58997882e-07
0.369750,5.20814643e-06,-3.19397488e-06
0.370000,-4.07866545e-06,-1.0506122e-06
0.370250,-5.76161922e-06,1.03665235e-06
0.370500,-1.45652949e-06,9.58068737e-07
0.370750,-1.4208937e-06,-3.2250355e-07
0.371000,-2.77285479e-06,-1.78773899e-06
0.371250,2.22305394e-06,-7.39442598e-07
0.371500,6.46408428e-06,1.79769759e-06
0.371750,-7.50032376e-08,8.20180889e-07
0.372000,-8.61544498e-06,-1.74450413e-06
0.372250,-4.40795951e-06,-3.50666793e-07
0.372500,7.06626862e-06,2.4114251e-06
0.372750,8.05087732e-06,2.57657464e-06
0.373000,-2.42595763e-06,2.12863416e-06
0.373250,-7.76164421e-06,1.19433176e-06
0.373500,-1.45584594e-06,-1.39646573e-06
0.373750,4.31113261e-06,-2.47482899e-06
0.374000,1.38434543e-06,-1.07319329e-06
0.374250,-2.62511006e-06,9.85840345e-07
0.374500,-7.66443839e-07,4.53035114e-06
0.374750,2.90239256e-06,5.98298351e-06
0.375000,3.11689184e-06,-8.98756728e-07
0.375250,7.21405698e-07,-8.94523953e-06
0.375500,-2.34748047e-07,-5.58863618e-06
0.375750,1.39772229e-06,3.9902355e-06
0.376000,1.17304142e-06,5.0360176e-06
0.376250,-2.14250021e-06,-1.83776776e-06
0.376500,-2.04719564e-06,-4.18104126e-06
0.376750,1.50460981e-06,8.45583443e-07
0.377000,5.99312231e-07,4.06855292e-06
0.377250,-2.38378731e-06,-3.54789091e-07
0.377500,3.39802299e-07,-6.14023442e-06
0.377750,3.86601153e-06,-3.76679443e-06
0.378000,1.1245758e-06,3.93342329e-06
0.378250,-2.99101028e-06,5.44336116e-06
0.378500,-2.73565788e-06,4.65606136e-07
0.378750,-9.75816166e-08,-2.23782914e-06
0.379000,1.28698435e-06,-2.96137411e-06
0.379250,-3.00836433e-08,-4.56427872e-06
0.379500,-2.30447325e-06,-1.7225826e-06
0.379750,-2.0995436e-06,4.44868827e-06
0.380000,-1.72518329e-07,4.07164438e-06
0.380250,3.34619795e-07,-1.05537615e-06
0.380500,4.0961987e-07,-7.73337529e-07
0.380750,1.16139247e-06,3.44217148e-06
0.381000,1.00559127e-07,3.0774168e-06
0.381250,-1.87788578e-06,-2.28050265e-06
0.381500,-6.65966172e-07,-5.58570544e-06
0.381750,1.53356233e-06,-1.90334912e-06
0.382000,-3.08560636e-07,4.47603419e-06
0.382250,-2.64413782e-06,5.24307064e-06
0.382500,9.94207846e-07,1.52687539e-06
0.382750,6.29121737e-06,1.32164375e-07
0.383000,4.00918193e-06,-6.08345753e-07
0.383250,-3.35942891e-06,-3.91033387e-06
0.383500,-4.99501532e-06,-3.91410213e-06
0.383750,2.31595168e-07,1.6709806e-06
0.384000,3.56307244e-06,4.51047908e-06
0.384250,1.86981814e-06,1.14596432e-06
0.384500,-3.96732036e-07,-2.08816016e-06
0.384750,-9.5256292e-07,-1.7224491e-06
0.385000,-2.37382305e-07,-6.93827079e-07
0.385250,1.76659468e-06,-1.16630905e-06
0.385500,2.37742414e-06,-1.36791903e-06
0.385750,-1.41599323e-06,2.83096252e-07
0.386000,-4.8690426e-06,1.24944667e-06
0.386250,-1.41977812e-06,1.19800781e-07
0.386500,4.1742753e-06,2.88406312e-07
0.386750,2.65542763e-06,1.03526595e-06
0.387000,-3.28225933e-06,-2.29058225e-06
0.387250,-4.00677956e-06,-5.02116689e-06
0.387500,6.72636515e-07,2.18402075e-07
0.387750,3.14263244e-06,5.93846862e-06
0.388000,9.52296513e-07,1.32664161e-06
0.388250,-1.66914406e-06,-6.0078337e-06
0.388500,-1.92151293e-06,-2.48614975e-06
0.388750,-1.36371919e-06,6.17989442e-06
0.389000,-1.59259725e-06,5.06930686e-06
0.389250,-1.41464659e-06,-2.99052414e-06
0.389500,6.60446773e-07,-3.92185931e-06
0.389750,3.31051899e-06,1.94973246e-06
0.390000,2.97842817e-06,3.0893918e-06
0.390250,-1.74127104e-06,-1.28275341e-06
0.390500,-5.83321829e-06,-1.97728953e-06
0.390750,-2.30665683e-06,1.95738e-06
0.391000,5.96057065e-06,2.66095845e-06
0.391250,7.22423387e-06,-5.10439424e-07
0.391500,-8.18771464e-07,-5.5347404e-07
0.391750,-5.85564306e-06,1.78266191e-06
0.392000,-9.19233009e-07,-1.96241167e-07
0.392250,4.84005474e-06,-3.47363348e-06
0.392500,2.59806771e-06,-6.0600468e-07
0.392750,-2.94210941e-06,4.07159092e-06
0.393000,-3.48655384e-06,2.16735873e-06
0.393250,1.24710742e-06,-2.91164681e-06
0.393500,6.0836102e-06,-3.51218713e-06
0.393750,5.63103738e-06,-9.32424968e-07
0.394000,-1.97657389e-06,1.19066671e-07
0.394250,-9.21683007e-06,-1.25511479e-08
0.394500,-5.31221846e-06,4.63448705e-07
0.394750,5.49934473e-06,5.22223763e-07
0.395000,6.91411599e-06,-1.20306536e-06
0.395250,-3.13073676e-06,-3.02252214e-06
0.395500,-8.34128393e-06,-1.64460639e-06
0.395750,-8.69829665e-07,2.03221382e-06
0.396000,7.22748914e-06,3.47119874e-06
0.396250,4.57042179e-06,2.36463783e-06
0.396500,-3.61430129e-06,1.06599813e-06
0.396750,-6.24651428e-06,-1.67499538e-06
0.397000,-2.21770494e-06,-4.86305081e-06
0.397250,1.31502262e-06,-3.24749852e-06
0.397500,9.73682617e-07,1.80157789e-06
0.397750,7.63602401e-08,3.4293196e-06
0.398000,7.16971438e-07,1.77440989e-06
0.398250,8.18221399e-07,1.95338681e-06
0.398500,-3.6444687e-07,2.91836174e-06
0.398750,-1.15055276e-06,-2.33781766e-07
0.399000,-1.03397697e-06,-4.63486004e-06
0.399250,3.25571616e-07,-2.61404322e-06
0.399500,3.44674982e-06,3.09904339e-06
0.399750,4.71879483e-06,3.1631118e-06
0.400000,2.93611046e-07,-8.05088064e-07
0.400250,-4.35974924e-06,-9.89723874e-07
0.400500,-1.8076435e-06,1.13937149e-06
0.400750,2.62134137e-06,1.13212386e-07
0.401000,8.53685415e-07,-2.5630767e-06
0.401250,-1.14708535e-06,-2.07930515e-06
0.401500,3.00312998e-06,2.02863408e-06
0.401750,4.80435554e-06,4.72150108e-06
0.402000,-1.13412757e-06,1.07732135e-06
0.402250,-4.99595855e-06,-5.96744758e-06
0.402500,-1.92579596e-06,-7.27306968e-06
0.402750,2.8243372e-07,-3.12229099e-08
0.403000,-2.47088876e-07,6.24954999e-06
0.403250,1.75855713e-06,2.51460425e-06
0.403500,3.11570107e-06,-4.84871701e-06
0.403750,-1.60249173e-06,-3.12624087e-06
0.404000,-5.7012352e-06,5.00902539e-06
0.404250,-1.73879472e-06,5.72377098e-06
0.404500,3.50516915e-06,-1.91333503e-06
0.404750,1.42639571e-06,-5.73367224e-06
0.405000,-2.80052072e-06,-1.82176396e-06
0.405250,-1.09426983e-06,2.31081865e-06
0.405500,2.25724518e-06,2.40706717e-06
0.405750,1.97062236e-07,8.43156631e-07
0.406000,-3.25706335e-06,-1.09482856e-06
0.406250,-2.33501949e-06,-3.18842187e-06
0.406500,1.27675834e-07,-1.69090369e-06
0.406750,1.33246352e-06,4.49961487e-06
0.407000,2.4660569e-06,6.90625653e-06
0.407250,2.15021141e-06,-9.52494618e-08
0.407500,-1.01445937e-08,-6.55581985e-06
0.407750,-2.28515799e-07,-2.46463248e-06
0.408000,9.0789384e-07,4.59752973e-06
0.408250,-6.38917803e-07,3.5274322e-06
0.408500,-2.27721983e-06,-1.99437365e-06
0.408750,4.83708146e-07,-3.12764888e-06
0.409000,3.73434684e-06,-2.8544444e-07
0.409250,1.82484079e-06,1.65222611e-06
0.409500,-1.84100957e-06,1.61445091e-06
0.409750,-1.24399384e-06,8.03193646e-07
0.410000,1.59504355e-06,-3.21531912e-07
0.410250,2.00525641e-06,-1.57259483e-06
0.410500,9.50305029e-07,-2.17745112e-06
0.410750,2.62536749e-07,-1.42767567e-06
0.411000,-1.06987942e-06,-3.49300429e-07
0.411250,-2.12107929e-06,-8.58772525e-07
0.411500,-9.6840038e-07,-2.00996283e-06
0.411750,4.9607978e-07,-4.34418173e-07
0.412000,2.02975033e-08,3.37912303e-06
0.412250,-8.12660336e-07,3.86581111e-06
0.412500,-4.59849113e-07,-5.05135207e-07
0.412750,-6.63316163e-07,-2.91165823e-06
0.413000,-2.15015624e-06,2.70713688e-07
0.413250,-1.75586969e-06,2.18570891e-06
0.413500,1.13550003e-06,-1.54652963e-06
0.413750,1.41762839e-06,-4.31209284e-06
0.414000,-1.67039856e-06,-1.17262724e-06
0.414250,-1.58218513e-06,3.41220243e-06
0.414500,1.93530948e-06,4.89435885e-06
0.414750,1.54607261e-06,2.96289381e-06
0.415000,-2.42438295e-06,-1.49055542e-06
0.415250,-2.89711174e-06,-4.41344636e-06
0.415500,4.54954978e-07,-1.62916565e-06
0.415750,3.0683216e-06,2.74891621e-06
0.416000,3.20007779e-06,2.28145347e-06
0.416250,7.49442932e-07,-9.46068921e-07
0.416500,-2.10266839e-06,-1.73983537e-06
0.416750,-8.81545118e-07,1.3914294e-07
0.417000,2.79585491e-06,2.46035179e-06
0.417250,2.123117e-06,2.81074365e-06
0.417500,-1.46434011e-06,-1.80527346e-07
0.417750,-3.73447909e-07,-3.4325817e-06
0.418000,3.09865446e-06,-2.87468663e-06
0.418250,9.18671215e-07,-2.02633737e-07
0.418500,-3.34943784e-06,2.63952603e-07
0.418750,-1.1930414e-06,-1.06118795e-06
0.419000,3.46739814e-06,-4.94800754e-07
0.419250,2.24075536e-06,1.9951892e-06
0.419500,-2.37339955e-06,2.24316411e-06
0.419750,-3.42054957e-06,-1.28193021e-06
0.420000,-5.27397712e-07,-4.09521138e-06
0.420250,2.15501116e-06,-1.73777199e-06
0.420500,1.4517678e-06,3.25346855e-06
0.420750,-1.71585379e-06,4.27879046e-06
0.421000,-3.1257335e-06,-2.33218231e-08
0.421250,-1.61347183e-06,-3.97206793e-06
0.421500,-4.15283456e-07,-3.17336163e-06
0.421750,-5.05858935e-07,2.54133483e-07
0.422000,2.40002392e-07,2.53489075e-06
0.422250,1.55076227e-06,3.15060805e-06
0.422500,1.14610851e-06,2.21323713e-06
0.422750,-8.14579597e-07,-1.14769671e-06
0.423000,-1.98803337e-06,-4.05209884e-06
0.423250,-1.1996275e-06,-1.38073913e-06
0.423500,6.00700689e-07,4.01100233e-06
0.423750,1.8877258e-06,3.62552645e-06
0.424000,1.93806593e-06,-1.57066337e-06
0.424250,8.82847365e-07,-2.66684873e-06
0.424500,-6.42220115e-07,8.15411429e-07
0.424750,-1.25543131e-06,1.92196812e-06
0.425000,1.65388961e-07,1.43694996e-08
0.425250,1.93220758e-06,-8.27468299e-07
0.425500,1.35296597e-06,-5.29793047e-07
0.425750,-2.21543352e-07,-3.06922042e-07
0.426000,4.44163206e-08,2.85183226e-07
0.426250,7.3979229e-07,2.27907519e-08
0.426500,1.86360041e-08,-1.68854372e-06
0.426750,-1.33810907e-07,-1.80938064e-06
0.427000,1.01214086e-06,3.94160328e-07
0.427250,8.63423438e-07,1.24025766e-06
0.427500,-9.81724588e-07,2.13861111e-08
0.427750,-1.79595032e-06,-1.39650831e-07
0.428000,-5.2674383e-07,4.50160091e-07
0.428250,8.48574953e-07,-8.32922026e-07
0.428500,6.61993697e-07,-1.80092237e-06
0.428750,-3.498848e-07,6.09301832e-07
0.429000,-8.50415532e-07,2.50008519e-06
0.429250,-8.50788331e-07,-1.54247114e-07
0.429500,-9.15225671e-07,-2.9201848e-06
0.429750,-1.04857566e-06,-1.30373419e-06
0.430000,-9.02682889e-07,1.27500044e-06
0.430250,-3.00990603e-07,1.41445117e-06
0.430500,3.84569384e-07,1.15819896e-06
0.430750,6.34688031e-07,1.45510521e-06
0.431000,5.23523741e-07,1.48505896e-07
0.431250,-3.62487194e-08,-1.85501675e-06
0.431500,-1.34420934e-06,-1.05769043e-06
0.431750,-1.56678959e-06,1.40998965e-06
0.432000,1.54671635e-06,1.19348945e-06
0.432250,4.6656609e-06,-7.34617175e-07
0.432500,2.03026718e-06,3.74104435e-07
0.432750,-3.79404776e-06,3.52361893e-06
0.433000,-4.41437048e-06,2.82578036e-06
0.433250,7.92402911e-07,-2.52370354e-06
0.433500,4.30996515e-06,-6.10032412e-06
0.433750,2.61994166e-06,-2.86777054e-06
0.434000,-4.08216477e-07,3.62285608e-06
0.434250,-8.52719255e-07,5.25670761e-06
0.434500,7.42923869e-07,3.69954873e-07
0.434750,1.75513536e-06,-4.07859654e-06
0.435000,9.47085929e-07,-3.20551784e-06
0.435250,-9.67815698e-07,-1.83431009e-08
0.435500,-2.51525326e-06,1.54503512e-06
0.435750,-2.5304945e-06,1.12452349e-06
0.436000,-6.97878048e-07,-6.63588163e-07
0.436250,1.93369262e-06,-1.99340122e-06
0.436500,2.70171099e-06,-2.88298805e-07
0.436750,1.32912557e-07,2.74300912e-06
0.437000,-2.61706256e-06,2.50292197e-06
0.437250,-1.79691541e-06,-1.18511012e-06
0.437500,5.7657799e-07,-3.75155266e-06
0.437750,3.75862737e-07,-1.91691645e-06
0.438000,-1.65326001e-06,2.12254113e-06
0.438250,-1.97066822e-06,2.63254894e-06
0.438500,1.31916757e-07,-1.35066986e-06
0.438750,2.17839901e-06,-3.04288799e-06
0.439000,1.63731592e-06,1.01955754e-06
0.439250,-1.33862512e-06,4.22146987e-06
0.439500,-3.4321633e-06,1.97694618e-06
0.439750,-1.24544113e-06,-2.85585918e-07
0.440000,3.7631743e-06,6.39906422e-07
0.440250,5.00343131e-06,-1.94368433e-07
0.440500,-4.0585056e-07,-3.13667388e-06
0.440750,-4.79878975e-06,-2.14407838e-06
0.441000,-6.72204688e-07,1.62056674e-06
0.441250,5.33236057e-06,1.81624498e-06
0.441500,2.73540615e-06,1.19066877e-09
0.441750,-3.88741268e-06,9.20304611e-07
0.442000,-3.23899565e-06,1.61658636e-06
0.442250,2.56679925e-06,-1.72935933e-06
0.442500,3.60371077e-06,-4.56837182e-06
0.442750,1.43239611e-07,-1.69608512e-06
0.443000,-7.04536533e-07,3.2619389e-06
0.443250,4.79706044e-07,3.57900578e-06
0.443500,-1.43206224e-06,-6.11413104e-07
0.443750,-3.6812844e-06,-3.59177608e-06
0.444000,-5.97491774e-07,-2.1658975e-06
0.444250,3.63540145e-06,1.46923499e-06
0.444500,1.69527834e-06,3.24033933e-06
0.444750,-3.16868838e-06,1.4269408e-06
0.445000,-3.27084071e-06,-1.67408741e-06
0.445250,6.27887447e-07,-2.67784667e-06
0.445500,2.20703047e-06,-1.63849489e-06
0.445750,-3.22020844e-07,-3.25920216e-07
0.446000,-2.53501856e-06,1.71486241e-06
0.446250,-8.25691672e-07,3.72749505e-06
0.446500,1.67025562e-06,1.74510262e-06
0.446750,2.40504839e-07,-3.63343787e-06
0.447000,-2.33672048e-06,-5.02991108e-06
0.447250,-4.11605249e-07,5.62166306e-07
0.447500,3.20645403e-06,6.01096261e-06
0.447750,1.96065508e-06,4.32409939e-06
0.448000,-1.71267841e-06,-1.35646852e-06
0.448250,-1.38529629e-06,-3.55063666e-06
0.448500,8.99609389e-07,-1.55215966e-06
0.448750,4.80859026e-07,2.59905797e-07
0.449000,-4.99626123e-08,7.19917935e-07
0.449250,1.53915633e-06,1.13088569e-06
0.449500,1.420998e-06,1.11183868e-06
0.449750,-8.07474073e-07,2.71685426e-07
0.450000,-5.9712825e-07,-6.55727717e-07
0.450250,1.57449953e-06,-1.48551307e-06
0.450500,1.51500357e-06,-1.85728701e-06
0.450750,-3.93801572e-07,-6.839005e-07
0.451000,-1.33284524e-06,1.58413316e-06
0.451250,-9.32988284e-07,2.38190176e-06
0.451500,-7.31379448e-09,5.93742432e-08
0.451750,8.3181387e-07,-3.21554733e-06
0.452000,1.01665463e-06,-3.13386582e-06
0.452250,2.82199886e-07,1.11588598e-06
0.452500,-1.17938148e-06,4.74472997e-06
0.452750,-2.11673305e-06,2.99795348e-06
0.453000,-1.41102553e-06,-2.43024258e-06
0.453250,-2.56360199e-07,-5.16085508e-06
0.453500,1.06668134e-07,-2.39437405e-06
0.453750,2.93471047e-07,1.72656926e-06
0.454000,-4.48154865e-08,2.66913081e-06
0.454250,-1.25182352e-06,1.28728296e-06
0.454500,-9.40213452e-07,3.5772978e-07
0.454750,9.12337746e-07,7.04766879e-08
0.455000,3.76288111e-07,-3.75748731e-07
0.455250,-1.60032935e-06,-4.95434656e-07
0.455500,-6.33143388e-08,4.14115525e-07
0.455750,2.6458037e-06,1.40356506e-06
0.456000,7.35638072e-07,5.7341874e-07
0.456250,-2.77870694e-06,-1.22311496e-06
0.456500,-1.46987724e-06,-6.87260568e-07
0.456750,2.65860792e-06,1.45605727e-06
0.457000,3.13193605e-06,9.88783919e-07
0.457250,-3.53228771e-07,-1.28165459e-06
0.457500,-2.00365462e-06,-9.84923304e-07
0.457750,7.98913183e-07,1.03602532e-06
0.458000,3.52816341e-06,9.17846466e-07
0.458250,2.07105379e-06,-1.19996383e-06
0.458500,-1.32581807e-06,-2.68402363e-06
0.458750,-2.6533991e-06,-1.90342272e-06
0.459000,-1.01662744e-06,8.62264532e-07
0.459250,1.74893138e-06,2.32263133e-06
0.459500,2.38574919e-06,3.49218333e-07
0.459750,-4.00097474e-07,-9.24503209e-07
0.460000,-2.98374505e-06,1.26014337e-06
0.460250,-1.76179684e-06,1.39808783e-06
0.460500,9.49486813e-07,-2.77349718e-06
0.460750,1.16304097e-06,-3.56652374e-06
0.461000,-3.27596159e-07,1.44166822e-06
0.461250,-9.02210756e-07,3.56451698e-06
0.461500,-1.080559e-06,-9.37793359e-08
0.461750,-1.7258246e-06,-2.14131873e-06
0.462000,-1.19152128e-06,-2.91429664e-07
0.462250,6.41606087e-07,6.95397929e-07
0.462500,9.6192472e-07,5.65012995e-07
0.462750,-5.83670224e-07,1.69563393e-06
0.463000,-1.06366038e-06,1.62245512e-06
0.463250,1.63471881e-07,-1.2222632e-06
0.463500,7.56444151e-07,-2.38376922e-06
0.463750,-3.32366433e-08,6.64675014e-07
0.464000,-2.95350354e-07,3.30443498e-06
0.464250,1.08393703e-06,1.35067445e-06
0.464500,2.06835061e-06,-2.10839978e-06
0.464750,5.60217073e-07,-1.95869226e-06
0.465000,-1.2888427e-06,6.42688808e-07
0.465250,-4.63274918e-07,8.44403096e-07
0.465500,1.26287694e-06,-1.33283366e-06
0.465750,1.04847038e-06,-1.76211529e-06
0.466000,2.76360131e-07,1.62856426e-07
0.466250,7.05823388e-07,1.41706016e-06
0.466500,8.19975272e-07,9.13001551e-07
0.466750,-2.23041375e-07,-2.62755085e-07
0.467000,-5.90893001e-07,-1.29942238e-06
0.467250,7.72667547e-08,-1.25221954e-06
0.467500,-2.63702117e-08,8.4798393e-08
0.467750,-5.0291341e-07,1.04308781e-06
0.468000,2.93971192e-07,1.02533345e-06
0.468250,6.41986501e-07,7.94837669e-07
0.468500,-1.20954641e-06,-7.00624718e-07
0.468750,-2.17623461e-06,-3.14366275e-06
0.469000,-5.82880261e-08,-2.11016807e-06
0.469250,1.43464567e-06,2.83142087e-06
0.469500,-2.49714312e-07,4.44824186e-06
0.469750,-1.73719336e-06,-6.95374812e-07
0.470000,-8.20175219e-07,-5.19725839e-06
0.470250,-1.16070555e-07,-1.84327521e-06
0.470500,-6.62524798e-07,4.4404769e-06
0.470750,-2.77059289e-07,3.82428315e-06
0.471000,7.4918787e-07,-2.14423811e-06
0.471250,2.13890268e-07,-3.24838893e-06
0.471500,-9.2012193e-07,1.39140167e-06
0.471750,-3.88656603e-07,3.17339222e-06
0.472000,1.06880693e-06,3.34287039e-07
0.472250,1.33317688e-06,-1.32217602e-06
0.472500,2.57014772e-07,-4.13550384e-07
0.472750,-3.84174023e-07,1.93467305e-07
0.473000,5.15100519e-07,3.88792136e-07
0.473250,1.30542066e-06,1.02506398e-06
0.473500,1.177726e-07,3.40390076e-07
0.473750,-1.1079696e-06,-2.1708436e-06
0.474000,1.08513827e-07,-2.90116919e-06
0.474250,1.52416225e-06,6.16341834e-09
0.474500,6.32519478e-07,2.52322829e-06
0.474750,1.50177096e-07,1.46985377e-06
0.475000,1.93842381e-06,-2.46952903e-07
0.475250,1.91653386e-06,-1.45527022e-08
0.475500,-1.75734123e-06,-2.01001902e-07
0.475750,-3.56364723e-06,-1.98294067e-06
0.476000,-4.64884458e-07,-2.02828587e-06
0.476250,2.22680362e-06,6.28334739e-07
0.476500,5.73323652e-07,1.96970918e-06
0.476750,-1.63053835e-06,4.55705686e-07
0.477000,-7.23482708e-07,-6.37853604e-07
0.477250,7.26213272e-07,-1.4829361e-07
0.477500,-5.31593991e-07,-4.38492397e-07
0.477750,-2.56024084e-06,-1.52480461e-06
0.478000,-1.75718689e-06,-8.33341676e-07
0.478250,9.10382697e-07,1.5461864e-06
0.478500,1.5815129e-06,2.44248699e-06
0.478750,-1.07643954e-07,4.31961324e-07
0.479000,-1.2093192e-06,-1.85100371e-06
0.479250,-8.45074859e-07,-1.30384311e-06
0.479500,-4.52412143e-07,1.24383232e-06
0.479750,-2.09163458e-07,2.33702e-06
0.480000,5.38284349e-07,9.41549384e-07
0.480250,1.14825874e-06,-4.79969006e-07
0.480500,8.74269848e-07,-1.92759965e-07
0.480750,3.73970744e-07,2.87505081e-07
0.481000,5.46363113e-07,-6.64319778e-07
0.481250,1.01021753e-06,-1.64678297e-06
0.481500,5.78178964e-07,-7.45907592e-07
0.481750,-5.93701906e-07,8.35537107e-07
0.482000,-5.083302e-07,7.55417353e-07
0.482250,1.33300948e-06,-4.69966865e-07
0.482500,2.2101917e-06,-7.26549876e-07
0.482750,5.6695839e-07,1.12185083e-07
0.483000,-1.01386874e-06,7.4800589e-07
0.483250,-3.64290453e-07,4.80696771e-07
0.483500,5.31120446e-07,-6.03524265e-07
0.483750,-4.35360535e-07,-1.16894313e-06
0.484000,-1.54913717e-06,-2.96502845e-08
0.484250,-5.90674648e-07,8.46692588e-07
0.484500,1.00854941e-06,-4.00931374e-07
0.484750,6.03504596e-07,-1.0319893e-06
0.485000,-1.02440615e-06,7.99869798e-07
0.485250,-1.05400335e-06,1.5278514e-06
0.485500,1.82126614e-07,-5.03503356e-07
0.485750,-2.78918431e-07,-1.45083306e-06
0.486000,-2.25872586e-06,1.62743903e-08
0.486250,-2.18442778e-06,4.35974442e-07
0.486500,6.99991632e-07,-6.59002761e-07
0.486750,2.58721782e-06,1.12425804e-07
0.487000,8.29558828e-07,2.24281366e-06
0.487250,-1.99694569e-06,1.67248029e-06
0.487500,-1.78457106e-06,-1.0187704e-06
0.487750,1.10253561e-06,-1.54765398e-06
0.488000,2.51184476e-06,5.63178892e-08
0.488250,8.5588754e-07,5.73851046e-07
0.488500,-9.75338604e-07,-1.75705911e-07
0.488750,-7.11640551e-07,-5.44528536e-07
0.489000,3.25162791e-07,-3.6086003e-07
0.489250,5.77348023e-07,7.47469714e-08
0.489500,6.52442343e-07,4.56054761e-07
0.489750,1.10488318e-06,9.82738296e-08
0.490000,1.17319983e-06,-6.61473997e-07
0.490250,4.2191743e-07,-6.46812563e-07
0.490500,-4.44886013e-07,1.46544228e-07
0.490750,-4.24285086e-07,7.49630422e-07
0.491000,4.02059872e-07,7.89545988e-07
0.491250,5.6391523e-07,4.23560742e-07
0.491500,-3.30635363e-07,-3.32478422e-07
0.491750,-5.90589137e-07,-9.80956092e-07
0.492000,1.24809281e-07,-5.1436821e-07
0.492250,1.83047865e-08,5.72850124e-07
0.492500,-9.07757384e-07,4.43003234e-07
0.492750,-7.48349002e-07,-7.01482629e-07
0.493000,3.97739286e-07,-8.11672813e-07
0.493250,5.89493555e-07,2.08254239e-07
0.493500,-5.85876837e-07,8.07391467e-07
0.493750,-1.59878336e-06,7.02555961e-07
0.494000,-1.25508391e-06,2.54557575e-07
0.494250,1.35999773e-08,-7.81059954e-07
0.494500,8.13074823e-07,-1.61600345e-06
0.494750,2.73593481e-07,-3.55745941e-07
0.495000,-8.94829739e-07,2.30721244e-06
0.495250,-9.73789038e-07,2.49421361e-06
0.495500,4.46130077e-07,-7.84503014e-07
0.495750,1.46306077e-06,-2.67888071e-06
0.496000,6.68222492e-07,4.01422453e-08
0.496250,-4.81037214e-07,2.8971269e-06
0.496500,-2.59462847e-07,9.39278047e-07
0.496750,4.02997272e-07,-2.65092255e-06
0.497000,1.13235095e-07,-2.35129504e-06
0.497250,-5.83105051e-08,3.35784101e-07
0.497500,1.19476504e-06,1.06933414e-06
0.497750,1.96407247e-06,4.38688033e-07
0.498000,2.81922795e-09,6.07258869e-07
0.498250,-2.05560621e-06,5.82564506e-07
0.498500,-3.16798153e-07,-4.57664621e-07
0.498750,2.65820131e-06,-1.0721892e-06
0.499000,1.5873028e-06,-6.54013935e-07
0.499250,-1.86528209e-06,-1.0315306e-07
0.499500,-1.9261262e-06,2.80257843e-07
0.499750,1.04945866e-06,5.69454576e-07
0.500000,1.71478674e-06,2.47318649e-07
0.500250,-8.35901652e-07,-4.70561287e-07
0.500500,-2.35373309e-06,-3.53943248e-07
0.500750,-1.04468742e-06,3.91343316e-07
0.501000,4.67856853e-07,2.61822637e-07
0.501250,3.26798948e-07,-5.74775828e-07
0.501500,-3.99855768e-07,-8.07053719e-07
0.501750,-6.03642097e-07,-2.06391343e-07
0.502000,-6.11990745e-07,9.41875139e-07
0.502250,-6.63624803e-07,1.86702627e-06
0.502500,-3.88313505e-07,1.07891375e-06
0.502750,-7.20670269e-09,-9.99873041e-07
0.503000,-1.57443521e-08,-1.76725166e-06
0.503250,8.46248085e-08,-1.60665562e-07
0.503500,6.51334242e-07,2.05006469e-06
0.503750,6.98197156e-07,2.29028747e-06
0.504000,-5.6192945e-08,9.32316981e-08
0.504250,-1.81750391e-07,-1.67038766e-06
0.504500,6.04383484e-07,-9.34811959e-07
0.504750,7.10214646e-07,1.45986918e-07
0.505000,1.21726978e-07,-3.54955883e-07
0.505250,5.43298707e-07,-8.95178673e-07
0.505500,1.35154073e-06,-2.97109375e-07
0.505750,4.47550006e-07,4.59014019e-07
0.506000,-1.01675522e-06,5.30158013e-07
0.506250,-5.02000994e-07,-1.81522887e-07
0.506500,9.81981612e-07,-1.11016032e-06
0.506750,1.10922397e-06,-1.02503173e-06
0.507000,7.86407778e-08,1.06730114e-07
0.507250,-9.74030996e-07,7.990414e-07
0.507500,-1.26672728e-06,7.461516e-07
0.507750,-2.53149525e-07,9.20630623e-07
0.508000,7.02623935e-07,7.28389751e-07
0.508250,-1.69729755e-07,-9.63790911e-07
0.508500,-1.53268537e-06,-2.36454004e-06
0.508750,-1.39967061e-06,-1.0662831e-06
0.509000,-5.05496082e-07,1.3759728e-06
0.509250,2.13169589e-08,1.89791072e-06
0.509500,2.45918918e-07,5.72474239e-07
0.509750,-1.32690042e-07,-7.64268326e-07
0.510000,-1.09280484e-06,-1.20139036e-06
0.510250,-1.20250083e-06,-3.80569291e-07
0.510500,7.65766213e-08,1.28246523e-06
0.510750,1.10361294e-06,2.03325775e-06
0.511000,8.14346549e-07,7.84183751e-07
0.511250,2.11657211e-07,-1.12605228e-06
0.511500,-4.19055586e-08,-1.48221626e-06
0.511750,-4.05634048e-07,-3.40229019e-08
0.512000,-3.79034496e-07,1.08937928e-06
0.512250,6.95269193e-07,4.0984448e-07
0.512500,1.45728534e-06,-6.63903647e-07
0.512750,7.73016028e-07,-3.46729006e-07
0.513000,4.60867712e-09,5.18384718e-07
0.513250,3.28858922e-07,1.20594896e-07
0.513500,7.99952322e-07,-1.22349377e-06
0.513750,4.13126492e-07,-1.38000424e-06
0.514000,-2.93833665e-07,3.35655069e-07
0.514250,-5.56445376e-08,1.46042495e-06
0.514500,9.34322838e-07,1.62833019e-07
0.514750,4.64700054e-07,-1.10858959e-06
0.515000,-1.6012121e-06,-1.11571875e-07
0.515250,-1.65434606e-06,8.30133382e-07
0.515500,9.93444178e-07,5.62891137e-08
0.515750,1.69103749e-06,-6.77148569e-08
0.516000,-9.0416148e-07,9.66239004e-07
0.516250,-1.95655349e-06,4.30926974e-07
0.516500,1.57938106e-07,-1.46533444e-06
0.516750,7.18472958e-07,-1.79603059e-06
0.517000,-1.88479922e-06,-3.8588021e-07
0.517250,-2.65945795e-06,7.58731283e-07
0.517500,4.14787024e-07,8.98283006e-07
0.517750,2.20741244e-06,5.23219909e-07
0.518000,-1.2094141e-07,2.65726574e-07
0.518250,-2.20287919e-06,1.45556418e-07
0.518500,-7.9941406e-07,-4.23793224e-07
0.518750,1.08428481e-06,-8.68826374e-07
0.519000,5.57101129e-07,7.68536461e-08
0.519250,-5.31472473e-07,1.46855724e-06
0.519500,1.01104575e-07,1.25924002e-06
0.519750,1.33733671e-06,-2.39704131e-07
0.520000,1.15265597e-06,-1.1280076e-06
0.520250,-3.00653394e-07,-7.85180873e-07
0.520500,-1.09654715e-06,-5.98876211e-08
0.520750,1.76958533e-07,3.64625469e-07
0.521000,2.12265759e-06,5.55322832e-07
0.521250,1.78380351e-06,4.08843248e-07
0.521500,-4.28775443e-07,-3.59448473e-07
0.521750,-8.78087913e-07,-1.03324047e-06
0.522000,8.66755018e-07,-7.10830586e-07
0.522250,1.41845219e-06,5.1732247e-09
0.522500,2.82753692e-08,1.67870328e-07
0.522750,-6.39706693e-07,1.15348066e-07
0.523000,4.78661882e-09,4.18878336e-07
0.523250,6.33286712e-08,6.56175211e-07
0.523500,-5.45198718e-07,2.51388477e-07
0.523750,-3.26663201e-07,-3.95443867e-07
0.524000,2.28925883e-07,-5.73691289e-07
0.524250,-4.731274e-07,-4.21700321e-07
0.524500,-1.59385107e-06,-2.53420923e-07
0.524750,-1.0650449e-06,1.83841115e-08
0.525000,4.131581e-07,4.08294828e-09
0.525250,4.86970099e-07,-2.43654236e-07
0.525500,-6.69473171e-07,5.46349349e-07
0.525750,-1.11978931e-06,1.72990429e-06
0.526000,-6.48627537e-07,7.04126274e-07
0.526250,-3.06982965e-07,-1.58829748e-06
0.526500,-2.28637716e-07,-1.43148618e-06
0.526750,1.02944086e-07,6.93858045e-07
0.527000,6.77541711e-07,1.21343252e-06
0.527250,9.82228499e-07,1.75654538e-07
0.527500,7.56992787e-07,6.46406718e-09
0.527750,1.66725153e-07,3.6570794e-07
0.528000,-5.19089904e-07,-2.06124489e-07
0.528250,-5.46631048e-07,-9.3992064e-07
0.528500,8.19227745e-07,-8.65620203e-07
0.528750,2.12916625e-06,-6.12964279e-07
0.529000,1.06908333e-06,-3.88047262e-07
0.529250,-9.72323406e-07,4.58105338e-07
0.529500,-5.75612344e-07,1.37089752e-06
0.529750,1.40322173e-06,7.93347971e-07
0.530000,1.3962858e-06,-1.15336801e-06
0.530250,-3.22954629e-07,-1.95796796e-06
0.530500,-7.62463811e-07,-2.80228496e-07
0.530750,3.17543395e-07,1.41187243e-06
0.531000,7.15794528e-07,9.0639153e-07
0.531250,-2.66227133e-07,4.1537249e-08
0.531500,-9.39047234e-07,4.11960579e-07
0.531750,-1.34207207e-07,1.43556011e-07
0.532000,5.06541561e-07,-1.24368564e-06
0.532250,-7.25236507e-07,-1.01989445e-06
0.532500,-1.92203541e-06,9.81066449e-07
0.532750,-6.47159948e-07,1.48151343e-06
0.533000,1.15533796e-06,6.98961628e-09
0.533250,4.04624481e-07,-5.8273203e-07
0.533500,-1.41436595e-06,2.01367524e-07
0.533750,-1.10752734e-06,3.52118154e-07
0.534000,5.11989667e-07,-2.74052251e-07
0.534250,7.86164383e-07,-3.02810816e-07
0.534500,4.67738907e-08,3.97890468e-07
0.534750,-5.00595912e-08,8.72288804e-07
0.535000,1.19273698e-07,2.90064063e-07
0.535250,-1.27528673e-07,-1.07996815e-06
0.535500,6.31037831e-08,-1.52235294e-06
0.535750,7.99647161e-07,-8.95031679e-08
0.536000,7.47460913e-07,1.35170955e-06
0.536250,8.98083748e-09,5.8684777e-07
0.536500,3.00253589e-08,-1.18182192e-06
0.536750,5.52675739e-07,-1.04635417e-06
0.537000,4.13503285e-07,3.58167529e-07
0.537250,1.8822392e-07,-3.04627548e-08
0.537500,6.16583916e-07,-1.28635505e-06
0.537750,6.88332209e-07,-1.08596987e-07
0.538000,-1.00349261e-07,1.89881601e-06
0.538250,-5.36714907e-07,9.09737048e-07
0.538500,-1.74587393e-07,-1.47383347e-06
0.538750,6.24509613e-10,-1.20364665e-06
0.539000,-2.52656528e-07,1.05444776e-06
0.539250,-1.40143554e-07,1.81744794e-06
0.539500,4.20454866e-07,4.99618602e-07
0.539750,4.86598309e-07,-7.46971796e-07
0.540000,-4.11094637e-07,-7.30697474e-07
0.540250,-1.34754356e-06,-1.74602299e-07
0.540500,-1.10461755e-06,7.74633967e-08
0.540750,9.93067968e-08,5.00256193e-09
0.541000,7.02739862e-07,-6.36531772e-08
0.541250,-1.439213e-07,1.41089258e-07
0.541500,-1.19312274e-06,4.59328354e-07
0.541750,-7.70958286e-07,2.56789855e-07
0.542000,5.63516812e-07,-5.45604578e-07
0.542250,9.27193735e-07,-8.22095738e-07
0.542500,2.0164887e-07,3.4899394e-07
0.542750,-1.55037458e-07,1.72909889e-06
0.543000,2.22577439e-07,1.10148956e-06
0.543250,3.09358757e-07,-9.13333522e-07
0.543500,-1.76781604e-07,-1.24437256e-06
0.543750,-5.53989088e-08,3.41988612e-07
0.544000,1.05973683e-06,8.51280622e-07
0.544250,1.34565559e-06,-3.52321148e-07
0.544500,-1.9847324e-07,-9.25154054e-07
0.544750,-1.26347852e-06,-3.30750704e-07
0.545000,2.31213935e-08,-1.14450578e-07
0.545250,1.50837156e-06,-3.51798793e-07
0.545500,7.74129465e-07,-5.99158548e-08
0.545750,-6.76614596e-07,2.50063629e-07
0.546000,-4.55760617e-07,-2.22581475e-07
0.546250,6.1910922e-07,-4.91745479e-07
0.546500,4.5592378e-07,3.24886876e-07
0.546750,-6.98305597e-07,9.90341419e-07
0.547000,-1.01266726e-06,3.61947415e-07
0.547250,-1.71292647e-07,-5.19783882e-07
0.547500,3.20318365e-07,-4.39009579e-07
0.547750,-2.72189995e-07,9.38811371e-08
0.548000,-8.58687369e-07,3.43930937e-07
0.548250,-5.55016252e-07,4.76358448e-07
0.548500,-4.89742053e-08,2.93719861e-07
0.548750,-1.12092912e-07,-5.89668915e-07
0.549000,-3.57917003e-07,-1.13024729e-06
0.549250,-3.32076817e-07,-2.52781346e-07
0.549500,-2.09780812e-07,9.08598425e-07
0.549750,3.30928203e-09,8.17827822e-07
0.550000,2.78289627e-07,2.63855979e-08
0.550250,1.46755442e-07,-8.76456084e-08
0.550500,-1.1513838e-07,3.96310012e-07
0.550750,3.27058924e-07,2.93629391e-07
0.551000,9.0727371e-07,-3.87446349e-07
0.551250,4.94738225e-07,-1.94806933e-07
0.551500,-2.26991691e-07,7.69429835e-07
0.551750,1.09682312e-07,4.77705273e-07
0.552000,1.00839655e-06,-1.02653317e-06
0.552250,9.16805029e-07,-1.30681914e-06
0.552500,-1.18059669e-07,-2.79229069e-08
0.552750,-4.42008199e-07,5.66662417e-07
0.553000,3.93989411e-07,-2.03625236e-07
0.553250,7.5524354e-07,-6.28612013e-07
0.553500,-1.02648822e-07,2.79730277e-08
0.553750,-6.51418237e-07,4.15085657e-07
0.554000,-3.91441218e-08,-1.46739432e-07
0.554250,4.43960475e-07,-4.36038235e-07
0.554500,-1.57432713e-07,2.34558984e-07
0.554750,-1.01500457e-06,7.53208611e-07
0.555000,-9.50218728e-07,3.1568422e-07
0.555250,-1.10522168e-07,-2.65050372e-07
0.555500,9.85622678e-08,-1.17409045e-07
0.555750,-7.78246796e-07,3.68335592e-07
0.556000,-1.11023999e-06,4.3663069e-07
0.556250,-1.55310193e-08,1.43540091e-07
0.556500,6.8154743e-07,-7.64379048e-08
0.556750,-3.36155859e-07,-1.86810451e-07
0.557000,-1.31423474e-06,-1.67432125e-07
0.557250,-4.25814386e-07,9.20943084e-08
0.557500,1.12198756e-06,1.8877121e-07
0.557750,1.1962375e-06,-8.12481896e-08
0.558000,1.12238908e-07,-9.83736535e-08
0.558250,-2.98233703e-07,1.35817616e-07
0.558500,1.61593531e-07,-6.53445866e-08
0.558750,2.22371287e-07,-2.8056851e-07
0.559000,-1.22884821e-07,9.50528229e-08
0.559250,2.83912288e-07,2.57435529e-07
0.559500,1.18284908e-06,-2.68097751e-07
0.559750,1.13216837e-06,-5.96450908e-07
0.560000,1.25437641e-07,-2.9365829e-07
0.560250,-4.76589642e-07,1.17462135e-07
0.560500,-2.38875335e-07,1.94464201e-07
0.560750,5.85834718e-08,-1.72486726e-07
0.561000,-2.10325374e-08,-5.65170735e-07
0.561250,-1.1470046e-07,-2.53239696e-07
0.561500,2.73883694e-08,4.25225268e-07
0.561750,1.57659651e-07,3.68913002e-07
0.562000,8.28628159e-08,-8.86769672e-08
0.562250,-2.10782922e-07,2.30538887e-07
0.562500,-7.35541591e-07,7.59098526e-07
0.562750,-1.03304853e-06,2.81666691e-07
0.563000,-4.91135066e-07,-3.85466041e-07
0.563250,2.37404493e-07,8.71171946e-08
0.563500,-1.0559043e-07,9.02786847e-07
0.563750,-9.43500761e-07,5.82937472e-07
0.564000,-5.46780183e-07,-4.66250162e-07
0.564250,5.92744529e-07,-7.89549411e-07
0.564500,2.92250721e-07,-2.24291355e-07
0.564750,-1.02085206e-06,2.36330601e-07
0.565000,-7.70699408e-07,1.67171067e-07
0.565250,6.98250607e-07,-1.15641303e-07
0.565500,8.10300141e-07,-2.5116248e-07
0.565750,-8.94371758e-08,3.25435777e-08
0.566000,1.79365734e-08,4.068906e-07
0.566250,5.99973915e-07,7.17690824e-08
0.566500,4.20655613e-07,-5.88073971e-07
0.566750,1.29033878e-07,-3.25611618e-07
0.567000,2.48088302e-07,4.33027173e-07
0.567250,3.22949755e-07,2.15075985e-07
0.567500,4.4646414e-07,-5.19881815e-07
0.567750,6.53456571e-07,-3.65588672e-07
0.568000,2.24745679e-07,1.18602838e-07
0.568250,-5.54424267e-07,-2.10839168e-07
0.568500,-4.01263272e-07,-6.66280776e-07
0.568750,2.83223327e-07,-3.71676787e-07
0.569000,-9.6758917e-08,8.31968113e-08
0.569250,-8.6163514e-07,1.45967334e-07
0.569500,-6.35760569e-08,1.06298672e-07
0.569750,1.21313917e-06,1.99788834e-07
0.570000,3.97517738e-07,4.77350238e-07
0.570250,-1.50027212e-06,7.09993676e-07
0.570500,-1.55632553e-06,2.75239385e-07
0.570750,-4.91039048e-08,-4.60814738e-07
0.571000,6.68699428e-07,-1.68225122e-07
0.571250,7.28678812e-08,8.07769612e-07
0.571500,-7.51226849e-07,7.56098621e-07
0.571750,-9.4316697e-07,-1.09936878e-07
0.572000,-3.93928875e-07,-2.48938009e-07
0.572250,2.94771568e-07,1.4486008e-07
0.572500,5.10480667e-07,-5.1308822e-08
0.572750,2.40840191e-07,-5.45335575e-07
0.573000,-2.40425222e-07,-3.80437347e-07
0.573250,-5.5467889e-07,2.64502133e-07
0.573500,-3.1224056e-07,3.85273628e-07
0.573750,4.14776323e-07,-1.48433688e-07
0.574000,1.05340501e-06,-3.16128772e-07
0.574250,1.03566759e-06,2.40235531e-07
0.574500,3.55567969e-07,5.30140385e-07
0.574750,-2.69137412e-07,-4.98619924e-08
0.575000,-1.04380579e-07,-7.63647958e-07
0.575250,6.65410093e-07,-6.91947308e-07
0.575500,1.01323825e-06,4.67085977e-09
0.575750,3.65501501e-07,2.22150873e-07
0.576000,-4.34368844e-07,-5.1701579e-07
0.576250,-3.35128079e-07,-1.09882241e-06
0.576500,1.86241623e-07,-4.1192473e-07
0.576750,6.99552832e-08,7.20637615e-07
0.577000,-3.71268434e-07,6.52398037e-07
0.577250,-2.54034713e-07,-3.5523451e-07
0.577500,1.38512284e-08,-4.00970339e-07
0.577750,-3.77113632e-07,7.66144182e-07
0.578000,-8.48705573e-07,1.26451349e-06
0.578250,-5.27666598e-07,4.68292446e-07
0.578500,-5.84544537e-08,-1.56821146e-07
0.578750,-4.06024687e-07,9.63121213e-08
0.579000,-9.7480648e-07,3.56462588e-07
0.579250,-6.32778999e-07,5.28120507e-08
0.579500,2.71997567e-07,-3.26249278e-07
0.579750,4.20389239e-07,-1.81883265e-07
0.580000,-2.95740741e-07,1.96759871e-07
0.580250,-5.68309892e-07,1.44491493e-08
0.580500,1.44609462e-07,-5.12915477e-07
0.580750,7.84486491e-07,-4.41746736e-07
0.581000,5.40327839e-07,-2.96482014e-08
0.581250,2.88915635e-08,-6.8666944e-08
0.581500,1.36419198e-07,-6.53825775e-08
0.581750,7.36242294e-07,3.07940161e-07
0.582000,9.46477711e-07,9.36016333e-08
0.582250,3.98053159e-07,-5.90099574e-07
0.582500,-1.22040015e-07,-3.32858276e-07
0.582750,1.92664817e-07,6.15125395e-07
0.583000,8.18537317e-07,6.82764239e-07
0.583250,6.53320934e-07,-1.55042989e-07
0.583500,-2.16255274e-07,-6.76229505e-07
0.583750,-5.68706356e-07,-5.34854742e-07
0.584000,3.03344795e-08,-2.67993666e-07
0.584250,4.53786899e-07,-5.34997554e-08
0.584500,-8.69577693e-08,3.12314352e-07
0.584750,-6.07572533e-07,5.02183438e-07
0.585000,-2.14810594e-07,4.94250882e-08
0.585250,6.43217008e-08,-3.62928109e-07
0.585500,-7.15564582e-07,1.66215032e-07
0.585750,-1.24960491e-06,8.914702e-07
0.586000,-3.30728771e-07,6.89103181e-07
0.586250,5.39377356e-07,6.3688641e-08
0.586500,-1.68984595e-07,-1.21346524e-07
0.586750,-1.0598621e-06,-9.0989738e-08
0.587000,-5.02658642e-07,-8.65941755e-08
0.587250,4.76721601e-07,1.13786394e-07
0.587500,3.99198772e-07,2.61892485e-07
0.587750,-2.68828178e-07,-1.02184296e-07
0.588000,-3.74908974e-07,-7.01970408e-07
0.588250,1.92564513e-07,-8.41603226e-07
0.588500,6.23425904e-07,-3.91258793e-07
0.588750,3.43376591e-07,5.53638403e-08
0.589000,-8.34554212e-08,6.14414092e-08
0.589250,2.24664044e-07,-7.77929368e-08
0.589500,8.45312505e-07,-3.39608326e-08
0.589750,7.08914551e-07,-1.64016976e-08
0.590000,8.1104556e-08,-1.11802985e-07
0.590250,4.06350866e-08,1.90698792e-08
0.590500,5.11221519e-07,2.67445441e-07
0.590750,5.81764542e-07,3.74836455e-08
0.591000,1.46171092e-07,-4.02851102e-07
0.591250,-1.53232764e-07,-1.2656713e-07
0.591500,-9.5996101e-08,4.67565036e-07
0.591750,-8.36019603e-08,1.84423825e-07
0.592000,-3.11327658e-07,-4.98608218e-07
0.592250,-3.62878581e-07,-3.24154376e-07
0.592500,-3.29178841e-08,3.49047278e-07
0.592750,7.86644461e-08,6.16002884e-07
0.593000,-3.32653603e-07,5.61744648e-07
0.593250,-5.73905275e-07,2.88503223e-07
0.593500,-3.67073468e-07,-2.12561552e-07
0.593750,-3.49967837e-07,-2.41846307e-07
0.594000,-4.76901136e-07,4.78258795e-07
0.594250,-1.16801013e-07,9.6931679e-07
0.594500,2.44145992e-07,5.74916019e-07
0.594750,-1.9049884e-07,-1.21369317e-07
0.595000,-6.90260574e-07,-4.67819773e-07
0.595250,-1.94732409e-07,-5.28946484e-07
0.595500,5.89566251e-07,-4.85894403e-07
0.595750,2.98057584e-07,-1.81989692e-07
0.596000,-5.57831922e-07,2.50409403e-07
0.596250,-2.83066424e-07,3.14394223e-08
0.596500,9.27331496e-07,-9.37469617e-07
0.596750,1.11812813e-06,-1.26501522e-06
0.597000,4.44428095e-08,-1.68340387e-07
0.597250,-3.56379054e-07,8.80405718e-07
0.597500,5.23116758e-07,4.114406e-07
0.597750,1.006135e-06,-6.17280435e-07
0.598000,3.86697924e-07,-4.7478665e-07
0.598250,-1.34525e-08,4.84923366e-07
0.598500,2.02287911e-07,5.56708514e-07
0.598750,-2.3270774e-08,-3.33912172e-07
0.599000,-3.84663252e-07,-6.46774692e-07
0.599250,1.81920124e-07,-4.1501901e-08
0.599500,6.47800822e-07,4.22839146e-07
0.599750,-2.46159443e-07,4.5502338e-07
0.600000,-1.13737482e-06,3.4124017e-07
0.600250,-6.12364587e-07,-9.11316248e-08
0.600500,1.85350298e-07,-4.41325637e-07
0.600750,-8.09261362e-08,1.06020618e-07
0.601000,-7.99622344e-07,9.0099202e-07
0.601250,-8.69487456e-07,7.4409163e-07
0.601500,-3.64913238e-07,1.24804655e-07
0.601750,-6.18870865e-08,1.01531483e-07
0.602000,-1.54592196e-07,3.34567361e-07
0.602250,-2.24549239e-07,1.63751206e-07
0.602500,-1.34514581e-07,-1.32288327e-08
0.602750,-2.91373677e-08,1.6641803e-07
0.603000,2.99059096e-08,1.60013672e-07
0.603250,-7.03212086e-08,-3.06008959e-07
0.603500,-1.84271468e-07,-6.83661452e-07
0.603750,1.31919674e-07,-6.87085845e-07
0.604000,6.83670054e-07,-5.12923061e-07
0.604250,7.61970381e-07,-1.88119266e-07
0.604500,3.65972579e-07,1.13948467e-07
0.604750,1.94379424e-07,-2.44590337e-08
0.605000,5.39327576e-07,-4.05075992e-07
0.605250,7.89134149e-07,-4.48318776e-07
0.605500,3.22534255e-07,-2.15220515e-07
0.605750,-2.27910736e-07,-7.62769316e-08
0.606000,1.37853102e-07,1.17383132e-07
0.606250,7.16613902e-07,5.5317664e-07
0.606500,1.84686272e-07,6.14077893e-07
0.606750,-6.85918091e-07,-2.74520746e-07
0.607000,-3.0746528e-07,-1.07309657e-06
0.607250,5.8275309e-07,-2.9247509e-07
0.607500,1.49001452e-07,1.18008593e-06
0.607750,-1.15902691e-06,1.10281356e-06
0.608000,-1.35969904e-06,-3.15881334e-07
0.608250,-3.02347242e-07,-8.02912681e-07
0.608500,3.04443381e-07,1.03804568e-07
0.608750,-2.25151959e-07,7.4066912e-07
0.609000,-8.76161852e-07,4.74993919e-07
0.609250,-8.43691215e-07,3.06647271e-07
0.609500,-3.150771e-07,5.48194202e-07
0.609750,2.14055678e-07,4.08633169e-07
0.610000,2.61038689e-07,-1.44202819e-07
0.610250,-2.12136531e-07,-2.54722321e-07
0.610500,-4.64301258e-07,1.39005432e-07
0.610750,-9.92513378e-08,1.88682473e-07
0.611000,2.54759654e-07,-4.17125019e-07
0.611250,2.78218631e-07,-9.40703779e-07
0.611500,4.1671186e-07,-6.7737473e-07
0.611750,5.73728803e-07,-1.51969912e-07
0.612000,2.43851592e-07,-3.20859161e-07
0.612250,-1.26312346e-07,-7.12270314e-07
0.612500,2.35178049e-07,-2.61573162e-07
0.612750,8.31039875e-07,4.38790557e-07
0.613000,6.39125383e-07,2.53976177e-07
0.613250,-1.87125892e-08,-2.35897085e-07
0.613500,-5.16097597e-08,-4.97260662e-08
0.613750,4.11116103e-07,3.04115026e-07
0.614000,3.80918078e-07,1.50559937e-07
0.614250,-1.27075255e-07,4.29720095e-08
0.614500,-2.86322484e-07,4.85121678e-07
0.614750,2.0260405e-08,7.62568535e-07
0.615000,1.43079226e-07,1.68187354e-07
0.615250,-2.70215002e-07,-6.0419859e-07
0.615500,-7.64631396e-07,-4.27741323e-07
0.615750,-6.52054014e-07,4.65030011e-07
0.616000,-5.18481338e-08,8.30823143e-07
0.616250,1.86573083e-07,2.69032691e-07
0.616500,-2.42815e-07,-3.37946448e-07
0.616750,-7.14142894e-07,-1.9017851e-07
0.617000,-6.02405444e-07,3.68764197e-07
0.617250,-8.13104457e-09,4.12748428e-07
0.617500,3.79644988e-07,-1.48428665e-07
0.617750,1.17109438e-07,-3.71380053e-07
0.618000,-2.92185667e-07,7.0227922e-08
0.618250,-1.38275819e-07,2.29524124e-07
0.618500,2.35916627e-07,-2.7670179e-07
0.618750,7.87247464e-08,-5.90625566e-07
0.619000,-2.18672662e-07,-4.90893847e-07
0.619250,1.47538298e-07,-6.2056013e-07
0.619500,6.1125967e-07,-7.46427954e-07
0.619750,2.19199496e-07,-2.10680406e-07
0.620000,-3.30067626e-07,4.33756769e-07
0.620250,9.01260619e-08,2.48423104e-07
0.620500,7.81536587e-07,-4.03983993e-07
0.620750,4.85955307e-07,-4.41463067e-07
0.621000,-2.91100377e-07,1.92215914e-07
0.621250,-2.98327925e-07,5.43047944e-07
0.621500,2.79259426e-07,2.90112256e-07
0.621750,3.83105745e-07,1.35760331e-07
0.622000,-6.48004702e-08,3.94954653e-07
0.622250,-2.50807984e-07,4.7556503e-07
0.622500,3.76642533e-08,7.15640332e-08
0.622750,1.66435094e-07,-1.90169881e-07
0.623000,-1.12341776e-07,2.2608993e-07
0.623250,-3.23064244e-07,7.86817693e-07
0.623500,-3.12304088e-07,6.12507808e-07
0.623750,-3.61689807e-07,-2.15407529e-07
0.624000,-3.20485807e-07,-7.49566983e-07
0.624250,3.24775388e-08,-3.64683026e-07
0.624500,2.30815322e-07,4.5413342e-07
0.624750,-8.24767056e-08,5.78218973e-07
0.625000,-3.54611889e-07,-1.81589499e-07
0.625250,-5.27923612e-08,-5.91070341e-07
0.625500,3.62769963e-07,-1.54060219e-08
0.625750,2.3986026e-07,4.35944065e-07
0.626000,-1.00677905e-07,-4.59921061e-09
0.626250,7.49868899e-09,-4.48902154e-07
0.626500,3.19240156e-07,-2.53847358e-07
0.626750,2.24885586e-07,-1.10185793e-07
0.627000,-3.35975055e-08,-3.76642236e-07
0.627250,1.20570022e-07,-4.14776538e-07
0.627500,4.45657334e-07,-1.46682971e-07
0.627750,2.88158636e-07,-2.30688934e-07
0.628000,-2.04514729e-07,-4.77044436e-07
0.628250,-2.09249585e-07,-2.12913309e-07
0.628500,3.52428469e-07,9.64787329e-08
0.628750,4.81469696e-07,-1.81991026e-07
0.629000,-2.41032019e-07,-2.81818741e-07
0.629250,-7.3707279e-07,3.86687588e-07
0.629500,-1.94044842e-07,7.55717e-07
0.629750,4.21754197e-07,1.22464934e-07
0.630000,3.37571185e-08,-3.31003476e-07
0.630250,-6.03501752e-07,3.40778838e-07
0.630500,-3.63912415e-07,1.12133983e-06
0.630750,1.63191474e-07,8.11060982e-07
0.631000,-9.20206661e-08,-8.67141506e-08
0.631250,-6.58665458e-07,-4.64220883e-07
0.631500,-4.85687402e-07,-2.61725152e-07
0.631750,1.84569957e-07,-8.79061252e-09
0.632000,3.63235999e-07,1.61966429e-07
0.632250,-4.04173853e-08,2.86482891e-07
0.632500,-2.68956547e-07,2.12604817e-07
0.632750,3.42631883e-08,-1.02426199e-07
0.633000,4.59751236e-07,-3.91189447e-07
0.633250,5.08701379e-07,-2.75384271e-07
0.633500,1.96889445e-07,2.78318314e-07
0.633750,5.48789345e-09,5.96792156e-07
0.634000,2.13556702e-07,2.6043293e-08
0.634250,4.65647313e-07,-8.00399368e-07
0.634500,3.93028091e-07,-6.63869737e-07
0.634750,2.48513393e-07,1.16973324e-07
0.635000,3.17571655e-07,1.01497757e-07
0.635250,2.84734236e-07,-7.0597886e-07
0.635500,-9.26163544e-08,-9.24408221e-07
0.635750,-3.33813128e-07,-2.96396711e-07
0.636000,-4.75074027e-08,8.86573967e-08
0.636250,2.70991422e-07,-1.30087706e-07
0.636500,6.32233339e-08,-1.20328798e-07
0.636750,-3.29718992e-07,4.74121719e-07
0.637000,-3.27732694e-07,7.93743734e-07
0.637250,-1.38802177e-07,3.51930302e-07
0.637500,-2.82747763e-07,7.45045877e-08
0.637750,-5.48709819e-07,5.02469812e-07
0.638000,-3.837321e-07,6.40531164e-07
0.638250,-1.90589595e-08,2.9930913e-08
0.638500,-1.61903255e-07,-2.66036777e-07
0.638750,-6.74321711e-07,1.66878443e-07
0.639000,-6.04498527e-07,3.44357907e-07
0.639250,2.02250212e-07,-1.40088513e-07
0.639500,5.69459738e-07,-4.42359412e-07
0.639750,-7.87629439e-08,-1.22819221e-07
0.640000,-4.94511242e-07,7.30529182e-08
0.640250,2.14560626e-07,-2.94496443e-07
0.640500,8.45992984e-07,-4.60102501e-07
0.640750,3.58063304e-07,-1.58146973e-08
0.641000,-1.99637669e-07,2.47634643e-07
0.641250,2.08871404e-07,-6.19357066e-09
0.641500,7.74770216e-07,-1.18029832e-07
0.641750,5.83665522e-07,2.9295261e-08
0.642000,1.26297721e-07,-7.87757541e-08
0.642250,4.36490904e-08,-3.0293351e-07
0.642500,1.22887951e-07,-1.44687234e-07
0.642750,1.14778647e-07,1.4142184e-07
0.643000,1.37417575e-07,-1.25869239e-08
0.643250,1.09225982e-07,-3.93031698e-07
0.643500,-1.29183219e-07,-3.55929184e-07
0.643750,-2.8378218e-07,5.6133084e-08
0.644000,-8.17653634e-08,2.70046454e-07
0.644250,9.42031172e-08,2.1224819e-07
0.644500,-1.42415379e-07,2.86515861e-07
0.644750,-4.33776685e-07,4.74799362e-07
0.645000,-3.4777347e-07,3.60599899e-07
0.645250,-1.16987731e-07,6.45513313e-08
0.645500,-8.16770135e-08,1.82374038e-07
0.645750,-1.45788952e-07,6.07358304e-07
0.646000,-1.76954126e-07,5.15313568e-07
0.646250,-2.26126386e-07,-2.0964872e-07
0.646500,-2.22795291e-07,-6.68631929e-07
0.646750,-7.4099968e-08,-3.5733563e-07
0.647000,4.96640859e-08,1.13402726e-07
0.647250,1.39576398e-08,6.19312213e-08
0.647500,-1.64020426e-08,-3.1635127e-07
0.647750,7.69222801e-08,-5.08923744e-07
0.648000,1.76241085e-07,-4.77405028e-07
0.648250,2.01084116e-07,-4.02844617e-07
0.648500,1.92702794e-07,-2.68676341e-07
0.648750,1.75725711e-07,-4.4039294e-08
0.649000,1.99523081e-07,1.37738538e-07
0.649250,3.44680065e-07,1.25624431e-07
0.649500,4.62552207e-07,-5.35865155e-08
0.649750,2.41885466e-07,-1.74176588e-07
0.650000,-1.44847656e-07,-5.43112059e-08
0.650250,-5.90386787e-08,1.75377937e-07
0.650500,4.72557386e-07,1.83922309e-07
0.650750,5.34220727e-07,-4.47983786e-08
0.651000,-1.73905687e-07,-6.75374209e-08
0.651250,-6.67536963e-07,1.989115e-07
0.651500,-2.46256581e-07,1.48014256e-07
0.651750,3.10081788e-07,-2.32451752e-07
0.652000,5.41888905e-08,-1.74052187e-08
0.652250,-5.30998857e-07,7.58793278e-07
0.652500,-4.59209118e-07,8.03636381e-07
0.652750,2.1948685e-08,2.60416004e-08
0.653000,2.76835867e-08,-1.31391996e-07
0.653250,-3.1887663e-07,5.71559096e-07
0.653500,-2.63062454e-07,7.64469227e-07
0.653750,1.19058743e-07,1.02207045e-07
0.654000,1.18009823e-07,-3.42855634e-07
0.654250,-2.6826913e-07,-2.55839302e-07
0.654500,-2.94203171e-07,-2.40151188e-07
0.654750,2.22110764e-07,-3.33298503e-07
0.655000,5.28293517e-07,-2.55998372e-07
0.655250,1.99274594e-07,-2.20672031e-07
0.655500,-1.79082252e-07,-3.62523033e-07
0.655750,-7.37151518e-08,-4.53676229e-07
0.656000,2.2290601e-07,-4.56318244e-07
0.656250,3.56757932e-07,-3.93723626e-07
0.656500,4.38198459e-07,-1.29515076e-07
0.656750,4.58738204e-07,1.09632682e-07
0.657000,2.00110699e-07,-5.74807509e-08
0.657250,-7.72441846e-08,-2.72503652e-07
0.657500,1.10271278e-07,4.432101e-08
0.657750,4.55400285e-07,4.96272038e-07
0.658000,2.39730043e-07,2.90114371e-07
0.658250,-2.99382576e-07,-3.2953644e-07
0.658500,-3.15164204e-07,-4.1481325e-07
0.658750,8.74678025e-08,1.17483441e-07
0.659000,1.19572528e-07,3.97347776e-07
0.659250,-2.28491848e-07,1.49184162e-07
0.659500,-4.21949673e-07,7.2816196e-08
0.659750,-4.156549e-07,4.06867577e-07
0.660000,-3.40836013e-07,5.17977473e-07
0.660250,-9.14098978e-08,2.35919936e-07
0.660500,1.32794669e-07,1.82724692e-07
0.660750,-1.01573016e-07,4.91156533e-07
0.661000,-5.86826134e-07,4.91406742e-07
0.661250,-5.93178552e-07,1.93076265e-08
0.661500,-2.34935001e-09,-1.85255966e-07
0.661750,4.20734712e-07,1.06970596e-07
0.662000,1.68925598e-07,1.48945702e-07
0.662250,-2.31098998e-07,-2.42594029e-07
0.662500,-7.70256202e-08,-3.34041963e-07
0.662750,4.30452653e-07,-1.10711226e-07
0.663000,5.43105893e-07,-3.2196521e-07
0.663250,9.6742536e-08,-7.90528325e-07
0.663500,-2.00956896e-07,-6.91132535e-07
0.663750,2.0186092e-07,-1.99619829e-07
0.664000,7.6864086e-07,-6.94676981e-08
0.664250,6.83407021e-07,-2.23814255e-07
0.664500,1.76650263e-07,-1.84244118e-07
0.664750,1.09052471e-08,-6.34921416e-08
0.665000,1.79599204e-07,-9.75836885e-08
0.665250,1.66315635e-07,-4.31065225e-08
0.665500,-3.95165146e-08,2.52875957e-07
0.665750,-5.06349645e-08,4.70606069e-07
0.666000,9.43135897e-08,4.10888151e-07
0.666250,-7.71290469e-08,2.68821253e-07
0.666500,-5.47872742e-07,1.86837022e-07
0.666750,-6.29391889e-07,1.14191215e-07
0.667000,-1.69772183e-07,5.83634507e-08
0.667250,2.52211838e-08,9.81665166e-08
0.667500,-3.86935921e-07,2.37545246e-07
0.667750,-6.29862086e-07,3.63181312e-07
0.668000,-2.22933552e-07,3.08111761e-07
0.668250,1.75998985e-07,5.62574095e-08
0.668500,-4.78147245e-09,-1.26718952e-07
0.668750,-2.86995621e-07,2.66262454e-08
0.669000,-1.06207144e-07,3.5289822e-07
0.669250,2.30836519e-07,3.63623384e-07
0.669500,2.36801795e-07,-5.39084792e-08
0.669750,1.845961e-08,-3.89845841e-07
0.670000,-6.6043505e-08,-3.39847714e-07
0.670250,1.4542879e-07,-3.19523946e-07
0.670500,4.662633e-07,-5.67470707e-07
0.670750,4.51421509e-07,-6.20817315e-07
0.671000,1.05732685e-07,-3.38505591e-07
0.671250,1.49091168e-08,-2.36498855e-07
0.671500,2.19203755e-07,-3.86451609e-07
0.671750,1.18237876e-07,-3.67061643e-07
0.672000,-1.99285351e-07,-2.02169492e-07
0.672250,-8.06083976e-08,-9.01727483e-08
0.672500,2.86276879e-07,1.36878804e-07
0.672750,1.49888773e-07,4.93923628e-07
0.673000,-3.69198458e-07,6.8071871e-07
0.673250,-4.5164776e-07,5.9459343e-07
0.673500,-1.20424806e-08,3.55217083e-07
0.673750,1.45522154e-07,1.64469485e-07
0.674000,-2.73855906e-07,2.525282e-07
0.674250,-5.05350342e-07,4.91101822e-07
0.674500,-6.85249693e-08,4.69069101e-07
0.674750,3.38717893e-07,1.90157382e-07
0.675000,4.18883203e-08,-2.29921403e-09
0.675250,-4.73125568e-07,-6.17391347e-08
0.675500,-4.17337155e-07,-9.5654869e-08
0.675750,8.16992047e-08,-4.30064251e-08
0.676000,3.10538533e-07,1.78121512e-08
0.676250,9.46950897e-08,-1.00342693e-07
0.676500,-4.32780924e-08,-2.26441964e-07
0.676750,1.57073842e-07,-1.4290252e-07
0.677000,2.80879056e-07,-6.50383042e-08
0.677250,9.34132488e-08,-1.41660637e-07
0.677500,-1.34338647e-08,-1.70738021e-07
0.677750,1.63270872e-07,-1.89203843e-07
0.678000,2.46692737e-07,-4.03550539e-07
0.678250,4.30765473e-08,-5.76479068e-07
0.678500,-1.05115994e-07,-4.22641127e-07
0.678750,-5.02174863e-09,-1.95902581e-07
0.679000,2.16377364e-08,-1.83387891e-07
0.679250,-2.06643397e-07,-2.27420723e-07
0.679500,-3.10607645e-07,-1.19164306e-07
0.679750,-4.69047561e-08,1.10205039e-07
0.680000,1.88776485e-07,3.48539727e-07
0.680250,5.86202072e-08,4.52828737e-07
0.680500,-1.84264773e-07,3.56759005e-07
0.680750,-2.42206426e-07,3.01664099e-07
0.681000,-1.90456419e-07,4.89930864e-07
0.681250,-1.52003697e-07,6.07612325e-07
0.681500,-7.67249251e-08,3.69636054e-07
0.681750,5.95899212e-08,1.30866738e-07
0.682000,1.07520829e-07,2.15817652e-07
0.682250,-5.98559307e-08,2.95158989e-07
0.682500,-2.5725325e-07,5.87661601e-08
0.682750,-1.94199171e-07,-1.96381538e-07
0.683000,2.95527262e-08,-1.29277283e-07
0.683250,1.07651894e-07,3.57011778e-08
0.683500,8.82639805e-08,-9.96144084e-08
0.683750,1.6686709e-07,-4.04516033e-07
0.684000,1.94690178e-07,-3.95803576e-07
0.684250,1.89118555e-08,-1.05762692e-08
0.684500,-5.05625549e-08,2.46983727e-07
0.684750,2.25740669e-07,-1.26275243e-09
0.685000,4.02405519e-07,-4.05584647e-07
0.685250,6.37567838e-08,-3.45515563e-07
0.685500,-2.68727935e-07,6.59584574e-09
0.685750,2.51825991e-08,-8.38775298e-08
0.686000,4.44427853e-07,-5.29571983e-07
0.686250,2.18623779e-07,-5.3782318e-07
0.686500,-2.80668212e-07,-8.91646563e-08
0.686750,-2.56420373e-07,9.65582088e-08
0.687000,9.50371793e-08,-1.12218533e-07
0.687250,5.47429021e-08,-1.74378201e-07
0.687500,-3.07812524e-07,8.30163599e-08
0.687750,-3.49319364e-07,2.76382246e-07
0.688000,-5.50199515e-08,2.43508003e-07
0.688250,-3.11437418e-09,2.37904667e-07
0.688500,-2.48476891e-07,3.62515211e-07
0.688750,-3.09378545e-07,4.77816868e-07
0.689000,-1.63668807e-07,4.96814873e-07
0.689250,-1.63050177e-07,3.46616492e-07
0.689500,-2.1648685e-07,9.15006384e-08
0.689750,-8.61255874e-08,5.656715e-08
0.690000,-1.39221871e-08,2.46589536e-07
0.690250,-1.81432758e-07,1.8024012e-07
0.690500,-2.14596243e-07,-2.34414543e-07
0.690750,8.28958885e-08,-4.62895731e-07
0.691000,3.02080084e-07,-2.42880925e-07
0.691250,2.44024977e-07,1.74197694e-08
0.691500,2.33631103e-07,-6.41183991e-08
0.691750,3.09355211e-07,-2.92786434e-07
0.692000,1.79308116e-07,-3.3551459e-07
0.692250,4.03974604e-08,-2.34362509e-07
0.692500,2.56224615e-07,-1.19964764e-07
0.692750,4.85828846e-07,2.40735087e-08
0.693000,2.88197983e-07,9.4768572e-08
0.693250,-4.85788911e-09,-1.76447147e-08
0.693500,2.46413518e-08,-1.53637697e-07
0.693750,1.35117478e-07,-1.70774472e-07
0.694000,1.08833947e-08,-1.27222173e-07
0.694250,-2.06129654e-07,-4.57819327e-08
0.694500,-2.83557574e-07,8.15358271e-08
0.694750,-2.22062367e-07,1.55575929e-07
0.695000,-1.66156701e-07,9.52916574e-08
0.695250,-2.44836416e-07,-2.07306235e-08
0.695500,-3.90552447e-07,-1.07202829e-08
0.695750,-3.69627523e-07,1.9031659e-07
0.696000,-1.75016323e-07,3.86610988e-07
0.696250,-1.21324554e-07,3.77787804e-07
0.696500,-3.10852509e-07,2.87334176e-07
0.696750,-3.69739723e-07,3.23582142e-07
0.697000,-5.0131245e-08,3.42187388e-07
0.697250,2.75273151e-07,1.28389063e-07
0.697500,1.81404173e-07,-6.47780071e-08
0.697750,-9.47999064e-08,4.45481892e-08
0.698000,-7.21430613e-08,1.06825094e-07
0.698250,1.80147286e-07,-2.42334416e-07
0.698500,2.58676621e-07,-6.43184188e-07
0.698750,1.40909824e-07,-6.6432687e-07
0.699000,1.27011953e-07,-4.85782067e-07
0.699250,2.37890208e-07,-4.06513425e-07
0.699500,2.03786071e-07,-3.74392903e-07
0.699750,5.09573298e-08,-2.70758958e-07
0.700000,1.14356412e-07,-1.3625661e-07
0.700250,3.65383615e-07,-2.53372034e-08
0.700500,3.88937825e-07,5.5377216e-08
0.700750,1.02632625e-07,1.10118051e-07
0.701000,-1.43221554e-07,1.96349773e-07
0.701250,-1.52449264e-07,3.11112975e-07
0.701500,-7.17669045e-08,2.74578842e-07
0.701750,-7.62792081e-08,7.9301063e-08
0.702000,-1.84045503e-07,7.38272544e-08
0.702250,-3.32489182e-07,3.36595118e-07
0.702500,-4.18232655e-07,3.93926393e-07
0.702750,-3.25121671e-07,7.14774163e-08
0.703000,-1.51239853e-07,-6.83122454e-08
0.703250,-1.66394707e-07,2.84786016e-07
0.703500,-2.89646475e-07,5.4460553e-07
0.703750,-1.8639367e-07,2.83142085e-07
0.704000,-2.19007742e-09,5.12124418e-08
0.704250,-8.35224273e-08,2.78070804e-07
0.704500,-1.64188928e-07,3.85919741e-07
0.704750,1.00224712e-07,-4.98109092e-08
0.705000,3.19734489e-07,-4.17084209e-07
0.705250,8.06855772e-08,-2.24269234e-07
0.705500,-2.0812749e-07,1.38073097e-09
0.705750,5.69200339e-09,-2.91454376e-07
0.706000,4.44112483e-07,-7.3595224e-07
0.706250,4.53735895e-07,-7.46948094e-07
0.706500,1.21413307e-07,-4.75225076e-07
0.706750,5.85368527e-08,-3.90096551e-07
0.707000,2.57974383e-07,-4.20396588e-07
0.707250,2.31408792e-07,-2.68622556e-07
0.707500,3.13147062e-08,-1.02673897e-07
0.707750,2.62010821e-08,-1.65917002e-07
0.708000,9.02745321e-08,-2.03354697e-07
0.708250,-4.4668178e-08,7.9489996e-08
0.708500,-2.0483044e-07,4.62583446e-07
0.708750,-1.89705841e-07,5.87142816e-07
0.709000,-1.58819053e-07,5.10507936e-07
0.709250,-2.25577677e-07,4.81565797e-07
0.709500,-2.24096673e-07,4.58410609e-07
0.709750,-9.44007573e-08,3.23459561e-07
0.710000,-3.44447351e-08,2.3536978e-07
0.710250,-1.17918455e-07,2.51924322e-07
0.710500,-1.53601799e-07,1.41824256e-07
0.710750,-6.8620473e-08,-5.46472538e-08
0.711000,-3.71746715e-08,-4.33091069e-08
0.711250,-8.62870861e-08,6.89269461e-08
0.711500,-2.52758944e-08,-7.70131686e-09
0.711750,1.25851015e-07,-1.01074588e-07
0.712000,1.32568389e-07,5.02022032e-08
0.712250,8.31053167e-09,1.8156055e-07
0.712500,2.77154264e-09,-3.75094277e-08
0.712750,1.47263941e-07,-3.5363097e-07
0.713000,2.17851935e-07,-3.57264464e-07
0.713250,1.30945203e-07,-1.58202794e-07
0.713500,5.95844598e-08,-1.13244852e-07
0.713750,1.18923676e-07,-2.61192788e-07
0.714000,1.65627746e-07,-3.95294488e-07
0.714250,3.22438884e-08,-3.92904896e-07
0.714500,-1.71973369e-07,-3.01813928e-07
0.714750,-1.72501699e-07,-2.37001523e-07
0.715000,5.59530986e-08,-2.10714794e-07
0.715250,1.60713604e-07,-1.20145157e-07
0.715500,-8.56128286e-08,4.76034733e-08
0.715750,-3.07900881e-07,1.73477787e-07
0.716000,-8.31028643e-08,2.25723306e-07
0.716250,2.23666734e-07,2.97161341e-07
0.716500,4.1186455e-08,3.73343677e-07
0.716750,-3.01360323e-07,3.47152013e-07
0.717000,-1.57209466e-07,2.96552271e-07
0.717250,1.70378585e-07,3.7427587e-07
0.717500,-1.37112759e-08,4.51244526e-07
0.717750,-3.9081076e-07,2.8733894e-07
0.718000,-1.60258797e-07,-4.11733003e-08
0.718250,3.46576641e-07,-2.15857388e-07
0.718500,1.82419866e-07,-9.85410754e-08
0.718750,-3.63467953e-07,6.19644097e-08
0.719000,-2.50804899e-07,-7.40650562e-08
0.719250,3.5057557e-07,-3.95446649e-07
0.719500,4.59959345e-07,-4.27895958e-07
0.719750,1.04457423e-07,-1.14060294e-07
0.720000,4.6594538e-08,5.60515324e-08
0.720250,2.9737101e-07,-1.00464934e-07
0.720500,2.92997688e-07,-1.8449276e-07
0.720750,4.63686477e-08,-1.86084994e-08
0.721000,9.94271151e-09,6.65779268e-08
0.721250,1.69042493e-07,-6.15370739e-08
0.721500,1.71008652e-07,-1.58479121e-07
0.721750,2.17701783e-08,-1.68423161e-07
0.722000,-5.60218735e-08,-2.0383728e-07
0.722250,-8.83133858e-08,-1.62609727e-07
0.722500,-1.66595026e-07,-6.63085458e-09
0.722750,-1.97527715e-07,2.3518482e-08
0.723000,-1.43650353e-07,-7.379596e-08
0.723250,-1.34674275e-07,3.64207238e-08
0.723500,-1.78904273e-07,3.41095891e-07
0.723750,-1.39491199e-07,4.55934016e-07
0.724000,-7.77861747e-08,3.74051737e-07
0.724250,-1.77678127e-07,3.86188611e-07
0.724500,-2.87433885e-07,3.61938211e-07
0.724750,-1.17407576e-07,8.10220703e-08
0.725000,1.25221259e-07,-5.26933294e-08
0.725250,3.88487729e-08,2.70422736e-07
0.725500,-1.69142988e-07,4.29851501e-07
0.725750,-4.24953455e-08,-6.59048361e-08
0.726000,2.33775426e-07,-5.62061324e-07
0.726250,1.97574533e-07,-4.28399235e-07
0.726500,-8.38793114e-09,-1.41084829e-07
0.726750,5.56148402e-08,-2.54312098e-07
0.727000,3.15726687e-07,-4.66409581e-07
0.727250,3.75768501e-07,-3.89319229e-07
0.727500,2.17925523e-07,-2.15091169e-07
0.727750,1.44944236e-07,-1.73839943e-07
0.728000,2.13611688e-07,-1.26010795e-07
0.728250,2.20448822e-07,8.57337891e-09
0.728500,1.44797759e-07,4.65808476e-08
0.728750,1.33638442e-07,-2.68564502e-08
0.729000,1.44173796e-07,-5.45721921e-11
0.729250,4.95211382e-08,1.10255041e-07
0.729500,-7.86202403e-08,1.06529013e-07
0.729750,-1.44519497e-07,2.88544192e-08
0.730000,-1.76159838e-07,3.28258075e-08
0.730250,-1.53995207e-07,6.19086569e-08
0.730500,-1.03130163e-07,2.26981103e-08
0.730750,-2.09238051e-07,3.34590723e-08
0.731000,-4.13781208e-07,1.95683177e-07
0.731250,-3.50653433e-07,3.43350162e-07
0.731500,-5.34641052e-08,3.08848808e-07
0.731750,-7.48524097e-09,2.43265574e-07
0.732000,-2.34034175e-07,3.45528007e-07
0.732250,-2.23069352e-07,4.60762816e-07
0.732500,8.01604066e-08,3.46365566e-07
0.732750,1.95485515e-07,1.48936346e-07
0.733000,3.03790563e-08,1.19922371e-07
0.733250,-2.51492328e-08,6.74823167e-08
0.733500,1.50850706e-07,-2.80297857e-07
0.733750,2.86254339e-07,-6.23090493e-07
0.734000,2.46758198e-07,-5.38846917e-07
0.734250,2.00013587e-07,-2.60845895e-07
0.734500,2.62618648e-07,-2.64743934e-07
0.734750,2.93379167e-07,-4.95593154e-07
0.735000,1.62848896e-07,-6.10932105e-07
0.735250,3.1330192e-08,-5.15943308e-07
0.735500,9.30341904e-08,-2.89379341e-07
0.735750,2.01886504e-07,-3.09452067e-08
0.736000,1.12304205e-07,1.22395342e-07
0.736250,-9.3199719e-08,1.50471216e-07
0.736500,-1.7187361e-07,1.66936888e-07
0.736750,-8.05833875e-08,1.62710328e-07
0.737000,2.54853237e-08,9.52263946e-08
0.737250,-5.36610143e-08,1.48999572e-07
0.737500,-3.12683676e-07,3.83639126e-07
0.737750,-4.09366777e-07,4.20903182e-07
0.738000,-1.62816866e-07,1.09956827e-07
0.738250,4.7867362e-08,-4.74979586e-08
0.738500,-9.67021614e-08,2.32121764e-07
0.738750,-2.85058973e-07,5.01077782e-07
0.739000,-1.45649875e-07,4.21135657e-07
0.739250,1.25225953e-07,2.4926249e-07
0.739500,1.83477905e-07,2.3095167e-07
0.739750,1.17946291e-07,2.50155328e-07
0.740000,1.63987176e-07,1.72848305e-07
0.740250,2.43188744e-07,5.59410952e-08
0.740500,2.08212157e-07,-5.53489674e-08
0.740750,1.67746642e-07,-2.45639442e-07
0.741000,2.18742295e-07,-5.04748345e-07
0.741250,2.2531528e-07,-6.42787532e-07
0.741500,1.15208003e-07,-6.02150709e-07
0.741750,3.75207845e-08,-5.55971239e-07
0.742000,6.55337402e-08,-5.77448494e-07
0.742250,7.87822484e-08,-5.23635436e-07
0.742500,1.62575209e-08,-3.38801534e-07
0.742750,-5.09678165e-08,-1.88171044e-07
0.743000,-8.6737978e-08,-1.26866558e-07
0.743250,-1.0857899e-07,5.75739882e-08
0.743500,-1.27301757e-07,3.95732858e-07
0.743750,-1.63736346e-07,5.54359605e-07
0.744000,-2.16373301e-07,4.21496668e-07
0.744250,-2.39741525e-07,3.27576757e-07
0.744500,-2.16382641e-07,4.36520192e-07
0.744750,-1.74908234e-07,4.88587011e-07
0.745000,-1.52443957e-07,3.21699534e-07
0.745250,-1.59149572e-07,1.61706293e-07
0.745500,-1.30443801e-07,1.93106143e-07
0.745750,-8.69282062e-09,2.34026749e-07
0.746000,1.07430894e-07,1.3203081e-07
0.746250,8.20180877e-08,5.80798594e-08
0.746500,-5.78293328e-09,6.24951274e-08
0.746750,5.76690435e-08,-8.31689313e-08
0.747000,2.82442916e-07,-3.27282871e-07
0.747250,4.16529643e-07,-3.2996274e-07
0.747500,3.07727412e-07,-1.14351557e-07
0.747750,1.2953735e-07,-3.27274253e-08
0.748000,1.00598874e-07,-1.63439649e-07
0.748250,1.91134611e-07,-2.90167556e-07
0.748500,2.52771169e-07,-3.08273203e-07
0.748750,2.28699224e-07,-2.90686571e-07
0.749000,1.4097555e-07,-3.07478053e-07
0.749250,2.73144629e-08,-3.4553937e-07
0.749500,-6.61998845e-08,-3.139776e-07
0.749750,-1.01866906e-07,-1.67117152e-07
0.750000,-8.04819999e-08,-4.31040255e-08
0.750250,-6.14443894e-08,-6.39677608e-08
0.750500,-1.3966835e-07,-7.63727476e-08
0.750750,-3.11007961e-07,9.80986442e-08
0.751000,-3.60837445e-07,3.38018116e-07
0.751250,-1.32123937e-07,4.17275592e-07
0.751500,8.52228513e-08,3.24568049e-07
0.751750,-8.476551e-08,2.61373975e-07
0.752000,-3.83094496e-07,3.86682887e-07
0.752250,-2.84455383e-07,5.65065086e-07
0.752500,4.79387405e-08,5.38229371e-07
0.752750,5.86874318e-08,3.55229694e-07
0.753000,-1.87343196e-07,2.59956141e-07
0.753250,-1.80947791e-07,2.19742507e-07
0.753500,8.97046727e-08,2.22469305e-08
0.753750,1.7201589e-07,-2.53345191e-07
0.754000,-1.47855732e-08,-3.12850112e-07
0.754250,-6.77001225e-08,-1.83391946e-07
0.754500,1.52374298e-07,-2.1410302e-07
0.754750,2.89875354e-07,-4.55230695e-07
0.755000,1.71116192e-07,-5.70901642e-07
0.755250,1.03738695e-07,-4.37762248e-07
0.755500,2.54689128e-07,-2.56509052e-07
0.755750,3.2113142e-07,-1.55590027e-07
0.756000,1.16352771e-07,-1.28914953e-07
0.756250,-6.95980596e-08,-1.26148196e-07
0.756500,2.1937125e-09,-5.46259911e-08
0.756750,1.4499364e-07,5.55110902e-08
0.757000,1.44678108e-07,5.49936347e-08
0.757250,3.9104739e-08,-1.7698973e-08
0.757500,-9.14934726e-08,1.34545335e-08
0.757750,-1.65060027e-07,9.18214393e-08
0.758000,-9.31439849e-08,3.08360271e-08
0.758250,-2.98604289e-08,-5.86166908e-08
0.758500,-1.71080897e-07,6.41973969e-08
0.758750,-2.91715323e-07,2.50460218e-07
0.759000,-1.36554465e-07,2.10894085e-07
0.759250,2.42563472e-08,1.10536851e-07
0.759500,-1.02551459e-07,2.37038647e-07
0.759750,-2.6279703e-07,4.25092457e-07
0.760000,-1.31330491e-07,4.3178838e-07
0.760250,1.15834723e-07,3.69652783e-07
0.760500,1.26367114e-07,3.30535264e-07
0.760750,-4.59401598e-08,1.76421586e-07
0.761000,-6.36491458e-08,-5.39115155e-08
0.761250,1.22170368e-07,-1.17851606e-07
0.761500,2.18244279e-07,-6.87971837e-08
0.761750,9.64563658e-08,-2.17613498e-07
0.762000,-3.44626325e-08,-5.27969351e-07
0.762250,-6.6254996e-09,-6.32672869e-07
0.762500,9.21169794e-08,-4.7471454e-07
0.762750,1.35775295e-07,-3.27785417e-07
0.763000,1.3266164e-07,-2.4598119e-07
0.763250,1.35740444e-07,-9.87139748e-08
0.763500,1.51160233e-07,1.14204054e-08
0.763750,1.28998231e-07,-4.7624056e-08
0.764000,4.13547143e-09,-5.87871155e-08
0.764250,-1.46627991e-07,1.51347658e-07
0.764500,-1.25858449e-07,2.85465763e-07
0.764750,3.50160932e-09,1.18704193e-07
0.765000,-9.1189418e-08,-2.80924131e-08
0.765250,-3.85128629e-07,7.84155943e-08
0.765500,-4.12346048e-07,1.45953271e-07
0.765750,-9.04995259e-08,2.98142331e-08
0.766000,6.28081905e-08,6.14221848e-08
0.766250,-1.5625064e-07,3.39642274e-07
0.766500,-2.751103e-07,4.58773056e-07
0.766750,-1.94806882e-08,2.31697843e-07
0.767000,2.34401692e-07,3.71519807e-08
0.767250,1.86203262e-07,1.77418266e-07
0.767500,6.39750366e-08,4.08194594e-07
0.767750,1.1564162e-07,3.82066782e-07
0.768000,2.24431162e-07,1.4186552e-07
0.768250,2.02503613e-07,-8.041477e-08
0.768500,1.03728353e-07,-2.20009549e-07
0.768750,8.53790695e-08,-3.28860317e-07
0.769000,1.42982597e-07,-4.06420812e-07
0.769250,1.62007009e-07,-4.34923874e-07
0.769500,1.19722615e-07,-4.5392766e-07
0.769750,6.78671576e-08,-5.07784157e-07
0.770000,4.12787846e-08,-5.85427227e-07
0.770250,5.25350748e-08,-6.1321294e-07
0.770500,4.03544132e-08,-4.61933303e-07
0.770750,-7.87232395e-08,-1.0762078e-07
0.771000,-2.17357047e-07,1.91567832e-07
0.771250,-2.25773198e-07,2.00882961e-07
0.771500,-1.82478987e-07,1.31396575e-07
0.771750,-2.44352582e-07,3.01015568e-07
0.772000,-3.09311352e-07,5.68893383e-07
0.772250,-1.93854379e-07,6.05091312e-07
0.772500,-2.72911031e-08,4.38074823e-07
0.772750,-7.57966713e-08,3.10448911e-07
0.773000,-2.47229946e-07,2.90001342e-07
0.773250,-2.14283589e-07,3.24478862e-07
0.773500,-3.41094472e-10,3.90500106e-07
0.773750,6.53417016e-08,3.73243506e-07
0.774000,-4.240058e-08,1.36946839e-07
0.774250,-1.657069e-08,-1.33718205e-07
0.774500,2.05706044e-07,-1.30413681e-07
0.774750,3.36106275e-07,6.47142848e-09
0.775000,2.42729633e-07,-7.71119622e-08
0.775250,1.46334087e-07,-2.85362694e-07
0.775500,2.20733022e-07,-2.99436411e-07
0.775750,3.44403441e-07,-1.8924068e-07
0.776000,3.5073268e-07,-2.36419841e-07
0.776250,2.55957328e-07,-4.11203442e-07
0.776500,1.87993158e-07,-4.60068052e-07
0.776750,2.22250841e-07,-3.83312938e-07
0.777000,2.51322728e-07,-3.94636783e-07
0.777250,8.60475234e-08,-4.1766978e-07
0.777500,-1.94890168e-07,-2.07017436e-07
0.777750,-2.75553335e-07,4.69945228e-08
0.778000,-1.37124627e-07,-3.9148705e-09
0.778250,-1.15427041e-07,-1.31979667e-07
0.778500,-2.92207889e-07,9.06305278e-08
0.778750,-3.81173511e-07,4.64425384e-07
0.779000,-2.99332412e-07,5.04364071e-07
0.779250,-2.66188006e-07,3.03739491e-07
0.779500,-3.18282902e-07,3.27880246e-07
0.779750,-2.66020909e-07,5.62851891e-07
0.780000,-9.85056955e-08,5.73405205e-07
0.780250,4.20724273e-09,3.04559023e-07
0.780500,-4.61761597e-09,1.25580537e-07
0.780750,-7.11750494e-09,1.27408063e-07
0.781000,6.49619608e-08,5.50117553e-08
0.781250,1.63017028e-07,-1.2184075e-07
0.781500,2.021526e-07,-1.82205006e-07
0.781750,1.59366952e-07,-1.21676534e-07
0.782000,1.28266285e-07,-1.57543581e-07
0.782250,1.99934558e-07,-3.30294483e-07
0.782500,2.97358506e-07,-4.41649252e-07
0.782750,2.92846844e-07,-3.5653979e-07
0.783000,2.22735447e-07,-1.57497567e-07
0.783250,1.9382733e-07,-1.91198362e-08
0.783500,1.94304524e-07,-4.01365623e-08
0.783750,1.52937166e-07,-1.47815386e-07
0.784000,6.66301566e-08,-1.47494577e-07
0.784250,-5.12695451e-09,4.06168288e-09
0.784500,-1.88269843e-08,7.27647079e-08
0.784750,-3.56611223e-08,-6.50715106e-08
0.785000,-1.60169146e-07,-1.43581379e-07
0.785250,-3.08033218e-07,3.49761733e-08
0.785500,-2.71067545e-07,2.16629378e-07
0.785750,-1.22144955e-07,1.73170923e-07
0.786000,-1.5508296e-07,1.1209416e-07
0.786250,-3.26441562e-07,2.21691442e-07
0.786500,-2.88986821e-07,3.12869977e-07
0.786750,-4.78390921e-08,2.26444426e-07
0.787000,2.53728208e-08,1.30659933e-07
0.787250,-1.26573444e-07,1.93684571e-07
0.787500,-1.84247884e-07,2.89585143e-07
0.787750,-6.37668008e-08,2.13184868e-07
0.788000,2.50672358e-08,3.11409356e-08
0.788250,4.43603433e-08,-1.63108775e-08
0.788500,1.06457709e-07,7.11835466e-08
0.788750,1.62396302e-07,4.87750219e-08
0.789000,1.1427534e-07,-1.64073616e-07
0.789250,3.03920475e-08,-3.79626235e-07
0.789500,2.45020848e-08,-4.44413787e-07
0.789750,9.35091449e-08,-4.16128195e-07
0.790000,1.7442355e-07,-4.13631057e-07
0.790250,2.33024991e-07,-4.21753874e-07
0.790500,2.18635298e-07,-3.36645933e-07
0.790750,8.23059576e-08,-1.57985216e-07
0.791000,-6.42200621e-08,-2.12793462e-08
0.791250,-5.29819209e-08,-8.87295969e-09
0.791500,2.55176521e-08,2.79620049e-09
0.791750,-3.23214088e-08,1.72167658e-07
0.792000,-1.53282099e-07,3.88787631e-07
0.792250,-1.49262136e-07,4.1738803e-07
0.792500,-9.07168482e-08,3.15315027e-07
0.792750,-1.45802857e-07,3.08287935e-07
0.793000,-2.38990112e-07,3.57000999e-07
0.793250,-1.81829147e-07,2.9375807e-07
0.793500,-2.66676257e-08,2.02490523e-07
0.793750,3.88685718e-09,2.32988609e-07
0.794000,-9.09060766e-08,2.55302524e-07
0.794250,-9.72997671e-08,8.9788704e-08
0.794500,1.90602253e-08,-1.21857586e-07
0.794750,8.16520725e-08,-1.39495257e-07
0.795000,3.25608992e-08,-2.82306872e-08
0.795250,-8.85528475e-09,-5.45037716e-09
0.795500,3.93226552e-08,-9.0752732e-08
0.795750,1.23606031e-07,-1.69044357e-07
0.796000,1.40977634e-07,-1.7538739e-07
0.796250,7.75600345e-08,-1.05909232e-07
0.796500,3.12531832e-08,-6.92945843e-08
0.796750,5.97316295e-08,-2.33316711e-07
0.797000,7.57613847e-08,-5.05108284e-07
0.797250,-2.16223964e-08,-5.46364144e-07
0.797500,-1.58270939e-07,-3.19424881e-07
0.797750,-1.61901969e-07,-1.96526124e-07
0.798000,-5.26468519e-08,-3.09260038e-07
0.798250,-4.9113514e-08,-3.22251399e-07
0.798500,-1.77807879e-07,-7.16906815e-08
0.798750,-1.84487525e-07,1.64265569e-07
0.799000,-2.09663091e-08,2.09970313e-07
0.799250,3.70516933e-09,2.34779346e-07
0.799500,-1.86685768e-07,3.51028455e-07
0.799750,-2.33210261e-07,4.31226754e-07
0.800000,-1.40383455e-08,3.786505e-07
0.800250,1.08728877e-07,3.01413876e-07
0.800500,-2.70311086e-08,3.45538322e-07
0.800750,-1.17014876e-07,4.44174229e-07
0.801000,-4.91214537e-09,3.77902833e-07
0.801250,7.52003064e-08,1.24768309e-07
0.801500,1.64795528e-08,-7.24187324e-08
0.801750,2.82080285e-08,-7.62424142e-08
0.802000,1.85327498e-07,-2.58030028e-08
0.802250,2.8696819e-07,-5.09541681e-08
0.802500,2.60252621e-07,-9.07859899e-08
0.802750,2.52006152e-07,-8.60304281e-08
0.803000,2.83067375e-07,-1.03691188e-07
0.803250,2.41420854e-07,-1.79593417e-07
0.803500,1.60073653e-07,-2.33549383e-07
0.803750,1.23825886e-07,-2.01114863e-07
0.804000,7.61908424e-08,-1.17463904e-07
0.804250,-8.16498724e-09,-6.6707802e-08
0.804500,-4.31384535e-08,-1.12377013e-07
0.804750,-6.53571382e-08,-2.34790262e-07
0.805000,-2.01818332e-07,-3.29140002e-07
0.805250,-3.66544176e-07,-3.17823793e-07
0.805500,-3.54788025e-07,-2.32098267e-07
0.805750,-2.28915587e-07,-1.36068478e-07
0.806000,-2.34625754e-07,-3.15877823e-08
0.806250,-3.56217899e-07,9.17724979e-08
0.806500,-3.54166381e-07,1.97387481e-07
0.806750,-2.0657581e-07,2.79681171e-07
0.807000,-1.1757743e-07,3.65305845e-07
0.807250,-1.5143727e-07,4.01991576e-07
0.807500,-1.76371005e-07,3.54803301e-07
0.807750,-1.037481e-07,3.07846321e-07
0.808000,7.9567788e-09,2.68096056e-07
0.808250,7.15967339e-08,1.58975921e-07
0.808500,1.03486279e-07,6.72796864e-08
0.808750,1.69409571e-07,8.05353758e-08
0.809000,2.46642375e-07,3.98949669e-08
0.809250,2.56816573e-07,-1.61120397e-07
0.809500,2.14624597e-07,-3.52024096e-07
0.809750,2.37726546e-07,-3.87178454e-07
0.810000,3.60192973e-07,-3.47359973e-07
0.810250,4.18932766e-07,-3.38098283e-07
0.810500,2.88484988e-07,-2.97404823e-07
0.810750,1.31815823e-07,-1.44344904e-07
0.811000,1.54500066e-07,-2.70846416e-08
0.811250,2.47189948e-07,-1.1537978e-07
0.811500,1.73973412e-07,-2.19780789e-07
0.811750,-2.85576595e-08,-8.05750625e-08
0.812000,-1.21320784e-07,1.31393496e-07
0.812250,-5.0652723e-08,1.21659021e-07
0.812500,-2.65324046e-08,1.18108426e-08
0.812750,-1.77805622e-07,8.50010565e-08
0.813000,-3.41956854e-07,2.6578804e-07
0.813250,-3.47527349e-07,2.9179742e-07
0.813500,-2.9687003e-07,2.10987307e-07
0.813750,-3.39247715e-07,2.64369018e-07
0.814000,-3.71731247e-07,3.80745118e-07
0.814250,-2.40770741e-07,2.92703642e-07
0.814500,-6.16223028e-08,8.22620212e-08
0.814750,-4.89581022e-08,6.32980683e-08
0.815000,-1.50420655e-07,2.08184766e-07
0.815250,-1.26122411e-07,2.06012835e-07
0.815500,6.10675388e-08,5.20889114e-09
0.815750,1.95017668e-07,-1.29804067e-07
0.816000,1.61249803e-07,-8.54179935e-08
0.816250,1.09190762e-07,-7.70060369e-08
0.816500,1.73706706e-07,-2.71645846e-07
0.816750,2.57330124e-07,-5.23547461e-07
0.817000,2.24975775e-07,-6.25182911e-07
0.817250,1.23791638e-07,-5.71062318e-07
0.817500,7.52948379e-08,-4.76878203e-07
0.817750,9.05230334e-08,-4.24826279e-07
0.818000,8.51216193e-08,-3.91384148e-07
0.818250,1.90008746e-08,-2.62001287e-07
0.818500,-3.10125191e-08,-1.76728253e-08
0.818750,1.21048022e-08,1.7276999e-07
0.819000,6.20125146e-08,2.22490046e-07
0.819250,-3.03870481e-08,2.81522513e-07
0.819500,-2.04219506e-07,4.30752282e-07
0.819750,-2.26859369e-07,5.22359439e-07
0.820000,-7.83147448e-08,4.7510226e-07
0.820250,-1.82551857e-08,3.99646093e-07
0.820500,-1.15308503e-07,3.64524721e-07
0.820750,-1.1386049e-07,3.2089992e-07
0.821000,3.84143948e-08,2.50488525e-07
0.821250,8.15321916e-08,1.94216747e-07
0.821500,-9.08304499e-09,1.5192632e-07
0.821750,8.40458962e-09,6.67373373e-08
0.822000,1.39195509e-07,-6.4846224e-08
0.822250,1.90605725e-07,-1.48258164e-07
0.822500,1.67957172e-07,-1.18725389e-07
0.822750,1.90448215e-07,-3.76219292e-08
0.823000,2.08775115e-07,-2.07238576e-08
0.823250,1.38814458e-07,-1.1796922e-07
0.823500,8.65642405e-08,-2.49666833e-07
0.823750,1.42642701e-07,-2.95641691e-07
0.824000,1.6455723e-07,-2.7962319e-07
0.824250,5.95220636e-08,-3.20493139e-07
0.824500,-2.67835794e-08,-4.05072711e-07
0.824750,-6.00960079e-08,-4.17188436e-07
0.825000,-1.9863051e-07,-3.45638308e-07
0.825250,-3.72537968e-07,-2.85798586e-07
0.825500,-3.48371699e-07,-2.68148334e-07
0.825750,-2.22383312e-07,-1.86679277e-07
0.826000,-2.57605734e-07,4.1105986e-08
0.826250,-3.58726262e-07,2.95600944e-07
0.826500,-2.67860893e-07,4.06981914e-07
0.826750,-7.31826536e-08,4.10656467e-07
0.827000,-3.15933114e-08,4.33600509e-07
0.827250,-1.10875381e-07,4.63297641e-07
0.827500,-1.06979963e-07,4.24667606e-07
0.827750,-7.70292909e-09,3.34750822e-07
0.828000,6.2398479e-08,2.48515446e-07
0.828250,8.70869888e-08,1.63648226e-07
0.828500,1.37433119e-07,6.92175458e-08
0.828750,2.18635469e-07,2.66673437e-09
0.829000,2.65550068e-07,-4.140721e-08
0.829250,2.49797706e-07,-1.46186481e-07
0.829500,2.31300217e-07,-3.01960499e-07
0.829750,2.86037041e-07,-3.8010299e-07
0.830000,3.91886986e-07,-3.57653353e-07
0.830250,4.26705258e-07,-3.29344294e-07
0.830500,3.13228669e-07,-2.92755047e-07
0.830750,1.41679012e-07,-1.90082281e-07
0.831000,7.05851867e-08,-9.94670079e-08
0.831250,8.49577475e-08,-1.02632862e-07
0.831500,1.24710083e-10,-7.47466414e-08
0.831750,-1.97939908e-07,8.29626691e-08
0.832000,-2.63796407e-07,1.83432748e-07
0.832250,-1.37662771e-07,8.68015106e-08
0.832500,-1.13497775e-07,1.60936112e-08
0.832750,-2.91845445e-07,1.58430356e-07
0.833000,-3.59337144e-07,3.01056156e-07
0.833250,-2.03895247e-07,2.10027559e-07
0.833500,-1.38786995e-07,2.58744276e-08
0.833750,-2.62488785e-07,2.72679367e-09
0.834000,-2.70007165e-07,1.26964718e-07
0.834250,-7.78813637e-08,2.25718211e-07
0.834500,2.54131452e-08,2.52757742e-07
0.834750,-4.74931444e-08,2.56635166e-07
0.835000,-5.19113669e-08,2.21815109e-07
0.835250,9.09664878e-08,1.13028217e-07
0.835500,1.72896131e-07,-2.81528495e-08
0.835750,1.26427333e-07,-1.12545097e-07
0.836000,1.28455443e-07,-1.03100676e-07
0.836250,2.21344189e-07,-9.53430473e-08
0.836500,2.39976859e-07,-2.21498516e-07
0.836750,1.54366399e-07,-4.25711455e-07
0.837000,1.15242411e-07,-5.03882249e-07
0.837250,1.53189199e-07,-4.19962298e-07
0.837500,1.40139722e-07,-3.61544682e-07
0.837750,4.31682977e-08,-4.15197213e-07
0.838000,-2.52944057e-08,-4.30504489e-07
0.838250,-2.18957379e-08,-3.08817025e-07
0.838500,-3.05174831e-08,-1.62567884e-07
0.838750,-7.60845778e-08,-5.92421792e-08
0.839000,-8.42713413e-08,1.02438928e-07
0.839250,-4.20459223e-08,3.34454747e-07
0.839500,-6.60336714e-09,4.72767184e-07
0.839750,8.79585347e-09,4.58068665e-07
0.840000,1.49221445e-08,4.37401008e-07
0.840250,-5.3491513e-10,4.85137076e-07
0.840500,-2.90208729e-08,4.72887916e-07
0.840750,-4.36449792e-08,3.44399515e-07
0.841000,-4.42688512e-08,2.49095719e-07
0.841250,-3.0568571e-08,2.45389497e-07
0.841500,1.63485588e-08,1.82194869e-07
0.841750,8.5947871e-08,1.20885319e-08
0.842000,1.5252455e-07,-1.09384223e-07
0.842250,2.25097081e-07,-1.08305552e-07
0.842500,2.73954001e-07,-8.7402863e-08
0.842750,2.04689633e-07,-1.22244092e-07
0.843000,4.84127472e-08,-1.66666039e-07
0.843250,-1.3016264e-08,-1.8123918e-07
0.843500,5.71722497e-08,-2.04292029e-07
0.843750,9.59274129e-08,-2.28254586e-07
0.844000,4.245555e-08,-1.95057802e-07
0.844250,-5.12233752e-10,-1.85087855e-07
0.844500,-2.25751201e-09,-3.04938904e-07
0.844750,-5.10710206e-08,-4.0445429e-07
0.845000,-1.70722505e-07,-3.14999478e-07
0.845250,-2.43210691e-07,-2.05766695e-07
0.845500,-1.79848178e-07,-2.73742302e-07
0.845750,-9.19358078e-08,-3.53835573e-07
0.846000,-1.23882807e-07,-2.07428459e-07
0.846250,-1.87885699e-07,7.94663505e-08
0.846500,-1.28489723e-07,2.65298003e-07
0.846750,-3.66971989e-08,3.12998696e-07
0.847000,-7.22419808e-08,3.61644279e-07
0.847250,-1.29064462e-07,4.5572064e-07
0.847500,-3.06901019e-08,4.91309542e-07
0.847750,1.09740758e-07,3.97651498e-07
0.848000,7.96994197e-08,2.4312155e-07
0.848250,-3.32329794e-08,1.37744332e-07
0.848500,9.86343497e-09,8.56790862e-08
0.848750,1.65753238e-07,1.26504702e-08
0.849000,1.95522085e-07,-7.37540056e-08
0.849250,1.02754892e-07,-1.02511354e-07
0.849500,1.07868555e-07,-1.01660674e-07
0.849750,2.50161537e-07,-1.44198434e-07
0.850000,3.57041205e-07,-1.94328287e-07
0.850250,3.38223973e-07,-1.92854478e-07
0.850500,2.54652594e-07,-1.66321442e-07
0.850750,1.7662994e-07,-1.35245706e-07
0.851000,1.26577216e-07,-8.59309116e-08
0.851250,9.46558911e-08,-3.80742098e-08
0.851500,5.03691433e-08,1.26402709e-08
0.851750,-1.66016304e-08,7.99038072e-08
0.852000,-7.12384798e-08,5.69225944e-08
0.852250,-9.74806406e-08,-1.05369944e-07
0.852500,-1.44517933e-07,-1.85075488e-07
0.852750,-2.30271825e-07,-4.61670887e-08
0.853000,-2.80457228e-07,7.23113863e-08
0.853250,-2.66218576e-07,8.71700306e-09
0.853500,-2.66327624e-07,-2.65776275e-08
0.853750,-2.96437641e-07,1.01561421e-07
0.854000,-2.62420011e-07,2.18309776e-07
0.854250,-1.49032333e-07,2.12155706e-07
0.854500,-6.09926696e-08,2.03927738e-07
0.854750,-4.93813505e-08,2.6717968e-07
0.855000,-5.37558001e-08,2.86959492e-07
0.855250,-1.72011938e-08,1.70807807e-07
0.855500,4.61549811e-08,4.16756798e-09
0.855750,1.01254398e-07,-1.07333578e-07
0.856000,1.40736523e-07,-1.86391492e-07
0.856250,1.57936889e-07,-2.72779196e-07
0.856500,1.42695202e-07,-3.37838427e-07
0.856750,1.41102333e-07,-3.60153058e-07
0.857000,1.93255405e-07,-3.46480035e-07
0.857250,2.05133533e-07,-3.1116899e-07
0.857500,9.88455193e-08,-2.80479323e-07
0.857750,1.50061068e-08,-2.32000953e-07
0.858000,6.95334769e-08,-1.0304363e-07
0.858250,1.03429947e-07,5.97642602e-08
0.858500,2.42157091e-09,1.20320883e-07
0.858750,-5.37156305e-08,8.07197103e-08
0.859000,2.80897052e-08,1.03815362e-07
0.859250,4.20766616e-08,2.48544462e-07
0.859500,-8.47788111e-08,3.61135512e-07
0.859750,-1.23050876e-07,3.26545345e-07
0.860000,-6.31297466e-09,2.41499509e-07
0.860250,2.20257427e-08,2.09970555e-07
0.860500,-1.25371315e-07,1.91018957e-07
0.860750,-2.2130597e-07,1.61987702e-07
0.861000,-1.34121922e-07,1.77591884e-07
0.861250,-1.92932858e-08,2.13300545e-07
0.861500,-1.90968994e-08,1.83700304e-07
0.861750,-4.50755169e-08,1.06437276e-07
0.862000,3.72102643e-08,6.46081532e-08
0.862250,1.63109599e-07,4.17518399e-08
0.862500,1.59548068e-07,-4.23656185e-08
0.862750,3.5057054e-08,-1.47799639e-07
0.863000,-1.38116982e-08,-1.57517989e-07
0.863250,8.64962369e-08,-1.07827988e-07
0.863500,1.77875258e-07,-1.43989605e-07
0.863750,1.35083934e-07,-2.57682813e-07
0.864000,4.62082386e-08,-3.21353964e-07
0.864250,3.56864472e-08,-3.36883154e-07
0.864500,5.03520854e-08,-3.91440736e-07
0.864750,-3.80411806e-08,-4.28931038e-07
0.865000,-1.87977882e-07,-3.29421825e-07
0.865250,-2.27475045e-07,-1.59571583e-07
0.865500,-1.41039947e-07,-7.66011859e-08
0.865750,-1.14049085e-07,-4.90867976e-08
0.866000,-2.17226215e-07,5.54594429e-08
0.866250,-2.6939966e-07,1.98364467e-07
0.866500,-1.69164713e-07,2.60769703e-07
0.866750,-1.03696089e-07,2.93130794e-07
0.867000,-1.91122032e-07,3.91464888e-07
0.867250,-2.22055406e-07,4.53468682e-07
0.867500,-4.42273241e-08,3.59880141e-07
0.867750,1.34350028e-07,2.40114923e-07
0.868000,1.1824349e-07,2.42060932e-07
0.868250,5.97961734e-08,2.47474453e-07
0.868500,1.4151111e-07,1.10040896e-07
0.868750,2.44780679e-07,-6.96692141e-08
0.869000,2.22178086e-07,-1.29481695e-07
0.869250,1.99488459e-07,-8.98632076e-08
0.869500,3.02739172e-07,-8.60422629e-08
0.869750,3.81396531e-07,-1.6904362e-07
0.870000,2.97865897e-07,-2.32332106e-07
0.870250,1.79343752e-07,-1.62804363e-07
0.870500,1.44737329e-07,-3.83271961e-08
0.870750,1.14174535e-07,-3.5632788e-08
0.871000,3.69870357e-08,-1.51208753e-07
0.871250,-1.65862736e-08,-2.08280233e-07
0.871500,-4.49766633e-08,-1.42172965e-07
0.871750,-1.18198211e-07,-5.6735296e-08
0.872000,-2.07033831e-07,-2.82310185e-09
0.872250,-2.27196168e-07,5.06597156e-08
0.872500,-2.10097098e-07,6.88306945e-08
0.872750,-2.5156124e-07,1.84088792e-08
0.873000,-3.28864838e-07,-2.26697387e-08
0.873250,-3.33782448e-07,1.09655467e-08
0.873500,-2.58359086e-07,9.18536038e-08
0.873750,-1.89299214e-07,1.73851561e-07
0.874000,-1.54488754e-07,2.11877286e-07
0.874250,-1.11203556e-07,1.8972786e-07
0.874500,-4.21493445e-08,1.64436709e-07
0.874750,2.44783282e-08,1.65559135e-07
0.875000,6.52019742e-08,1.34846217e-07
0.875250,1.06020608e-07,5.0843003e-08
0.875500,1.88424395e-07,-3.43874532e-08
0.875750,2.63436485e-07,-1.05272941e-07
0.876000,2.23577222e-07,-1.81131156e-07
0.876250,1.02805405e-07,-2.32112929e-07
0.876500,7.72168724e-08,-2.29670767e-07
0.876750,1.89499167e-07,-2.23486745e-07
0.877000,2.72090706e-07,-2.43272989e-07
0.877250,2.14744046e-07,-2.30790446e-07
0.877500,1.04861785e-07,-1.8258348e-07
0.877750,4.46729539e-08,-1.66022352e-07
0.878000,1.23889397e-08,-1.29925654e-07
0.878250,-3.99131669e-08,1.57640004e-08
0.878500,-8.28436219e-08,1.68720165e-07
0.878750,-7.42012441e-08,2.05041281e-07
0.879000,-6.79985607e-08,2.25494373e-07
0.879250,-1.49007806e-07,3.39156463e-07
0.879500,-2.47506436e-07,4.32353682e-07
0.879750,-2.04042155e-07,3.85361502e-07
0.880000,-7.26434086e-08,2.81180855e-07
0.880250,-7.95313785e-08,2.15049935e-07
0.880500,-2.17593835e-07,1.21264463e-07
0.880750,-2.36111303e-07,-3.91718897e-08
0.881000,-7.87118309e-08,-1.53693424e-07
0.881250,4.21263361e-08,-1.77071164e-07
0.881500,3.41190057e-08,-2.06056958e-07
0.881750,4.27068426e-08,-2.42618188e-07
0.882000,1.40093065e-07,-1.81703864e-07
0.882250,1.92342865e-07,-4.69310761e-08
0.882500,1.22615401e-07,3.05978629e-08
0.882750,6.21763301e-08,2.19621719e-08
0.883000,1.1135059e-07,6.31893353e-09
0.883250,1.61172523e-07,2.19196033e-08
0.883500,9.55435568e-08,1.60414617e-08
0.883750,-1.86091723e-08,-5.80757054e-08
0.884000,-7.17645419e-08,-1.55657511e-07
0.884250,-8.12353996e-08,-2.11545229e-07
0.884500,-1.19355556e-07,-2.35701711e-07
0.884750,-1.81858038e-07,-2.44375026e-07
0.885000,-2.02145828e-07,-1.92288749e-07
0.885250,-1.61803313e-07,-7.60617412e-08
0.885500,-1.31155888e-07,2.80356917e-08
0.885750,-1.63535635e-07,1.05858507e-07
0.886000,-1.99737607e-07,2.12583787e-07
0.886250,-1.59908431e-07,3.15796737e-07
0.886500,-7.88068658e-08,3.36620473e-07
0.886750,-4.65967405e-08,3.11497566e-07
0.887000,-5.52425988e-08,3.07858196e-07
0.887250,-1.69094967e-08,2.73953104e-07
0.887500,7.06571197e-08,1.63513218e-07
0.887750,1.04977489e-07,7.40365125e-08
0.888000,6.27565677e-08,7.19601217e-08
0.888250,5.13708646e-08,3.30252673e-08
0.888500,1.11260828e-07,-1.36374447e-07
0.888750,1.4855321e-07,-2.93366143e-07
0.889000,1.26145327e-07,-2.97801116e-07
0.889250,1.14769546e-07,-2.43348329e-07
0.889500,1.26266887e-07,-2.40766306e-07
0.889750,1.1003971e-07,-2.20248989e-07
0.890000,8.42204812e-08,-1.13060494e-07
0.890250,7.11326576e-08,-5.63732789e-10
0.890500,7.10658678e-09,2.24116763e-08
0.890750,-1.0688233e-07,-1.31160449e-08
0.891000,-1.40052924e-07,-1.25725253e-08
0.891250,-7.57944893e-08,3.54207771e-08
0.891500,-9.29254204e-08,5.16968751e-08
0.891750,-2.4946397e-07,1.23184978e-08
0.892000,-3.45473883e-07,-4.44415952e-09
0.892250,-2.66237695e-07,5.36054003e-08
0.892500,-1.85463896e-07,1.29566615e-07
0.892750,-2.36228765e-07,1.32800995e-07
0.893000,-2.63846387e-07,6.3130391e-08
0.893250,-1.36174491e-07,1.07762937e-08
0.893500,-1.49425335e-08,1.89493327e-08
0.893750,-4.58927714e-08,5.46198457e-08
0.894000,-6.67144377e-08,1.22433312e-07
0.894250,7.07997805e-08,2.31743636e-07
0.894500,1.88893787e-07,2.89828622e-07
0.894750,1.16520357e-07,2.13232556e-07
0.895000,2.51999166e-08,6.39495245e-08
0.895250,1.17954289e-07,-5.4712115e-08
0.895500,2.72723628e-07,-1.45735616e-07
0.895750,2.73539674e-07,-2.69236359e-07
0.896000,1.53450882e-07,-3.93741869e-07
0.896250,8.64917697e-08,-4.1137845e-07
0.896500,1.1610042e-07,-3.20910085e-07
0.896750,1.43813373e-07,-2.37890304e-07
0.897000,8.85806204e-08,-1.83145478e-07
0.897250,-1.69409644e-08,-6.48605866e-08
0.897500,-7.48260353e-08,9.66695396e-08
0.897750,-7.13738438e-08,1.61865105e-07
0.898000,-1.02964564e-07,1.31323877e-07
0.898250,-1.84637862e-07,1.60814152e-07
0.898500,-1.941244e-07,2.60482741e-07
0.898750,-1.14903707e-07,2.70115502e-07
0.899000,-1.06107867e-07,1.89418397e-07
0.899250,-2.01971984e-07,1.82291399e-07
0.899500,-2.16557672e-07,2.25499475e-07
0.899750,-9.67486184e-08,1.4510671e-07
0.900000,-5.83098879e-08,-1.74625298e-08
0.900250,-1.79243729e-07,-7.20519281e-08
0.900500,-2.02511274e-07,-4.44078388e-08
0.900750,7.08484696e-09,-9.77410323e-08
0.901000,1.83689734e-07,-1.93942732e-07
0.901250,1.26875962e-07,-1.78784807e-07
0.901500,4.83229291e-08,-7.51353745e-08
0.901750,1.57360653e-07,-4.58131615e-09
0.902000,3.01443415e-07,2.35174654e-08
0.902250,2.87319206e-07,4.28226674e-08
0.902500,1.94678686e-07,2.56217614e-08
0.902750,1.53797791e-07,-3.36507329e-08
0.903000,1.21959355e-07,-7.94280094e-08
0.903250,4.84386248e-08,-8.81322679e-08
0.903500,3.39369689e-09,-8.80585244e-08
0.903750,1.49427982e-08,-8.19530294e-08
0.904000,7.47591388e-10,-5.35384876e-08
0.904250,-5.55159777e-08,-3.11459285e-08
0.904500,-7.1641794e-08,-3.45034167e-08
0.904750,-4.52984398e-08,-1.55053268e-08
0.905000,-5.92014999e-08,4.55205316e-08
0.905250,-1.17096756e-07,9.04814872e-08
0.905500,-1.55024919e-07,9.49017813e-08
0.905750,-1.68035547e-07,1.00553494e-07
0.906000,-1.78964905e-07,1.25977339e-07
0.906250,-1.53841413e-07,1.44318578e-07
0.906500,-6.76700367e-08,1.31031782e-07
0.906750,2.13154586e-08,9.16557922e-08
0.907000,5.66137873e-08,4.89240571e-08
0.907250,6.74835037e-08,8.21691456e-09
0.907500,9.42405213e-08,-3.36658216e-08
0.907750,1.04494137e-07,-6.52445035e-08
0.908000,5.29928322e-08,-9.38935888e-08
0.908250,-2.09920898e-08,-1.4140191e-07
0.908500,-1.73549861e-08,-1.9044331e-07
0.908750,8.98991656e-08,-2.15860778e-07
0.909000,1.82789902e-07,-2.17375859e-07
0.909250,1.42126649e-07,-1.7390259e-07
0.909500,3.35559556e-08,-7.99750457e-08
0.909750,2.30575512e-08,-1.33578721e-08
0.910000,1.21393115e-07,-2.69267531e-08
0.910250,1.66852698e-07,-3.56170736e-08
0.910500,7.33045274e-08,4.90649813e-08
0.910750,-4.60127214e-08,1.4685305e-07
0.911000,-5.29394976e-08,1.28169681e-07
0.911250,1.31813176e-08,4.94345935e-08
0.911500,5.61623903e-09,7.25035557e-08
0.911750,-9.48507038e-08,1.82330229e-07
0.912000,-1.60701979e-07,2.10495904e-07
0.912250,-1.42966269e-07,1.19323067e-07
0.912500,-1.30716626e-07,4.43171284e-08
0.912750,-1.53523918e-07,5.97937653e-08
0.913000,-1.31993116e-07,8.33235749e-08
0.913250,-5.7981607e-08,3.65329126e-08
0.913500,-1.40468543e-08,-3.48873205e-08
0.913750,6.46673496e-09,-4.68556455e-08
0.914000,8.74048128e-08,1.29563892e-08
0.914250,1.8744709e-07,8.27009221e-08
0.914500,1.75216778e-07,7.39037149e-08
0.914750,8.00719263e-08,-3.88510069e-08
0.915000,6.64389708e-08,-1.62961167e-07
0.915250,1.45315318e-07,-2.16792054e-07
0.915500,1.56017589e-07,-2.53517816e-07
0.915750,4.51668744e-08,-3.3056046e-07
0.916000,-5.3214958e-08,-3.7254948e-07
0.916250,-3.04011992e-08,-2.99992677e-07
0.916500,5.75112817e-08,-1.74627653e-07
0.916750,9.19196557e-08,-9.06878087e-08
0.917000,4.88871461e-08,-2.00587916e-08
0.917250,-2.95720192e-09,1.03288709e-07
0.917500,-2.85239633e-08,2.23299721e-07
0.917750,-6.36437957e-08,2.39921571e-07
0.918000,-1.25036397e-07,1.88950702e-07
0.918250,-1.72928211e-07,1.85707016e-07
0.918500,-1.80855268e-07,2.40384496e-07
0.918750,-1.76560018e-07,2.76874417e-07
0.919000,-1.91654734e-07,2.796801e-07
0.919250,-1.99616335e-07,2.76963387e-07
0.919500,-1.37966484e-07,2.32721852e-07
0.919750,-1.40706716e-08,1.01661924e-07
0.920000,6.56726779e-08,-5.51447995e-08
0.920250,4.65441706e-08,-1.43774304e-07
0.920500,2.28052619e-08,-1.86146091e-07
0.920750,7.51775723e-08,-2.64272066e-07
0.921000,1.3156239e-07,-3.3686734e-07
0.921250,1.17412584e-07,-2.70246174e-07
0.921500,9.5743509e-08,-8.22656806e-08
0.921750,1.29464813e-07,3.45096282e-08
0.922000,1.60950199e-07,-5.65110831e-09
0.922250,1.42372199e-07,-8.31117908e-08
0.922500,1.34820136e-07,-8.59838446e-08
0.922750,1.7957064e-07,-1.99809452e-08
0.923000,2.06910518e-07,6.82784327e-08
0.923250,1.53385534e-07,1.26875115e-07
0.923500,5.33273179e-08,1.1533043e-07
0.923750,-3.66237026e-08,4.21068158e-08
0.924000,-9.8857595e-08,-5.56491666e-08
0.924250,-1.23802653e-07,-1.32770976e-07
0.924500,-1.18300071e-07,-1.33923254e-07
0.924750,-1.31336609e-07,-4.6708461e-08
0.925000,-1.78278604e-07,6.28998386e-08
0.925250,-1.91466176e-07,1.18956017e-07
0.925500,-1.39045874e-07,1.21097018e-07
0.925750,-1.02101507e-07,1.31626156e-07
0.926000,-1.29100874e-07,1.67754325e-07
0.926250,-1.34045721e-07,1.67337762e-07
0.926500,-6.23412772e-08,1.09783938e-07
0.926750,-1.15750695e-08,5.89804165e-08
0.927000,-4.37312149e-08,3.97976293e-08
0.927250,-5.31374672e-08,1.09208059e-08
0.927500,2.25153461e-08,-5.13407323e-08
0.927750,7.0319221e-08,-1.53591588e-07
0.928000,3.12643163e-08,-2.76856331e-07
0.928250,2.24823149e-08,-3.27832677e-07
0.928500,1.03241347e-07,-2.47145494e-07
0.928750,1.60530572e-07,-1.32288772e-07
0.929000,1.20166083e-07,-9.57265192e-08
0.929250,5.81294864e-08,-8.25715486e-08
0.929500,5.10650448e-08,1.69523293e-08
0.929750,8.1963609e-08,1.59466004e-07
0.930000,1.01793174e-07,2.13058239e-07
0.930250,7.61909047e-08,1.71305196e-07
0.930500,6.68482387e-09,1.43895264e-07
0.930750,-4.77714719e-08,1.64255298e-07
0.931000,-4.77701907e-08,1.51183199e-07
0.931250,-5.32097119e-08,6.81620097e-08
0.931500,-1.09932218e-07,6.35301885e-10
0.931750,-1.35167395e-07,8.87014745e-09
0.932000,-6.61846471e-08,8.32531358e-09
0.932250,-6.10246207e-09,-6.94899823e-08
0.932500,-4.68676122e-08,-1.1417817e-07
0.932750,-8.37527131e-08,-2.0778451e-08
0.933000,-6.43643505e-09,1.03354769e-07
0.933250,7.75523061e-08,1.12724618e-07
0.933500,4.60225828e-08,4.49497359e-08
0.933750,1.32137785e-08,-4.41560714e-09
0.934000,1.04684934e-07,-5.12240032e-08
0.934250,1.8832547e-07,-1.18271483e-07
0.934500,1.20889934e-07,-1.41054406e-07
0.934750,2.67647269e-08,-1.03666526e-07
0.935000,5.724399e-08,-1.04119776e-07
0.935250,1.22435472e-07,-1.89500119e-07
0.935500,8.985135e-08,-2.6839853e-07
0.935750,7.91244446e-09,-2.55527279e-07
0.936000,-3.47076929e-08,-1.87333299e-07
0.936250,-5.38952969e-08,-1.37580063e-07
0.936500,-6.71354668e-08,-1.02594555e-07
0.936750,-3.93210472e-08,-1.92797404e-08
0.937000,4.28328298e-09,1.42465867e-07
0.937250,-1.72478282e-08,3.20302946e-07
0.937500,-8.86631031e-08,4.01208198e-07
0.937750,-1.0922589e-07,3.63131277e-07
0.938000,-6.7058279e-08,3.17119521e-07
0.938250,-4.76899786e-08,3.22325751e-07
0.938500,-6.84424773e-08,2.81356896e-07
0.938750,-5.91156783e-08,1.41177517e-07
0.939000,-7.50630342e-09,1.79826287e-08
0.939250,2.2772712e-08,-1.73338189e-08
0.939500,1.89101664e-08,-6.74348986e-08
0.939750,2.82341673e-08,-1.90751342e-07
0.940000,5.25659845e-08,-2.74690799e-07
0.940250,6.3407382e-08,-2.48157499e-07
0.940500,9.22716789e-08,-2.17735203e-07
0.940750,1.74262306e-07,-2.72463024e-07
0.941000,2.42898899e-07,-3.25135641e-07
0.941250,2.07529551e-07,-2.63842307e-07
0.941500,1.00700567e-07,-1.21189929e-07
0.941750,4.12439796e-08,3.61421856e-10
0.942000,7.04230467e-08,5.93257833e-08
0.942250,1.17032819e-07,7.77694683e-08
0.942500,1.1910575e-07,8.78809401e-08
0.942750,9.01567423e-08,9.68839525e-08
0.943000,5.87445504e-08,9.12351804e-08
0.943250,2.26573103e-08,7.66839008e-08
0.943500,-2.47022175e-08,8.06586632e-08
0.943750,-6.95120411e-08,1.06103733e-07
0.944000,-9.0086993e-08,1.23220864e-07
0.944250,-8.94823562e-08,1.16382052e-07
0.944500,-1.02272066e-07,1.12611188e-07
0.944750,-1.39019079e-07,1.34315643e-07
0.945000,-1.45270636e-07,1.44522811e-07
0.945250,-7.56096318e-08,1.08543359e-07
0.945500,1.05695826e-08,8.00260482e-08
0.945750,1.75757998e-08,1.16652196e-07
0.946000,-2.56052718e-08,1.49911132e-07
0.946250,3.59893585e-09,6.96315499e-08
0.946500,1.12552926e-07,-9.72481056e-08
0.946750,1.70812385e-07,-2.28102465e-07
0.947000,1.26432376e-07,-2.93584798e-07
0.947250,7.31419483e-08,-3.51657414e-07
0.947500,6.74501127e-08,-3.85353e-07
0.947750,5.27326607e-08,-3.3371233e-07
0.948000,6.88066021e-09,-2.49607129e-07
0.948250,3.78050243e-09,-2.26321737e-07
0.948500,6.75179273e-08,-2.19304743e-07
0.948750,1.04349685e-07,-1.2979877e-07
0.949000,5.23348952e-08,1.59886831e-08
0.949250,-2.29408512e-08,1.39973113e-07
0.949500,-4.38205416e-08,2.50820195e-07
0.949750,-1.79780115e-08,3.56506388e-07
0.950000,9.62654697e-09,3.88112314e-07
0.950250,5.10895091e-09,3.46879867e-07
0.950500,-4.23575514e-08,3.33681699e-07
0.950750,-9.38273661e-08,3.43239203e-07
0.951000,-9.48993945e-08,2.74944164e-07
0.951250,-6.27468488e-08,1.58331282e-07
0.951500,-6.05031992e-08,9.39936212e-08
0.951750,-8.11899126e-08,4.34432991e-08
0.952000,-6.51943255e-08,-7.34664532e-08
0.952250,-2.4364885e-08,-1.94580147e-07
0.952500,-7.78464994e-09,-2.25107759e-07
0.952750,1.67038778e-08,-2.16372783e-07
0.953000,7.69310276e-08,-2.71852797e-07
0.953250,8.92203258e-08,-3.45541579e-07
0.953500,1.82760166e-08,-3.09052052e-07
0.953750,-8.75866723e-09,-1.87926728e-07
0.954000,8.31056254e-08,-1.25855534e-07
0.954250,1.64130666e-07,-1.3105902e-07
0.954500,1.08439547e-07,-7.71217904e-08
0.954750,-7.45977777e-09,5.13153817e-08
0.955000,-5.13467066e-08,1.1938792e-07
0.955250,-4.17500541e-08,6.49960788e-08
0.955500,-6.25119025e-08,-1.00064224e-08
0.955750,-9.22957515e-08,-1.19078975e-09
0.956000,-6.82661008e-08,8.26678211e-08
0.956250,-1.08272983e-08,1.75100438e-07
0.956500,3.18367882e-08,2.24054165e-07
0.956750,5.64467641e-08,2.32398068e-07
0.957000,5.60006561e-08,2.55769043e-07
0.957250,7.37306879e-09,3.00003261e-07
0.957500,-6.40892649e-08,2.72981809e-07
0.957750,-1.01295503e-07,1.32923563e-07
0.958000,-9.0168771e-08,-9.90554517e-09
0.958250,-4.84388982e-08,-5.2352612e-08
0.958500,9.63731949e-09,-5.16250593e-08
0.958750,4.24764621e-08,-8.75942843e-08
0.959000,3.06723837e-10,-1.10053332e-07
0.959250,-8.0274494e-08,-9.49777304e-08
0.959500,-1.01161289e-07,-1.5787978e-07
0.959750,-5.52431575e-08,-3.12130591e-07
0.960000,-3.91423863e-08,-3.73582833e-07
0.960250,-7.69586973e-08,-2.79952561e-07
0.960500,-6.91843027e-08,-1.99579006e-07
0.960750,2.24953804e-08,-2.10760631e-07
0.961000,9.19243849e-08,-1.83322186e-07
0.961250,6.61285226e-08,-4.31278841e-08
0.961500,1.34667273e-08,1.08121813e-07
0.961750,2.30811537e-09,1.81607947e-07
0.962000,-9.45844559e-10,2.15160052e-07
0.962250,-2.70636306e-08,2.6044101e-07
0.962500,-3.20310687e-08,3.00815121e-07
0.962750,6.3808463e-09,3.09243406e-07
0.963000,3.17801799e-08,2.82494311e-07
0.963250,-1.61979464e-09,2.21043233e-07
0.963500,-6.66347828e-08,1.39948352e-07
0.963750,-1.06221183e-07,6.31158284e-08
0.964000,-8.53116403e-08,-3.85173985e-09
0.964250,-2.32606504e-08,-4.53908143e-08
0.964500,1.25757952e-08,-3.31988981e-08
0.964750,-2.52721201e-09,-8.57423361e-10
0.965000,-8.88334163e-09,-3.24884604e-08
0.965250,2.51862698e-08,-1.33180561e-07
0.965500,4.19760302e-08,-1.96688975e-07
0.965750,5.24596648e-09,-1.50442857e-07
0.966000,-3.6729675e-08,-6.65044536e-08
0.966250,-3.7056185e-08,-5.59196559e-08
0.966500,-7.84738833e-09,-1.06375131e-07
0.966750,1.98528789e-08,-1.31403486e-07
0.967000,2.99182935e-08,-1.2590492e-07
0.967250,1.28184411e-08,-1.39513617e-07
0.967500,-3.08662213e-08,-1.52131746e-07
0.967750,-6.39698364e-08,-1.13109532e-07
0.968000,-3.24362756e-08,-5.25237649e-08
0.968250,4.95683066e-08,-3.36437908e-08
0.968500,8.66603741e-08,-3.4867395e-08
0.968750,3.53864615e-08,2.25603037e-08
0.969000,-2.20718364e-08,1.47997223e-07
0.969250,-1.33269052e-08,2.61403977e-07
0.969500,1.37498996e-08,3.05047221e-07
0.969750,-1.85612498e-09,3.07055753e-07
0.970000,-3.24774956e-08,3.11491568e-07
0.970250,-3.72957887e-08,3.06630027e-07
0.970500,-2.89155613e-08,2.4553359e-07
0.970750,-2.94337823e-08,1.03763911e-07
0.971000,-4.75704905e-08,-7.35488268e-08
0.971250,-9.4158996e-08,-1.90794475e-07
0.971500,-1.57193306e-07,-2.1599975e-07
0.971750,-1.79568519e-07,-2.21970112e-07
0.972000,-1.13183686e-07,-2.58396908e-07
0.972250,-3.13579945e-09,-2.74580085e-07
0.972500,4.06008451e-08,-2.17606902e-07
0.972750,-3.18888426e-09,-1.22036703e-07
0.973000,-3.35340388e-08,-5.58130312e-08
0.973250,2.48835794e-09,-1.67971906e-08
0.973500,5.03614151e-08,5.02841835e-08
0.973750,9.11241119e-08,1.3037229e-07
0.974000,1.57063156e-07,1.42564373e-07
0.974250,2.02036052e-07,8.75164808e-08
0.974500,1.54454539e-07,5.35588641e-08
0.974750,7.38695729e-08,7.52115483e-08
0.975000,6.95713676e-08,1.05106531e-07
0.975250,1.08539052e-07,9.5670201e-08
0.975500,7.79471636e-08,4.25732913e-08
0.975750,-6.18404185e-09,-1.2315014e-08
0.976000,-2.34359278e-08,-1.81260708e-08
0.976250,4.11915867e-08,1.90613432e-08
0.976500,7.36653123e-08,4.45138937e-08
0.976750,1.85749815e-08,3.28379146e-08
0.977000,-5.35118726e-08,1.25201423e-08
0.977250,-7.75970815e-08,1.86676053e-08
0.977500,-6.99767053e-08,5.55982042e-08
0.977750,-6.60432056e-08,9.41492325e-08
0.978000,-7.96268094e-08,7.55081963e-08
0.978250,-1.15628664e-07,-4.43909613e-08
0.978500,-1.60758134e-07,-2.02167208e-07
0.978750,-1.86152188e-07,-2.56801677e-07
0.979000,-1.77809619e-07,-1.84461917e-07
0.979250,-1.36980117e-07,-1.21897281e-07
0.979500,-7.35906058e-08,-1.47041678e-07
0.979750,-1.31868047e-08,-1.73184457e-07
0.980000,3.14374541e-08,-1.23489443e-07
0.980250,7.72401158e-08,-5.01837424e-08
0.980500,1.22845415e-07,-9.20181401e-09
0.980750,1.341424e-07,4.47220622e-08
0.981000,1.04539178e-07,1.50331202e-07
0.981250,7.22373696e-08,2.44041365e-07
0.981500,6.53563991e-08,2.628482e-07
0.981750,7.77550246e-08,2.38198299e-07
0.982000,9.67711333e-08,2.16339535e-07
0.982250,1.12450418e-07,1.82502802e-07
0.982500,1.06518947e-07,1.13315839e-07
0.982750,6.58129013e-08,2.97039481e-08
0.983000,7.85671602e-11,-3.5692303e-08
0.983250,-6.20420819e-08,-7.31511515e-08
0.983500,-8.51555636e-08,-8.17443813e-08
0.983750,-5.82107973e-08,-7.13804804e-08
0.984000,-2.50321062e-08,-7.58130482e-08
0.984250,-4.12616002e-08,-1.01166354e-07
0.984500,-9.39989623e-08,-9.39330739e-08
0.984750,-1.09458658e-07,-2.96352996e-08
0.985000,-4.73682973e-08,2.25293796e-08
0.985250,4.11753231e-08,-6.38931115e-09
0.985500,6.93533525e-08,-7.85936382e-08
0.985750,2.67530975e-08,-1.0422849e-07
0.986000,6.45371548e-10,-6.97723223e-08
0.986250,5.4808025e-08,-3.82253268e-08
0.986500,1.27540277e-07,-3.92799425e-08
0.986750,1.1603764e-07,-4.48651924e-08
0.987000,3.73309234e-08,-4.49053887e-08
0.987250,4.82886548e-09,-6.41364387e-08
0.987500,4.38789223e-08,-9.72388876e-08
0.987750,5.94430406e-08,-8.49547977e-08
0.988000,7.69128685e-09,8.56422491e-09
0.988250,-4.38520265e-08,1.17827421e-07
0.988500,-5.26190944e-08,1.47645652e-07
0.988750,-5.49483537e-08,1.15073924e-07
0.989000,-6.86154563e-08,1.18153526e-07
0.989250,-6.94711296e-08,1.7475876e-07
0.989500,-6.44416861e-08,2.01595829e-07
0.989750,-8.76960561e-08,1.42832371e-07
0.990000,-1.38251108e-07,3.92832514e-08
0.990250,-1.79811349e-07,-3.63624141e-08
0.990500,-1.8294344e-07,-7.42988113e-08
0.990750,-1.47803322e-07,-1.18723233e-07
0.991000,-9.85090469e-08,-1.7827859e-07
0.991250,-6.0906484e-08,-2.16694598e-07
0.991500,-4.94815104e-08,-2.22765546e-07
0.991750,-5.81387894e-08,-2.11914368e-07
0.992000,-4.68147422e-08,-1.72597186e-07
0.992250,2.01590639e-08,-7.61674428e-08
0.992500,1.06251117e-07,5.951851e-08
0.992750,1.40931061e-07,1.66077583e-07
0.993000,1.31577628e-07,2.15432215e-07
0.993250,1.48377104e-07,2.56147444e-07
0.993500,2.0066271e-07,2.99598706e-07
0.993750,2.30926746e-07,2.67928604e-07
0.994000,2.19473868e-07,1.35623065e-07
0.994250,1.92742619e-07,-5.05012691e-10
0.994500,1.55312697e-07,-6.21536052e-08
0.994750,9.66046825e-08,-7.95506236e-08
0.995000,2.47949383e-08,-1.00359335e-07
0.995250,-4.79294069e-08,-1.12709594e-07
0.995500,-1.10382546e-07,-9.5561055e-08
0.995750,-1.4551795e-07,-6.93593618e-08
0.996000,-1.53021661e-07,-4.54939481e-08
0.996250,-1.54877066e-07,2.56573835e-09
0.996500,-1.68583918e-07,5.65031503e-08
0.996750,-1.96589297e-07,4.82886168e-08
0.997000,-2.23783238e-07,-5.77161745e-09
0.997250,-2.13492228e-07,-1.48201116e-08
0.997500,-1.48762977e-07,1.29938334e-08
0.997750,-8.30206666e-08,-2.06155209e-08
0.998000,-8.20839718e-08,-1.15446058e-07
0.998250,-1.11831727e-07,-1.61319972e-07
0.998500,-8.33682108e-08,-1.15738751e-07
0.998750,-1.0415368e-08,-4.96240833e-08
0.999000,1.61754947e-08,-1.67722689e-08
0.999250,1.64408389e-09,1.97195395e-09
0.999500,2.70738829e-08,2.49839705e-08
0.999750,7.93590744e-08,3.52977695e-08
