time_s,mic1_fir_amplitude,mic26_fir_amplitude
0.000000,5.94467762e-06,-8.04363193e-06
0.000250,1.01758941e-05,-1.43251013e-05
0.000500,9.94691771e-06,-1.56940673e-05
0.000750,6.65621854e-06,-1.3938791e-05
0.001000,4.36076123e-06,-1.22848784e-05
0.001250,4.26688065e-06,-1.03040199e-05
0.001500,3.6286103e-06,-6.96677964e-06
0.001750,-6.80979501e-07,-3.86482704e-06
0.002000,3.2440135e-06,-2.35353887e-06
0.002250,1.20296603e-05,-6.17929472e-07
0.002500,-4.0680826e-05,4.51258927e-06
0.002750,-8.09693355e-05,2.32771056e-06
0.003000,0.0001227705,-6.5982811e-06
0.003250,0.000234947249,4.31884498e-05
0.003500,-0.000472927386,9.00248022e-05
0.003750,-0.00139566811,-0.000101440055
0.004000,-0.000966569829,-0.000229569178
0.004250,0.000515526646,0.000432401907
0.004500,0.00116600008,0.00131038772
0.004750,0.000688820515,0.000845414916
0.005000,0.00035095264,-0.000626070402
0.005250,0.000484169943,-0.00118935602
0.005500,0.000431477766,-0.000669979615
0.005750,6.78656034e-05,-0.000384320589
0.006000,-0.00014366811,-0.000445805402
0.006250,-4.61978653e-05,-0.000199361606
0.006500,4.2793051e-05,0.000130269091
0.006750,-6.31378529e-05,0.000163249133
0.007000,-0.00018451215,0.00020366191
0.007250,-0.000238853886,0.000419527965
0.007500,-0.000352794146,0.000485254789
0.007750,-0.000490530676,0.000312283023
0.008000,-0.00051970579,0.000146087792
0.008250,-0.000452462949,4.04246278e-05
0.008500,-0.000307692315,-9.20086802e-05
0.008750,-7.82379231e-05,-0.000230634216
0.009000,0.000152670897,-0.000332889447
0.009250,0.000349517402,-0.000248864706
0.009500,0.000519292438,0.000182818171
0.009750,0.000508737583,0.000578424114
0.010000,0.000246759008,0.000336187581
0.010250,3.73057238e-05,-0.00030770709
0.010500,0.000144462468,-0.000579616011
0.010750,0.000338355632,-0.000338292068
0.011000,0.000247971545,-8.89415822e-06
0.011250,-7.23196715e-05,0.000152329892
0.011500,-0.000246716275,0.000112997231
0.011750,-0.000121985751,-6.53350886e-05
0.012000,4.54809055e-05,-0.000193722357
0.012250,-2.77949727e-05,-0.000150336484
0.012500,-0.000269525565,-1.10480225e-05
0.012750,-0.000413826544,0.000126733608
0.013000,-0.000382164252,0.000214941832
0.013250,-0.000259985093,0.00020154823
0.013500,-8.06525742e-05,0.000114766168
0.013750,0.000122073281,7.78067029e-05
0.014000,0.000243426245,0.000137845965
0.014250,0.000247807715,0.000200484598
0.014500,0.000231772796,0.000150608133
0.014750,0.000273359318,7.23041556e-06
0.015000,0.000274437047,-5.60463873e-05
0.015250,8.57918173e-05,3.78508942e-05
0.015500,-0.000171788775,9.77888205e-05
0.015750,-0.000227836557,-4.33697516e-05
0.016000,-0.000145035909,-0.000283519872
0.016250,-0.000176647869,-0.000458931913
0.016500,-0.000238074767,-0.000494378024
0.016750,-0.000115823469,-0.000342992261
0.017000,7.27557166e-05,-7.63484312e-05
0.017250,0.000139228453,9.39034018e-05
0.017500,0.000139217463,8.40470658e-05
0.017750,0.000140730667,3.62846181e-05
0.018000,0.000103540782,7.65472464e-05
0.018250,5.03402317e-05,0.000186838375
0.018500,3.0545082e-05,0.000299122338
0.018750,1.07304686e-05,0.000321645248
0.019000,-3.08256933e-05,0.000177944876
0.019250,-6.28797692e-05,-3.31589538e-05
0.019500,-7.65390341e-05,-0.000111531221
0.019750,-6.85566885e-05,-4.76355753e-05
0.020000,-3.488214e-05,9.34612968e-06
0.020250,-1.92573735e-05,2.96449072e-05
0.020500,-2.67968627e-05,0.000100927653
0.020750,1.10208265e-05,0.000220856237
0.021000,5.66146955e-05,0.000261408066
0.021250,2.94279834e-06,0.000129246936
0.021500,-7.38493232e-05,-0.000100114512
0.021750,-4.32180792e-05,-0.000262978256
0.022000,1.94572883e-05,-0.00030771591
0.022250,1.823529e-05,-0.000316836251
0.022500,1.4521519e-05,-0.000334235954
0.022750,4.69841628e-05,-0.000284435631
0.023000,6.96432758e-05,-0.000111372715
0.023250,6.23646618e-05,9.72858503e-05
0.023500,2.58153786e-05,0.000235161108
0.023750,-1.78265562e-05,0.000299956978
0.024000,-1.56554008e-05,0.000263014312
0.024250,2.77135052e-05,7.75758968e-05
0.024500,4.91600982e-05,-9.77760528e-05
0.024750,2.56037815e-06,-7.23672008e-05
0.025000,-0.000123538443,4.31311823e-05
0.025250,-0.000231230793,7.77612143e-05
0.025500,-0.000135578751,8.99779752e-05
0.025750,0.000127356949,0.000108448927
0.026000,0.000245038156,2.44498372e-05
0.026250,9.18631908e-05,-0.000112969728
0.026500,-9.31871928e-05,-0.000145285156
0.026750,-0.000128128358,-0.000106916093
0.027000,-9.3671197e-05,-0.000112814537
0.027250,-6.66112751e-05,-0.000114157052
0.027500,-2.16894215e-06,-3.17197614e-05
0.027750,0.000109675293,6.552785e-05
0.028000,0.000190965876,8.51128258e-05
0.028250,0.000173866695,6.01991767e-05
0.028500,7.99826874e-05,7.08549793e-05
0.028750,7.89954709e-07,0.000107110259
0.029000,-2.01731494e-05,0.000102107164
0.029250,-4.2747206e-05,5.90261709e-05
0.029500,-9.88217066e-05,3.23582068e-05
0.029750,-0.000114805168,1.48039869e-05
0.030000,-6.6236531e-05,-2.6118163e-05
0.030250,-4.53540412e-05,-5.98750752e-05
0.030500,-8.59237211e-05,-6.82043009e-05
0.030750,-0.000104697682,-0.00010441475
0.031000,-5.11143226e-05,-0.000166636951
0.031250,3.19069494e-05,-0.000150619572
0.031500,8.09305954e-05,-2.31106725e-05
0.031750,8.21980823e-05,0.000101893174
0.032000,7.44379646e-05,0.000123796947
0.032250,6.81006798e-05,7.04929574e-05
0.032500,3.04180909e-05,2.93793469e-05
0.032750,-1.09082493e-05,3.48837257e-05
0.033000,7.91907104e-06,4.26184177e-05
0.033250,5.36593648e-05,1.91536145e-05
0.033500,4.18119036e-05,-2.43878224e-06
0.033750,-3.04300715e-05,-9.96959037e-06
0.034000,-9.53635057e-05,-3.09922599e-05
0.034250,-9.25390337e-05,-3.67217603e-05
0.034500,-2.03357466e-05,1.09812492e-05
0.034750,5.41287508e-05,6.23377218e-05
0.035000,8.02280033e-05,5.24470522e-05
0.035250,8.42965746e-05,-2.27036042e-05
0.035500,8.36448452e-05,-0.000118275304
0.035750,4.2794004e-05,-0.000156380171
0.036000,-3.32422267e-05,-0.000111565395
0.036250,-8.08666174e-05,-6.16311073e-05
0.036500,-7.5343269e-05,-4.62472513e-05
0.036750,-5.55537466e-05,-6.16299763e-06
0.037000,-5.78083671e-05,6.29859304e-05
0.037250,-7.91258619e-05,8.74794734e-05
0.037500,-8.87580904e-05,6.50228439e-05
0.037750,-5.15018741e-05,6.60016708e-05
0.038000,3.11820893e-05,0.000112782991
0.038250,9.6346115e-05,0.000163625047
0.038500,8.95330787e-05,0.000172147831
0.038750,4.97172146e-05,0.000120553167
0.039000,4.46425801e-05,2.61914512e-05
0.039250,5.60558363e-05,-7.31378967e-05
0.039500,2.36253146e-05,-0.000140086008
0.039750,-4.47788947e-05,-0.000150521109
0.040000,-8.59361111e-05,-0.000109585546
0.040250,-7.08465984e-05,-5.02533048e-05
0.040500,-3.7837899e-05,-6.79527732e-06
0.040750,-3.12660137e-05,3.51118276e-07
0.041000,-2.74835378e-05,-2.51783541e-05
0.041250,1.95198928e-05,-4.52312675e-05
0.041500,8.01654928e-05,-2.62831991e-05
0.041750,9.53840902e-05,4.55875206e-06
0.042000,8.08618407e-05,-4.00338708e-06
0.042250,8.23025283e-05,-4.04529576e-05
0.042500,8.6240182e-05,-4.91196472e-05
0.042750,5.7199026e-05,-2.38781119e-05
0.043000,4.86853656e-06,-3.27437619e-06
0.043250,-3.7055934e-05,1.03401063e-05
0.043500,-6.19382944e-05,4.6194694e-05
0.043750,-8.68882167e-05,9.97899661e-05
0.044000,-0.000106595665,0.000133574823
0.044250,-9.37300711e-05,0.000118608076
0.044500,-6.03767616e-05,5.01961911e-05
0.044750,-5.01829343e-05,-3.83334954e-05
0.045000,-5.66922289e-05,-8.18410213e-05
0.045250,-4.19442196e-05,-5.44175915e-05
0.045500,-1.59192841e-05,-7.78399983e-06
0.045750,9.46268989e-08,6.64976655e-06
0.046000,2.66284314e-05,-1.40303772e-06
0.046250,6.85639223e-05,-1.30052571e-05
0.046500,9.27936749e-05,-3.1925507e-05
0.046750,9.2063991e-05,-4.36574495e-05
0.047000,8.40185982e-05,-2.83886041e-05
0.047250,6.16480769e-05,-7.62923651e-06
0.047500,1.55935744e-05,-3.3957317e-06
0.047750,-2.88684681e-05,5.10140085e-06
0.048000,-4.46018422e-05,3.10968058e-05
0.048250,-3.94620581e-05,5.40280004e-05
0.048500,-3.36028454e-05,6.5158964e-05
0.048750,-2.46852237e-05,7.23487515e-05
0.049000,2.68077695e-06,6.58225376e-05
0.049250,4.34233494e-05,2.85239904e-05
0.049500,7.03292583e-05,-3.01173435e-05
0.049750,6.63870209e-05,-7.31498171e-05
0.050000,3.98393998e-05,-7.66147095e-05
0.050250,8.3611565e-06,-6.59491134e-05
0.050500,-1.78866397e-05,-7.59351583e-05
0.050750,-4.37699206e-05,-8.40531318e-05
0.051000,-7.99222785e-05,-4.77720789e-05
0.051250,-0.000115641978,1.3312364e-05
0.051500,-0.000118890497,4.66643464e-05
0.051750,-7.74341567e-05,4.56780307e-05
0.052000,-1.76608248e-05,3.50841053e-05
0.052250,2.59462602e-05,2.01479646e-05
0.052500,4.17838072e-05,1.7454653e-06
0.052750,4.02358607e-05,-2.75804165e-06
0.053000,3.57305587e-05,9.10313411e-06
0.053250,3.50138911e-05,1.32701799e-05
0.053500,3.60403429e-05,-1.98650221e-06
0.053750,2.99827065e-05,-2.02688752e-05
0.054000,1.2029519e-05,-2.07430812e-05
0.054250,-4.62745408e-06,6.29250072e-06
0.054500,-2.58826559e-06,5.35934749e-05
0.054750,1.26091333e-05,9.56773282e-05
0.055000,2.19756145e-05,0.000108199364
0.055250,2.18031401e-05,8.78650605e-05
0.055500,2.27720825e-05,4.78895313e-05
0.055750,3.13078548e-05,7.71519594e-08
0.056000,4.19684314e-05,-5.44332101e-05
0.056250,4.13115723e-05,-0.000108698951
0.056500,2.10176775e-05,-0.000136019643
0.056750,-1.14075903e-05,-0.000121963372
0.057000,-3.97177792e-05,-8.91741945e-05
0.057250,-5.16009444e-05,-5.78082604e-05
0.057500,-4.47093993e-05,-1.92638963e-05
0.057750,-3.0942283e-05,2.56494631e-05
0.058000,-2.92849781e-05,5.13585992e-05
0.058250,-4.3527679e-05,4.86849244e-05
0.058500,-5.74066219e-05,3.88359803e-05
0.058750,-5.98358627e-05,3.80896711e-05
0.059000,-5.84182353e-05,3.96959131e-05
0.059250,-5.8022332e-05,3.32591937e-05
0.059500,-4.40978224e-05,2.30595483e-05
0.059750,-2.34795914e-06,2.22587264e-05
0.060000,5.52171978e-05,3.31525813e-05
0.060250,9.8392047e-05,4.26636635e-05
0.060500,0.000111039282,4.05312179e-05
0.060750,0.000103081728,2.74105027e-05
0.061000,8.81268899e-05,4.8749087e-06
0.061250,6.42979259e-05,-2.59070804e-05
0.061500,2.71426818e-05,-5.93905938e-05
0.061750,-1.17367723e-05,-8.67959872e-05
0.062000,-3.35739825e-05,-9.78001463e-05
0.062250,-3.34311521e-05,-8.78220868e-05
0.062500,-2.10863184e-05,-6.37327003e-05
0.062750,-6.83139526e-06,-3.27808642e-05
0.063000,3.08769614e-06,3.28650211e-06
0.063250,1.98085607e-06,3.91022561e-05
0.063500,-1.49865435e-05,6.73188747e-05
0.063750,-4.29375571e-05,8.42234903e-05
0.064000,-6.64028016e-05,8.35377967e-05
0.064250,-7.07325795e-05,6.06132579e-05
0.064500,-5.63375732e-05,2.51055946e-05
0.064750,-3.58883588e-05,-7.21641179e-06
0.065000,-1.61317144e-05,-2.96196883e-05
0.065250,5.33627621e-06,-4.14361819e-05
0.065500,2.50894479e-05,-4.10153871e-05
0.065750,3.39853829e-05,-2.66377956e-05
0.066000,3.23823532e-05,5.22940914e-07
0.066250,2.81197854e-05,3.152175e-05
0.066500,2.38126692e-05,5.03737182e-05
0.066750,1.97699894e-05,4.88626576e-05
0.067000,1.88679272e-05,3.50914322e-05
0.067250,1.84992209e-05,1.86445377e-05
0.067500,1.1540117e-05,-3.14105031e-06
0.067750,2.90230643e-07,-3.36273813e-05
0.068000,-4.68979595e-06,-6.15128044e-05
0.068250,3.6625093e-07,-7.04277486e-05
0.068500,9.86432617e-06,-5.91945341e-05
0.068750,1.75053938e-05,-4.08300192e-05
0.069000,1.98150327e-05,-2.38237297e-05
0.069250,1.53186879e-05,-6.61408493e-06
0.069500,4.56631752e-06,1.011576e-05
0.069750,-1.02222791e-05,1.97215063e-05
0.070000,-2.52802043e-05,1.93471147e-05
0.070250,-3.47246271e-05,1.32564486e-05
0.070500,-3.33351134e-05,8.28873515e-06
0.070750,-2.28988596e-05,9.82031153e-06
0.071000,-1.29311191e-05,1.79022807e-05
0.071250,-1.06693394e-05,2.92044606e-05
0.071500,-1.29186482e-05,4.15248054e-05
0.071750,-1.15790262e-05,4.82613487e-05
0.072000,-3.23144647e-06,3.81865265e-05
0.072250,8.67178369e-06,1.17553065e-05
0.072500,1.57318528e-05,-1.53082759e-05
0.072750,1.00330842e-05,-3.00084122e-05
0.073000,-5.40206303e-06,-3.13804691e-05
0.073250,-1.48289839e-05,-2.4754321e-05
0.073500,-5.23984261e-06,-1.63870737e-05
0.073750,1.95792036e-05,-9.05726563e-06
0.074000,4.41933764e-05,-1.11156225e-06
0.074250,5.58575938e-05,7.01222091e-06
0.074500,5.05346311e-05,1.17256711e-05
0.074750,3.0890549e-05,1.25862907e-05
0.075000,4.38091524e-06,1.08054108e-05
0.075250,-1.974492e-05,4.96837979e-06
0.075500,-3.56096057e-05,-5.0992515e-06
0.075750,-4.20125353e-05,-1.6955289e-05
0.076000,-4.08499829e-05,-2.90143031e-05
0.076250,-3.63397274e-05,-3.81380845e-05
0.076500,-3.05238256e-05,-3.87290289e-05
0.076750,-2.01308756e-05,-2.94796095e-05
0.077000,-4.44278352e-06,-1.42006251e-05
0.077250,1.00593161e-05,4.13779115e-06
0.077500,1.92484384e-05,2.36537576e-05
0.077750,2.50335597e-05,4.04487684e-05
0.078000,2.63892942e-05,4.8956358e-05
0.078250,1.94159571e-05,4.49245959e-05
0.078500,6.79118736e-06,3.02332832e-05
0.078750,-2.9881029e-06,1.38416976e-05
0.079000,-3.93574127e-06,3.48779692e-06
0.079250,3.5952793e-06,-1.86426773e-06
0.079500,1.27088152e-05,-8.17034779e-06
0.079750,1.47842728e-05,-1.68356213e-05
0.080000,8.43806442e-06,-2.20955051e-05
0.080250,-8.58505919e-07,-1.91299273e-05
0.080500,-9.46266618e-06,-1.1707975e-05
0.080750,-1.61330894e-05,-7.13221314e-06
0.081000,-1.75659315e-05,-7.00254105e-06
0.081250,-1.15965412e-05,-8.34622201e-06
0.081500,-1.92636828e-06,-9.08197787e-06
0.081750,4.92123561e-06,-7.31896901e-06
0.082000,5.05803535e-06,-8.47856821e-07
0.082250,-1.40190803e-06,8.57779324e-06
0.082500,-1.11362467e-05,1.56594935e-05
0.082750,-1.8625369e-05,1.78844592e-05
0.083000,-1.92690982e-05,1.65300736e-05
0.083250,-1.25471631e-05,1.22942214e-05
0.083500,-9.69888437e-07,4.67094513e-06
0.083750,1.20987928e-05,-5.3939095e-06
0.084000,2.25659162e-05,-1.46387273e-05
0.084250,2.72418091e-05,-1.9054922e-05
0.084500,2.5937109e-05,-1.72147771e-05
0.084750,1.97454076e-05,-1.2275231e-05
0.085000,9.79344807e-06,-8.49763901e-06
0.085250,-5.24592014e-07,-5.72259248e-06
0.085500,-6.32801261e-06,4.40552027e-08
0.085750,-6.3082033e-06,1.03048854e-05
0.086000,-4.10567711e-06,2.12178047e-05
0.086250,-4.11041409e-06,2.75272074e-05
0.086500,-7.67342237e-06,2.66220469e-05
0.086750,-1.26204345e-05,1.87274848e-05
0.087000,-1.53193799e-05,5.87859658e-06
0.087250,-1.40740892e-05,-8.73402777e-06
0.087500,-1.03730669e-05,-2.14404166e-05
0.087750,-6.26178008e-06,-2.87557258e-05
0.088000,-2.01148923e-06,-2.87276609e-05
0.088250,2.75312122e-06,-2.23905307e-05
0.088500,7.11226659e-06,-1.26810352e-05
0.088750,9.10102074e-06,-1.92270068e-06
0.089000,7.55317147e-06,8.02988467e-06
0.089250,3.32278286e-06,1.48316908e-05
0.089500,-1.49461068e-06,1.79749709e-05
0.089750,-5.34925441e-06,1.99943362e-05
0.090000,-7.35776977e-06,2.21165149e-05
0.090250,-5.91185723e-06,2.14256008e-05
0.090500,3.47157612e-07,1.48688408e-05
0.090750,9.27532212e-06,3.25322995e-06
0.091000,1.5757076e-05,-9.63963412e-06
0.091250,1.68545632e-05,-1.92036305e-05
0.091500,1.41407093e-05,-2.17969063e-05
0.091750,1.05977278e-05,-1.70166147e-05
0.092000,7.62597909e-06,-8.27418764e-06
0.092250,4.7247257e-06,-4.6747484e-07
0.092500,3.15919721e-07,3.10963312e-06
0.092750,-6.13337753e-06,2.71235211e-06
0.093000,-1.25583816e-05,1.47913438e-06
0.093250,-1.64718543e-05,1.76286796e-06
0.093500,-1.75546682e-05,2.35039386e-06
0.093750,-1.67238171e-05,6.79231469e-07
0.094000,-1.46354183e-05,-3.15089828e-06
0.094250,-1.16821625e-05,-6.62173294e-06
0.094500,-7.74655454e-06,-8.21220673e-06
0.094750,-2.25102434e-06,-8.66295286e-06
0.095000,4.64455851e-06,-9.23213847e-06
0.095250,1.12797136e-05,-9.64884658e-06
0.095500,1.51338981e-05,-7.7757591e-06
0.095750,1.46835267e-05,-1.56297774e-06
0.096000,1.09490427e-05,8.37909677e-06
0.096250,6.580611e-06,1.8609204e-05
0.096500,3.65062183e-06,2.55035359e-05
0.096750,2.67790018e-06,2.76290211e-05
0.097000,2.77442361e-06,2.54942209e-05
0.097250,2.53622441e-06,2.01186e-05
0.097500,1.16646917e-06,1.24786341e-05
0.097750,-1.63774463e-06,3.46737516e-06
0.098000,-5.89090842e-06,-5.8537438e-06
0.098250,-1.03136482e-05,-1.34963397e-05
0.098500,-1.26478268e-05,-1.71019625e-05
0.098750,-1.170842e-05,-1.62380543e-05
0.099000,-7.91324905e-06,-1.31816529e-05
0.099250,-2.46225849e-06,-1.09564344e-05
0.099500,2.95622702e-06,-1.12455444e-05
0.099750,7.03948903e-06,-1.37619884e-05
0.100000,9.90466758e-06,-1.68070281e-05
0.100250,1.20519511e-05,-1.86665707e-05
0.100500,1.30121245e-05,-1.84501114e-05
0.100750,1.20658282e-05,-1.53782398e-05
0.101000,9.07518314e-06,-8.3930781e-06
0.101250,4.05087139e-06,2.46762208e-06
0.101500,-2.69908009e-06,1.49304811e-05
0.101750,-9.70322512e-06,2.55040832e-05
0.102000,-1.48514845e-05,3.13956615e-05
0.102250,-1.70319299e-05,3.11984891e-05
0.102500,-1.64304694e-05,2.48027636e-05
0.102750,-1.34743663e-05,1.42089487e-05
0.103000,-8.66179686e-06,3.68222611e-06
0.103250,-3.18701258e-06,-3.0837399e-06
0.103500,1.58149766e-06,-5.68539462e-06
0.103750,5.23780395e-06,-5.74984339e-06
0.104000,8.19928014e-06,-4.35588148e-06
0.104250,1.06635006e-05,-1.90503746e-06
0.104500,1.21238019e-05,7.37516211e-07
0.104750,1.17440151e-05,2.09364318e-06
0.105000,9.24171589e-06,8.88921516e-07
0.105250,5.59048397e-06,-3.1104715e-06
0.105500,2.47473399e-06,-8.90486554e-06
0.105750,7.7519984e-07,-1.4709882e-05
0.106000,9.25042052e-08,-1.86027082e-05
0.106250,-2.28725021e-07,-1.90615876e-05
0.106500,-5.90573548e-07,-1.54873409e-05
0.106750,-1.52042636e-06,-8.93207518e-06
0.107000,-3.18957661e-06,-2.12559948e-06
0.107250,-4.74109362e-06,2.38164655e-06
0.107500,-5.330512e-06,4.27343367e-06
0.107750,-5.24944864e-06,5.00034721e-06
0.108000,-5.04698036e-06,5.74450882e-06
0.108250,-4.58372311e-06,6.68922317e-06
0.108500,-3.69285808e-06,7.74077051e-06
0.108750,-2.65195194e-06,8.92290452e-06
0.109000,-1.6976886e-06,1.00767427e-05
0.109250,-9.83092529e-07,1.08868986e-05
0.109500,-7.65885799e-07,1.13778024e-05
0.109750,-1.06470175e-06,1.18762052e-05
0.110000,-1.64510068e-06,1.22162023e-05
0.110250,-2.28231051e-06,1.13567413e-05
0.110500,-2.3658514e-06,8.2412675e-06
0.110750,-9.37524743e-07,3.00820642e-06
0.111000,2.03108855e-06,-3.02075377e-06
0.111250,5.19580474e-06,-8.58306716e-06
0.111500,7.27879807e-06,-1.32584761e-05
0.111750,8.16052071e-06,-1.69091365e-05
0.112000,8.27902115e-06,-1.89597628e-05
0.112250,7.81189457e-06,-1.87708766e-05
0.112500,6.8202839e-06,-1.64973074e-05
0.112750,5.73136976e-06,-1.31433548e-05
0.113000,5.17625068e-06,-9.80439972e-06
0.113250,5.11013899e-06,-6.98074787e-06
0.113500,4.46988983e-06,-4.52198348e-06
0.113750,2.27644111e-06,-2.09072907e-06
0.114000,-1.34103843e-06,6.44343166e-07
0.114250,-5.68017435e-06,4.30926202e-06
0.114500,-1.01722891e-05,9.3577538e-06
0.114750,-1.4048119e-05,1.49354261e-05
0.115000,-1.62214412e-05,1.94167569e-05
0.115250,-1.6097535e-05,2.22040796e-05
0.115500,-1.40747104e-05,2.35599072e-05
0.115750,-1.09470984e-05,2.29672683e-05
0.116000,-7.05013671e-06,1.93202434e-05
0.116250,-2.29403201e-06,1.2573791e-05
0.116500,3.13124599e-06,4.08996512e-06
0.116750,8.44954975e-06,-4.49835195e-06
0.117000,1.25581655e-05,-1.21076294e-05
0.117250,1.44807154e-05,-1.79414524e-05
0.117500,1.38801284e-05,-2.11348105e-05
0.117750,1.11750437e-05,-2.12977528e-05
0.118000,7.23742523e-06,-1.90664591e-05
0.118250,3.29345157e-06,-1.55144467e-05
0.118500,5.76246021e-07,-1.14082658e-05
0.118750,-6.12992889e-07,-7.35255182e-06
0.119000,-9.91954672e-07,-3.91943097e-06
0.119250,-1.19782599e-06,-1.25653285e-06
0.119500,-1.24761284e-06,9.93397187e-07
0.119750,-9.50343193e-07,3.29111504e-06
0.120000,-3.03244255e-07,5.69212035e-06
0.120250,3.07300818e-07,7.56370757e-06
0.120500,3.11501858e-07,8.32612809e-06
0.120750,-3.78080743e-07,8.59743838e-06
0.121000,-1.36330736e-06,9.53575078e-06
0.121250,-2.47483273e-06,1.1053989e-05
0.121500,-3.79219968e-06,1.18778455e-05
0.121750,-5.13303682e-06,1.09791803e-05
0.122000,-6.08559868e-06,7.95469643e-06
0.122250,-6.22187321e-06,2.9044509e-06
0.122500,-5.17729448e-06,-3.1610744e-06
0.122750,-3.05818154e-06,-8.59361409e-06
0.123000,-6.8486562e-07,-1.21023593e-05
0.123250,9.68671208e-07,-1.29858487e-05
0.123500,1.48732317e-06,-1.10577457e-05
0.123750,1.20436433e-06,-7.11214374e-06
0.124000,9.01912081e-07,-2.6647723e-06
0.124250,1.19693336e-06,1.24438975e-06
0.124500,2.12470507e-06,4.26092943e-06
0.124750,3.33229909e-06,6.01373523e-06
0.125000,4.43305918e-06,6.34351004e-06
0.125250,5.12511862e-06,5.84603262e-06
0.125500,5.25502093e-06,5.13892238e-06
0.125750,4.81883834e-06,4.04690391e-06
0.126000,3.86923478e-06,2.26213184e-06
0.126250,2.52850703e-06,1.78483349e-07
0.126500,9.7132266e-07,-1.57825815e-06
0.126750,-7.013061e-07,-2.91479722e-06
0.127000,-2.37580367e-06,-4.10705187e-06
0.127250,-3.81032789e-06,-5.29691091e-06
0.127500,-4.8401164e-06,-6.39806994e-06
0.127750,-5.47218284e-06,-7.10896324e-06
0.128000,-5.64794427e-06,-6.98561735e-06
0.128250,-5.19989924e-06,-5.9171965e-06
0.128500,-4.06702514e-06,-4.33138843e-06
0.128750,-2.41674e-06,-2.53763607e-06
0.129000,-6.39892155e-07,-3.39754421e-07
0.129250,8.92036531e-07,2.38729026e-06
0.129500,2.20702637e-06,5.34168483e-06
0.129750,3.5693813e-06,8.07488842e-06
0.130000,4.88445391e-06,1.00297627e-05
0.130250,5.67597603e-06,1.05559228e-05
0.130500,5.60129543e-06,9.42909374e-06
0.130750,4.64147089e-06,7.09352229e-06
0.131000,2.99536025e-06,4.26243802e-06
0.131250,1.04206817e-06,1.57746855e-06
0.131500,-8.58162098e-07,-5.51404347e-07
0.131750,-2.59899556e-06,-2.06843866e-06
0.132000,-4.11818921e-06,-3.05657379e-06
0.132250,-5.17068349e-06,-3.4880464e-06
0.132500,-5.62458394e-06,-3.49481494e-06
0.132750,-5.60244318e-06,-3.64337202e-06
0.133000,-5.02548986e-06,-4.54419073e-06
0.133250,-3.51811134e-06,-6.20880924e-06
0.133500,-1.04087772e-06,-7.93692781e-06
0.133750,1.8457146e-06,-8.80290461e-06
0.134000,4.43646755e-06,-8.1531167e-06
0.134250,6.17549042e-06,-5.84213974e-06
0.134500,6.65525013e-06,-2.45285315e-06
0.134750,5.84223028e-06,8.08116036e-07
0.135000,4.24719784e-06,2.9763854e-06
0.135250,2.58797453e-06,4.04940913e-06
0.135500,1.29057688e-06,4.63472762e-06
0.135750,2.89886946e-07,5.27783867e-06
0.136000,-7.70661685e-07,6.24540699e-06
0.136250,-2.05333731e-06,7.48791582e-06
0.136500,-3.2646571e-06,8.72331918e-06
0.136750,-4.06408403e-06,9.60806374e-06
0.137000,-4.58370014e-06,9.58811448e-06
0.137250,-5.18075609e-06,7.92347148e-06
0.137500,-5.78019931e-06,4.43923465e-06
0.137750,-5.90849794e-06,-7.3918587e-08
0.138000,-5.29983428e-06,-4.52996642e-06
0.138250,-3.93343055e-06,-8.21505259e-06
0.138500,-1.58363436e-06,-1.08335984e-05
0.138750,1.92516238e-06,-1.23574533e-05
0.139000,5.95418831e-06,-1.27314716e-05
0.139250,9.17230834e-06,-1.16751375e-05
0.139500,1.05438604e-05,-9.07630344e-06
0.139750,9.87527538e-06,-5.37937455e-06
0.140000,7.58559054e-06,-1.299461e-06
0.140250,4.36843271e-06,2.52919096e-06
0.140500,9.97309913e-07,5.55475079e-06
0.140750,-1.87006125e-06,7.42138562e-06
0.141000,-3.81369935e-06,8.16769471e-06
0.141250,-4.64470712e-06,8.06592724e-06
0.141500,-4.42026969e-06,7.30813769e-06
0.141750,-3.47298901e-06,5.99907677e-06
0.142000,-2.30124001e-06,4.36688499e-06
0.142250,-1.38443534e-06,2.77069597e-06
0.142500,-1.07239007e-06,1.41020523e-06
0.142750,-1.48844058e-06,1.56872157e-07
0.143000,-2.39943357e-06,-1.19667843e-06
0.143250,-3.26575403e-06,-2.6055651e-06
0.143500,-3.59954408e-06,-3.73565108e-06
0.143750,-3.27372938e-06,-4.17690769e-06
0.144000,-2.35791714e-06,-3.76734782e-06
0.144250,-8.00084258e-07,-2.7696833e-06
0.144500,1.36947775e-06,-1.65439808e-06
0.144750,3.5730693e-06,-8.11101079e-07
0.145000,4.8922435e-06,-4.81430068e-07
0.145250,4.84503519e-06,-6.18206137e-07
0.145500,3.65769196e-06,-7.79505373e-07
0.145750,1.84367393e-06,-5.49830083e-07
0.146000,-7.5187083e-08,-2.93593327e-08
0.146250,-1.51804929e-06,4.14025578e-07
0.146500,-2.01427123e-06,7.05868444e-07
0.146750,-1.53918557e-06,1.02815613e-06
0.147000,-5.08437295e-07,1.40441809e-06
0.147250,5.39133218e-07,1.67354246e-06
0.147500,1.24777425e-06,1.72436866e-06
0.147750,1.59089672e-06,1.49748382e-06
0.148000,1.73959326e-06,9.32662035e-07
0.148250,1.78825396e-06,5.06659694e-08
0.148500,1.70082084e-06,-1.03911694e-06
0.148750,1.40978705e-06,-2.11824644e-06
0.149000,8.1833321e-07,-2.79221479e-06
0.149250,-1.19117456e-07,-2.75592109e-06
0.149500,-1.21529301e-06,-2.12485877e-06
0.149750,-2.14086752e-06,-1.18673324e-06
0.150000,-2.70478987e-06,-4.27980396e-08
0.150250,-2.89431361e-06,1.19315508e-06
0.150500,-2.74519595e-06,2.23789426e-06
0.150750,-2.32260607e-06,2.96010347e-06
0.151000,-1.72490016e-06,3.44448914e-06
0.151250,-1.01406647e-06,3.62343836e-06
0.151500,-2.08630834e-07,3.24442314e-06
0.151750,6.47552299e-07,2.20790703e-06
0.152000,1.44055678e-06,7.04336753e-07
0.152250,1.96613356e-06,-8.65633676e-07
0.152500,2.01658593e-06,-2.05304114e-06
0.152750,1.61736273e-06,-2.6498295e-06
0.153000,1.06038999e-06,-2.815568e-06
0.153250,5.85832154e-07,-2.82275902e-06
0.153500,2.32434067e-07,-2.78981848e-06
0.153750,2.38122074e-08,-2.685099e-06
0.154000,-2.44507986e-08,-2.42025752e-06
0.154250,-6.50025218e-08,-1.92206634e-06
0.154500,-2.93092899e-07,-1.22633849e-06
0.154750,-7.37625242e-07,-4.46665343e-07
0.155000,-1.30694674e-06,4.30099027e-07
0.155250,-1.85622044e-06,1.53107306e-06
0.155500,-2.1707634e-06,2.73344494e-06
0.155750,-2.05837922e-06,3.59062672e-06
0.156000,-1.45956216e-06,3.82239599e-06
0.156250,-4.31421626e-07,3.56084397e-06
0.156500,8.96328535e-07,3.00208354e-06
0.156750,2.33724501e-06,2.22119814e-06
0.157000,3.65043268e-06,1.31013977e-06
0.157250,4.55153042e-06,2.97801681e-07
0.157500,4.80233908e-06,-8.49056175e-07
0.157750,4.29956262e-06,-1.89087618e-06
0.158000,3.07187193e-06,-2.46110788e-06
0.158250,1.31688341e-06,-2.64139014e-06
0.158500,-5.93651903e-07,-2.78856232e-06
0.158750,-2.33857086e-06,-2.89005309e-06
0.159000,-3.77393883e-06,-2.68067537e-06
0.159250,-4.7332163e-06,-2.1490576e-06
0.159500,-5.02135683e-06,-1.44821514e-06
0.159750,-4.71607195e-06,-6.038543e-07
0.160000,-4.13074674e-06,3.3364679e-07
0.160250,-3.45824559e-06,1.09632348e-06
0.160500,-2.68687209e-06,1.40092123e-06
0.160750,-1.70359052e-06,1.20643355e-06
0.161000,-3.28674117e-07,7.02673917e-07
0.161250,1.50318062e-06,1.97479609e-07
0.161500,3.50846846e-06,1.23898653e-09
0.161750,5.16197198e-06,2.73288924e-07
0.162000,6.02644758e-06,1.01029519e-06
0.162250,5.95367107e-06,2.12094178e-06
0.162500,5.1024865e-06,3.27959669e-06
0.162750,3.80599619e-06,3.87921898e-06
0.163000,2.34644198e-06,3.4913532e-06
0.163250,8.49525674e-07,2.2249188e-06
0.163500,-6.05208162e-07,4.67830934e-07
0.163750,-1.87410106e-06,-1.40026733e-06
0.164000,-2.8282297e-06,-2.98632393e-06
0.164250,-3.45881918e-06,-3.9626822e-06
0.164500,-3.80601903e-06,-4.20371019e-06
0.164750,-3.86643181e-06,-3.72556127e-06
0.165000,-3.65989305e-06,-2.68305375e-06
0.165250,-3.2870726e-06,-1.39512705e-06
0.165500,-2.83461841e-06,-1.13054326e-07
0.165750,-2.27929994e-06,1.06266311e-06
0.166000,-1.52336686e-06,1.88837638e-06
0.166250,-5.28138064e-07,2.02870369e-06
0.166500,5.78775758e-07,1.55933163e-06
0.166750,1.58976336e-06,9.60975309e-07
0.167000,2.41121763e-06,5.29527254e-07
0.167250,3.05242897e-06,2.08662065e-07
0.167500,3.47158306e-06,-3.46679382e-08
0.167750,3.60069897e-06,-1.0807305e-07
0.168000,3.45227811e-06,-3.61508577e-08
0.168250,3.07971858e-06,2.21009282e-08
0.168500,2.54008156e-06,-5.90036968e-08
0.168750,1.94318797e-06,-3.34967637e-07
0.169000,1.4112596e-06,-7.33657563e-07
0.169250,9.68746928e-07,-9.80017682e-07
0.169500,5.1854334e-07,-8.38084741e-07
0.169750,-8.74483936e-08,-3.95762302e-07
0.170000,-9.14376366e-07,1.28522689e-07
0.170250,-1.84196687e-06,6.48743554e-07
0.170500,-2.64756798e-06,1.03684305e-06
0.170750,-3.18688895e-06,1.0569517e-06
0.171000,-3.44848241e-06,7.24072717e-07
0.171250,-3.47963736e-06,3.24695254e-07
0.171500,-3.30740217e-06,-1.74611879e-08
0.171750,-2.91647529e-06,-3.45750357e-07
0.172000,-2.29100458e-06,-5.22127473e-07
0.172250,-1.46359699e-06,-3.4674365e-07
0.172500,-5.28025721e-07,1.13033963e-07
0.172750,3.67326346e-07,6.19630329e-07
0.173000,1.07441075e-06,9.83758626e-07
0.173250,1.53079771e-06,1.07755559e-06
0.173500,1.75944024e-06,8.70282517e-07
0.173750,1.82500476e-06,4.41983973e-07
0.174000,1.84728283e-06,-1.57876958e-07
0.174250,1.94883756e-06,-8.83284189e-07
0.174500,2.11920659e-06,-1.49996329e-06
0.174750,2.24373087e-06,-1.73798897e-06
0.175000,2.27420638e-06,-1.63924103e-06
0.175250,2.24200823e-06,-1.45456367e-06
0.175500,2.12010286e-06,-1.2710757e-06
0.175750,1.78063498e-06,-9.97569538e-07
0.176000,1.10335709e-06,-5.66709183e-07
0.176250,1.16112803e-07,5.46461036e-08
0.176500,-9.67174568e-07,8.68299802e-07
0.176750,-1.87880414e-06,1.72494046e-06
0.177000,-2.4746724e-06,2.36928593e-06
0.177250,-2.75050058e-06,2.62240822e-06
0.177500,-2.72379761e-06,2.42151145e-06
0.177750,-2.39910682e-06,1.83051643e-06
0.178000,-1.84158109e-06,1.06182843e-06
0.178250,-1.17617064e-06,2.54740576e-07
0.178500,-5.10959024e-07,-6.81767364e-07
0.178750,5.76925693e-08,-1.71549284e-06
0.179000,4.18619196e-07,-2.44935477e-06
0.179250,5.23291521e-07,-2.60749844e-06
0.179500,4.39258712e-07,-2.41380592e-06
0.179750,2.87522211e-07,-2.13938667e-06
0.180000,1.92517683e-07,-1.69732146e-06
0.180250,2.56340864e-07,-9.75659263e-07
0.180500,4.8467923e-07,-1.35270405e-07
0.180750,7.92362448e-07,6.17408766e-07
0.181000,1.10963106e-06,1.18302916e-06
0.181250,1.36350063e-06,1.46569069e-06
0.181500,1.40600742e-06,1.45369876e-06
0.181750,1.1468046e-06,1.35602033e-06
0.182000,6.75753124e-07,1.40590111e-06
0.182250,1.21781364e-07,1.61367886e-06
0.182500,-4.5427228e-07,1.84249017e-06
0.182750,-9.61001252e-07,1.94549881e-06
0.183000,-1.26408607e-06,1.74196388e-06
0.183250,-1.3062456e-06,1.12166372e-06
0.183500,-1.13327978e-06,2.51657599e-07
0.183750,-8.36991443e-07,-5.76315814e-07
0.184000,-5.05765903e-07,-1.25637643e-06
0.184250,-1.86478163e-07,-1.76754378e-06
0.184500,9.12002581e-08,-1.9904233e-06
0.184750,2.79742091e-07,-1.91527407e-06
0.185000,3.8369888e-07,-1.73711598e-06
0.185250,4.91471982e-07,-1.54913921e-06
0.185500,6.33580005e-07,-1.26117329e-06
0.185750,6.92152594e-07,-8.59997423e-07
0.186000,5.34863303e-07,-4.39712064e-07
0.186250,1.89134225e-07,-5.24308187e-08
0.186500,-1.50437451e-07,2.50504095e-07
0.186750,-2.91289262e-07,3.94374363e-07
0.187000,-2.22480371e-07,4.07412526e-07
0.187250,-7.44166853e-08,3.9255825e-07
0.187500,7.18252378e-08,3.9877009e-07
0.187750,2.00567341e-07,4.80476164e-07
0.188000,2.42743328e-07,7.40934031e-07
0.188250,1.41333316e-07,1.15993212e-06
0.188500,-6.32331252e-10,1.53597049e-06
0.188750,-2.92127819e-08,1.68136669e-06
0.189000,2.74348989e-08,1.52226573e-06
0.189250,5.70485246e-09,1.03341559e-06
0.189500,-1.34417173e-07,2.65819517e-07
0.189750,-2.6873282e-07,-6.09896591e-07
0.190000,-3.18075e-07,-1.40811933e-06
0.190250,-3.21516133e-07,-1.97249629e-06
0.190500,-2.96426697e-07,-2.13947956e-06
0.190750,-1.95298481e-07,-1.88237138e-06
0.191000,-2.92e-08,-1.38845964e-06
0.191250,9.0829383e-08,-7.88090159e-07
0.191500,6.67294104e-08,-4.80371094e-08
0.191750,-9.77641689e-08,7.51777976e-07
0.192000,-3.15162718e-07,1.40873815e-06
0.192250,-4.76287335e-07,1.87276025e-06
0.192500,-5.16810827e-07,2.14784193e-06
0.192750,-4.43387787e-07,2.08117324e-06
0.193000,-2.89497782e-07,1.61404042e-06
0.193250,-9.37734424e-08,9.86395052e-07
0.193500,7.85071321e-08,4.36538691e-07
0.193750,1.94916066e-07,-9.23604082e-09
0.194000,3.24084262e-07,-3.58450656e-07
0.194250,5.23541654e-07,-5.90290433e-07
0.194500,7.02400324e-07,-7.72639803e-07
0.194750,7.28932912e-07,-9.89412632e-07
0.195000,6.24241212e-07,-1.21776303e-06
0.195250,5.13857403e-07,-1.41028575e-06
0.195500,4.23522512e-07,-1.55898843e-06
0.195750,2.60159853e-07,-1.60544734e-06
0.196000,-5.30063202e-09,-1.46385925e-06
0.196250,-2.57500216e-07,-1.19070267e-06
0.196500,-3.7202047e-07,-9.41667096e-07
0.196750,-3.56760665e-07,-7.24083972e-07
0.197000,-3.19000345e-07,-4.12731832e-07
0.197250,-3.2126412e-07,-8.45999246e-09
0.197500,-3.15296821e-07,3.59082235e-07
0.197750,-2.31562958e-07,6.31133801e-07
0.198000,-8.17311561e-08,8.37378661e-07
0.198250,6.99626645e-08,1.02894096e-06
0.198500,1.90638137e-07,1.25966826e-06
0.198750,2.85717846e-07,1.50818982e-06
0.199000,3.40284812e-07,1.69541781e-06
0.199250,2.95644816e-07,1.83287196e-06
0.199500,1.28406511e-07,1.94334913e-06
0.199750,-7.12975742e-08,1.88176086e-06
0.200000,-1.98228911e-07,1.50226816e-06
0.200250,-2.79550908e-07,8.86894659e-07
0.200500,-4.06643634e-07,2.10902546e-07
0.200750,-5.89537569e-07,-4.33296014e-07
0.201000,-7.82197057e-07,-9.76132538e-07
0.201250,-9.33676691e-07,-1.3399526e-06
0.201500,-9.41007992e-07,-1.51439497e-06
0.201750,-6.85031779e-07,-1.54773882e-06
0.202000,-1.65272211e-07,-1.50176897e-06
0.202250,4.73090803e-07,-1.44350799e-06
0.202500,1.04540758e-06,-1.37113681e-06
0.202750,1.42555329e-06,-1.16816174e-06
0.203000,1.55916139e-06,-7.61263712e-07
0.203250,1.42903631e-06,-2.48345806e-07
0.203500,1.05530211e-06,2.52288339e-07
0.203750,5.2197468e-07,7.0364854e-07
0.204000,-4.54541557e-08,9.78707366e-07
0.204250,-5.2512787e-07,8.87243248e-07
0.204500,-8.13754715e-07,5.05744687e-07
0.204750,-8.52072145e-07,1.32875193e-07
0.205000,-6.59310605e-07,-1.23857954e-07
0.205250,-3.2092879e-07,-3.55541297e-07
0.205500,3.92911133e-08,-5.54774875e-07
0.205750,2.8127894e-07,-6.50950051e-07
0.206000,3.14018724e-07,-6.40933094e-07
0.206250,1.53534607e-07,-4.75470609e-07
0.206500,-1.1132723e-07,-8.63300002e-08
0.206750,-3.8341506e-07,4.21371061e-07
0.207000,-5.86842329e-07,8.72040905e-07
0.207250,-6.79737843e-07,1.20536675e-06
0.207500,-6.33871886e-07,1.36089565e-06
0.207750,-4.16957423e-07,1.23766501e-06
0.208000,-5.78820481e-08,9.04693478e-07
0.208250,3.15760145e-07,5.59861284e-07
0.208500,5.84509492e-07,2.66716826e-07
0.208750,7.23153301e-07,-8.96514795e-09
0.209000,7.43479673e-07,-2.29674951e-07
0.209250,6.45233413e-07,-3.81907937e-07
0.209500,4.45120605e-07,-5.55896775e-07
0.209750,1.78572661e-07,-7.62575987e-07
0.210000,-1.15759971e-07,-8.56082586e-07
0.210250,-3.74750168e-07,-7.31480565e-07
0.210500,-5.26349468e-07,-4.21429048e-07
0.210750,-5.45126641e-07,2.22204065e-08
0.211000,-4.384721e-07,5.31522898e-07
0.211250,-2.09506605e-07,9.231109e-07
0.211500,8.4926963e-08,1.01370613e-06
0.211750,2.91851743e-07,7.88009724e-07
0.212000,2.89594957e-07,3.24012311e-07
0.212250,1.30356842e-07,-2.6837646e-07
0.212500,-3.39584892e-08,-7.73187503e-07
0.212750,-1.24647139e-07,-1.00588777e-06
0.213000,-1.55870439e-07,-1.00760063e-06
0.213250,-1.50812994e-07,-8.71814181e-07
0.213500,-1.1498264e-07,-5.88152924e-07
0.213750,-3.52384217e-08,-2.44999945e-07
0.214000,1.17193557e-07,-4.25131733e-08
0.214250,3.29904982e-07,-8.75495037e-09
0.214500,5.30622027e-07,-4.13026109e-08
0.214750,6.56215585e-07,-1.35605604e-07
0.215000,6.66388246e-07,-2.86282004e-07
0.215250,5.04676124e-07,-3.88173002e-07
0.215500,1.51886476e-07,-3.89001384e-07
0.215750,-3.07536145e-07,-2.81932566e-07
0.216000,-7.37028703e-07,7.92076573e-09
0.216250,-1.01679533e-06,4.54978745e-07
0.216500,-1.05894347e-06,8.11777447e-07
0.216750,-8.45566791e-07,8.90027623e-07
0.217000,-4.64418411e-07,7.69729223e-07
0.217250,-6.47047045e-08,5.90494268e-07
0.217500,2.25043046e-07,3.86804257e-07
0.217750,3.57340116e-07,2.30011703e-07
0.218000,3.63491108e-07,2.44309419e-07
0.218250,2.73775577e-07,3.94582798e-07
0.218500,8.90297344e-08,5.21398033e-07
0.218750,-1.2506278e-07,5.83285514e-07
0.219000,-2.22072485e-07,6.25320703e-07
0.219250,-1.29444123e-07,6.24639092e-07
0.219500,7.23343106e-08,5.60662769e-07
0.219750,2.71116464e-07,4.54253372e-07
0.220000,4.32233466e-07,2.63038584e-07
0.220250,5.45024338e-07,-5.07665816e-08
0.220500,5.52358269e-07,-4.08166791e-07
0.220750,4.14807891e-07,-7.35389022e-07
0.221000,1.85988469e-07,-1.024992e-06
0.221250,-5.10176032e-08,-1.19937444e-06
0.221500,-2.53815131e-07,-1.15991588e-06
0.221750,-3.82237393e-07,-9.7478889e-07
0.222000,-3.94955629e-07,-7.83466159e-07
0.222250,-3.11967098e-07,-6.0365505e-07
0.222500,-1.96512078e-07,-4.3101746e-07
0.222750,-1.06168486e-07,-3.57430899e-07
0.223000,-1.07860241e-07,-4.19988915e-07
0.223250,-2.43599797e-07,-5.17393511e-07
0.223500,-4.47990633e-07,-5.56321057e-07
0.223750,-5.91376607e-07,-5.03399417e-07
0.224000,-5.98563215e-07,-3.23368901e-07
0.224250,-4.71599158e-07,-3.23176047e-08
0.224500,-2.55226801e-07,2.80905827e-07
0.224750,-1.42166704e-08,5.86806058e-07
0.225000,2.11596497e-07,9.18066447e-07
0.225250,4.21239972e-07,1.2140607e-06
0.225500,5.93138011e-07,1.36353505e-06
0.225750,6.70432335e-07,1.37492701e-06
0.226000,6.2515924e-07,1.2952824e-06
0.226250,4.80722776e-07,1.06536024e-06
0.226500,2.73843127e-07,6.65262531e-07
0.226750,3.67132175e-08,2.44672448e-07
0.227000,-1.93871043e-07,-5.08031448e-08
0.227250,-3.76262682e-07,-1.96946743e-07
0.227500,-4.78973879e-07,-2.0184621e-07
0.227750,-5.00503189e-07,-1.19544897e-07
0.228000,-4.72107981e-07,-7.77689097e-08
0.228250,-4.27851278e-07,-1.12548486e-07
0.228500,-3.69909273e-07,-1.42941496e-07
0.228750,-2.82707144e-07,-1.78865497e-07
0.229000,-1.80718193e-07,-3.02340626e-07
0.229250,-9.80033265e-08,-4.64737391e-07
0.229500,-2.7719389e-08,-5.49604833e-07
0.229750,6.00821184e-08,-5.41683305e-07
0.230000,1.48910484e-07,-4.70015198e-07
0.230250,2.07058737e-07,-3.43373828e-07
0.230500,2.52856938e-07,-2.18619947e-07
0.230750,3.09123238e-07,-1.59704217e-07
0.231000,3.58196325e-07,-1.4360881e-07
0.231250,3.89400459e-07,-1.54533046e-07
0.231500,4.08010899e-07,-2.55998074e-07
0.231750,4.01072023e-07,-4.45003692e-07
0.232000,3.62871252e-07,-6.03677882e-07
0.232250,2.99675489e-07,-6.66717738e-07
0.232500,1.90311847e-07,-6.56566275e-07
0.232750,2.97086915e-08,-5.65107732e-07
0.233000,-1.24151399e-07,-3.78080791e-07
0.233250,-2.28573891e-07,-1.45936302e-07
0.233500,-3.10455803e-07,9.70787974e-08
0.233750,-4.03536019e-07,3.61937789e-07
0.234000,-5.18664336e-07,5.94714196e-07
0.234250,-6.73286085e-07,7.04448517e-07
0.234500,-8.58569797e-07,7.12003538e-07
0.234750,-9.85020122e-07,7.09026162e-07
0.235000,-9.417489e-07,7.17418759e-07
0.235250,-7.20999924e-07,7.26733986e-07
0.235500,-4.19023027e-07,7.62649958e-07
0.235750,-1.03364731e-07,8.11951311e-07
0.236000,2.32258734e-07,8.12012112e-07
0.236250,5.6717516e-07,7.54409742e-07
0.236500,8.20521267e-07,6.61937624e-07
0.236750,9.34483031e-07,5.05694904e-07
0.237000,9.01589e-07,2.78310114e-07
0.237250,7.34183203e-07,5.35527437e-08
0.237500,4.74566749e-07,-1.3384685e-07
0.237750,1.94632104e-07,-3.4651555e-07
0.238000,-3.34440799e-08,-6.05156508e-07
0.238250,-1.35278053e-07,-8.24877991e-07
0.238500,-5.76134832e-08,-9.58562347e-07
0.238750,1.60088999e-07,-1.06220089e-06
0.239000,3.93432978e-07,-1.15456195e-06
0.239250,5.32746034e-07,-1.15784112e-06
0.239500,5.43238862e-07,-1.02213256e-06
0.239750,4.50111774e-07,-7.83385872e-07
0.240000,2.89585427e-07,-5.03530212e-07
0.240250,6.89192565e-08,-2.42508032e-07
0.240500,-1.99422029e-07,-3.81177616e-08
0.240750,-4.43287059e-07,1.21696175e-07
0.241000,-5.88681537e-07,2.45029853e-07
0.241250,-6.40159921e-07,2.98571274e-07
0.241500,-6.32494409e-07,2.85998939e-07
0.241750,-5.70733139e-07,2.71817752e-07
0.242000,-4.69112601e-07,2.92115398e-07
0.242250,-3.71616624e-07,3.38923826e-07
0.242500,-3.04474214e-07,4.05600612e-07
0.242750,-2.54293027e-07,4.56772206e-07
0.243000,-1.99154488e-07,4.32274579e-07
0.243250,-1.37976832e-07,3.45905463e-07
0.243500,-7.38455198e-08,2.74987482e-07
0.243750,9.11023273e-09,2.36357014e-07
0.244000,1.16274904e-07,1.96578397e-07
0.244250,2.26064082e-07,1.73537503e-07
0.244500,3.28204837e-07,1.97334652e-07
0.244750,4.20353181e-07,2.3580572e-07
0.245000,4.75056744e-07,2.62946756e-07
0.245250,4.6932468e-07,2.94562576e-07
0.245500,4.09970577e-07,3.01507466e-07
0.245750,3.12375897e-07,2.37152439e-07
0.246000,2.10872415e-07,1.49755218e-07
0.246250,1.58447511e-07,1.04409105e-07
0.246500,1.6022073e-07,6.08585664e-08
0.246750,1.68221639e-07,-2.5764875e-08
0.247000,1.78965707e-07,-1.13473934e-07
0.247250,2.54065218e-07,-1.84615401e-07
0.247500,4.02450985e-07,-2.76246995e-07
0.247750,5.2140413e-07,-3.59845168e-07
0.248000,5.12946499e-07,-3.76670766e-07
0.248250,3.91820941e-07,-3.65263226e-07
0.248500,2.16781812e-07,-3.89882619e-07
0.248750,-4.63481558e-09,-4.34712074e-07
0.249000,-2.63405626e-07,-4.78515021e-07
0.249250,-4.83275702e-07,-5.37361334e-07
0.249500,-5.95558165e-07,-5.92166478e-07
0.249750,-6.16647994e-07,-6.07709053e-07
0.250000,-5.88667382e-07,-5.92293588e-07
0.250250,-5.09992837e-07,-5.51298016e-07
0.250500,-3.75525045e-07,-4.6549415e-07
0.250750,-2.20102929e-07,-3.4376138e-07
0.251000,-7.71614438e-08,-2.02357018e-07
0.251250,4.68672009e-08,-1.57097925e-08
0.251500,1.27936334e-07,2.25110068e-07
0.251750,1.26261002e-07,4.52755473e-07
0.252000,6.11699546e-08,6.03598461e-07
0.252250,4.78563465e-09,7.06899447e-07
0.252500,-1.68396602e-08,8.09901286e-07
0.252750,-2.76380022e-08,8.7607641e-07
0.253000,-1.27632632e-08,8.5610881e-07
0.253250,6.57993312e-08,7.83281529e-07
0.253500,1.80927801e-07,7.10214696e-07
0.253750,2.6819046e-07,6.39072061e-07
0.254000,3.03859228e-07,5.52498331e-07
0.254250,2.85034233e-07,4.3213665e-07
0.254500,2.1207412e-07,2.7861878e-07
0.254750,1.32282042e-07,1.42982064e-07
0.255000,1.02913541e-07,4.02924224e-08
0.255250,1.14081129e-07,-1.07247876e-07
0.255500,1.3320692e-07,-3.06980597e-07
0.255750,1.6914366e-07,-4.28652205e-07
0.256000,2.29455273e-07,-4.25871663e-07
0.256250,2.81688252e-07,-4.21203628e-07
0.256500,2.88161891e-07,-4.96695025e-07
0.256750,2.44796306e-07,-6.05189777e-07
0.257000,1.84022328e-07,-6.99651154e-07
0.257250,1.36402942e-07,-7.77439852e-07
0.257500,8.90158742e-08,-8.22429769e-07
0.257750,9.56859316e-09,-8.07030676e-07
0.258000,-9.68655628e-08,-7.08560184e-07
0.258250,-1.8440479e-07,-5.07359069e-07
0.258500,-2.1063491e-07,-2.42425625e-07
0.258750,-1.76524284e-07,-3.06997568e-08
0.259000,-1.32916042e-07,6.48806338e-08
0.259250,-1.39461738e-07,1.2236049e-07
0.259500,-2.1022291e-07,2.18480635e-07
0.259750,-3.08219188e-07,3.00547081e-07
0.260000,-3.82645927e-07,3.09820462e-07
0.260250,-4.04504378e-07,2.99056658e-07
0.260500,-3.83475409e-07,3.11670859e-07
0.260750,-3.39328144e-07,3.01046811e-07
0.261000,-2.58068129e-07,2.63515789e-07
0.261250,-1.33125794e-07,2.76642059e-07
0.261500,-2.37337544e-08,3.52868028e-07
0.261750,1.58799021e-08,4.20806329e-07
0.262000,1.82456641e-08,4.46701872e-07
0.262250,4.30292864e-08,4.46295179e-07
0.262500,9.86367318e-08,4.36607019e-07
0.262750,1.56303057e-07,4.4523508e-07
0.263000,1.92097257e-07,4.75465922e-07
0.263250,2.05165472e-07,4.63170916e-07
0.263500,2.0717323e-07,3.70051663e-07
0.263750,2.0533667e-07,2.62639128e-07
0.264000,2.07339304e-07,2.05507024e-07
0.264250,2.1653834e-07,1.64008458e-07
0.264500,2.18447453e-07,8.62259902e-08
0.264750,2.00559795e-07,-2.05988686e-08
0.265000,1.65267972e-07,-1.45532432e-07
0.265250,1.16231418e-07,-3.01083478e-07
0.265500,6.23477877e-08,-4.73975912e-07
0.265750,1.63792463e-08,-6.32902293e-07
0.266000,-1.4583011e-08,-7.62905068e-07
0.266250,-1.07239647e-08,-8.51435e-07
0.266500,4.5828803e-08,-9.00216783e-07
0.266750,1.18961594e-07,-9.29207987e-07
0.267000,1.44661759e-07,-9.12776018e-07
0.267250,1.06410007e-07,-8.09644149e-07
0.267500,3.54564143e-08,-6.67975784e-07
0.267750,-4.0029819e-08,-5.44195984e-07
0.268000,-1.16532317e-07,-3.73647003e-07
0.268250,-1.99790202e-07,-1.00623249e-07
0.268500,-2.79130939e-07,1.82959942e-07
0.268750,-3.33302903e-07,3.85412446e-07
0.269000,-3.62886873e-07,5.36607479e-07
0.269250,-3.82190404e-07,6.66069388e-07
0.269500,-3.85397678e-07,7.54284522e-07
0.269750,-3.59775171e-07,8.24752056e-07
0.270000,-3.09714142e-07,8.89800779e-07
0.270250,-2.43640067e-07,8.70986565e-07
0.270500,-1.7732093e-07,7.4372144e-07
0.270750,-1.42107669e-07,6.23816689e-07
0.271000,-1.39262444e-07,5.82580733e-07
0.271250,-1.29547165e-07,5.45515519e-07
0.271500,-1.00003304e-07,4.46811301e-07
0.271750,-5.97437185e-08,3.15322155e-07
0.272000,2.51610169e-08,1.85816059e-07
0.272250,1.8393757e-07,6.70084441e-08
0.272500,3.61209343e-07,-3.19059669e-08
0.272750,4.79124874e-07,-1.3907819e-07
0.273000,5.22159518e-07,-2.9091665e-07
0.273250,5.04622035e-07,-4.1930079e-07
0.273500,4.30371804e-07,-4.22581841e-07
0.273750,3.15647761e-07,-3.48948288e-07
0.274000,1.93046577e-07,-3.29583711e-07
0.274250,9.00267312e-08,-3.78738664e-07
0.274500,2.54335112e-08,-4.30584215e-07
0.274750,-7.56529052e-10,-4.8482388e-07
0.275000,-1.3266013e-08,-5.70187651e-07
0.275250,-2.75600231e-08,-6.63462876e-07
0.275500,-2.8333926e-08,-7.35761956e-07
0.275750,-6.45988019e-10,-7.70265918e-07
0.276000,3.54976857e-08,-7.12782734e-07
0.276250,3.48992692e-08,-5.35761989e-07
0.276500,-2.49222709e-08,-3.19816115e-07
0.276750,-1.1646759e-07,-1.4250019e-07
0.277000,-1.95065629e-07,3.21157706e-08
0.277250,-2.37274743e-07,2.40421795e-07
0.277500,-2.46851777e-07,4.1180047e-07
0.277750,-2.51830378e-07,4.70366225e-07
0.278000,-2.70968339e-07,4.38609441e-07
0.278250,-2.72397745e-07,3.85963504e-07
0.278500,-2.20607883e-07,3.60252097e-07
0.278750,-1.51916805e-07,3.79871315e-07
0.279000,-1.40648983e-07,4.32203359e-07
0.279250,-2.07842967e-07,4.9537883e-07
0.279500,-2.94499956e-07,5.68473703e-07
0.279750,-3.15085925e-07,6.3490065e-07
0.280000,-2.4604266e-07,6.43963845e-07
0.280250,-1.47240245e-07,5.90830266e-07
0.280500,-6.25174454e-08,5.31542739e-07
0.280750,4.40273119e-08,4.76074715e-07
0.281000,1.98131292e-07,3.77766161e-07
0.281250,3.44840243e-07,2.37196031e-07
0.281500,4.27789781e-07,9.78715921e-08
0.281750,4.5778961e-07,-3.23326035e-08
0.282000,4.63673475e-07,-1.61741262e-07
0.282250,4.48848317e-07,-2.84196298e-07
0.282500,4.16747045e-07,-4.10181992e-07
0.282750,3.81726412e-07,-5.35375145e-07
0.283000,3.45302318e-07,-6.03917658e-07
0.283250,3.00144539e-07,-6.02874689e-07
0.283500,2.54940921e-07,-6.03761836e-07
0.283750,2.17410147e-07,-6.30745975e-07
0.284000,1.64828301e-07,-6.27371943e-07
0.284250,7.72755925e-08,-5.94696693e-07
0.284500,-2.26059589e-08,-5.91334035e-07
0.284750,-1.04218941e-07,-5.94491453e-07
0.285000,-1.68246596e-07,-5.31560186e-07
0.285250,-2.33618733e-07,-4.15401026e-07
0.285500,-3.17034339e-07,-3.10853149e-07
0.285750,-4.06371441e-07,-2.29988254e-07
0.286000,-4.52033821e-07,-1.41905998e-07
0.286250,-4.3574943e-07,-1.87462238e-08
0.286500,-4.0489823e-07,1.41187519e-07
0.286750,-3.78133371e-07,2.93876242e-07
0.287000,-3.07523601e-07,4.01861308e-07
0.287250,-1.88480064e-07,5.0356639e-07
0.287500,-9.38848023e-08,6.43456832e-07
0.287750,-5.90373074e-08,7.80031561e-07
0.288000,-3.35470932e-08,8.61650425e-07
0.288250,3.26430395e-08,9.12582129e-07
0.288500,1.25287054e-07,9.46974545e-07
0.288750,1.94256238e-07,9.01057073e-07
0.289000,2.1530546e-07,7.45794632e-07
0.289250,2.17058828e-07,5.56297955e-07
0.289500,2.36859132e-07,3.91617074e-07
0.289750,2.64611817e-07,2.25468296e-07
0.290000,2.68205943e-07,4.503175e-08
0.290250,2.4816227e-07,-1.10915768e-07
0.290500,2.20891666e-07,-2.32953622e-07
0.290750,1.85422704e-07,-3.47423182e-07
0.291000,1.46398787e-07,-4.57984698e-07
0.291250,1.30520554e-07,-5.53870417e-07
0.291500,1.50971508e-07,-6.23987238e-07
0.291750,1.81748632e-07,-6.4153294e-07
0.292000,1.84259208e-07,-6.10703428e-07
0.292250,1.48796922e-07,-5.97018895e-07
0.292500,9.93341821e-08,-6.32627824e-07
0.292750,6.15401714e-08,-6.6115033e-07
0.293000,3.3992268e-08,-6.31487486e-07
0.293250,-1.30699702e-08,-5.60993953e-07
0.293500,-1.03677299e-07,-4.84217559e-07
0.293750,-2.07745957e-07,-4.11730476e-07
0.294000,-2.58433551e-07,-3.31230782e-07
0.294250,-2.3789266e-07,-2.07646465e-07
0.294500,-1.96134547e-07,-1.790009e-08
0.294750,-1.76451317e-07,1.87573984e-07
0.295000,-1.76121057e-07,3.169736e-07
0.295250,-1.7487068e-07,3.64093128e-07
0.295500,-1.67995071e-07,4.18961492e-07
0.295750,-1.71924014e-07,5.13767151e-07
0.296000,-1.88962818e-07,5.76629908e-07
0.296250,-1.86271939e-07,5.65052052e-07
0.296500,-1.4870808e-07,5.09565159e-07
0.296750,-1.04812263e-07,4.36915731e-07
0.297000,-6.36002551e-08,3.73136154e-07
0.297250,1.10377237e-09,3.65343809e-07
0.297500,8.78590894e-08,4.14632869e-07
0.297750,1.68219316e-07,4.62661774e-07
0.298000,2.39920992e-07,4.68996014e-07
0.298250,3.09938905e-07,4.26975702e-07
0.298500,3.47143492e-07,3.35320531e-07
0.298750,3.09419561e-07,2.23009059e-07
0.299000,2.13422789e-07,1.42684439e-07
0.299250,1.41108308e-07,9.04665691e-08
0.299500,1.45317638e-07,9.15778251e-09
0.299750,1.66716771e-07,-1.08408069e-07
0.300000,1.15471885e-07,-2.21687348e-07
0.300250,1.54341256e-08,-3.38670629e-07
0.300500,-3.76336526e-08,-4.81689935e-07
0.300750,-2.76425128e-08,-6.03293296e-07
0.301000,-1.56515416e-08,-6.62878109e-07
0.301250,-3.14116726e-08,-6.89867409e-07
0.301500,-5.49352171e-08,-6.93331602e-07
0.301750,-6.49709659e-08,-6.61764113e-07
0.302000,-6.24884643e-08,-6.43653137e-07
0.302250,-6.71038381e-08,-6.50892266e-07
0.302500,-9.2893563e-08,-5.84075355e-07
0.302750,-1.28677376e-07,-4.05201627e-07
0.303000,-1.5489577e-07,-2.16474085e-07
0.303250,-1.63479211e-07,-7.60693115e-08
0.303500,-1.57286278e-07,7.51029776e-08
0.303750,-1.50706401e-07,2.66709138e-07
0.304000,-1.58428677e-07,4.42135949e-07
0.304250,-1.75296371e-07,5.49144916e-07
0.304500,-1.89834129e-07,5.81106495e-07
0.304750,-2.01807352e-07,5.60079918e-07
0.305000,-2.02682652e-07,5.34277096e-07
0.305250,-1.70882791e-07,5.40406506e-07
0.305500,-1.02371817e-07,5.57401277e-07
0.305750,-1.64764713e-08,5.42546888e-07
0.306000,6.86246062e-08,4.77118655e-07
0.306250,1.40459638e-07,3.63419102e-07
0.306500,1.797567e-07,2.44814686e-07
0.306750,1.71984262e-07,1.89112535e-07
0.307000,1.31000795e-07,1.86782787e-07
0.307250,8.6128547e-08,1.60071391e-07
0.307500,5.3211915e-08,1.02556116e-07
0.307750,3.91239996e-08,7.53660752e-08
0.308000,4.64391398e-08,7.02899636e-08
0.308250,6.10628397e-08,1.54392157e-08
0.308500,7.69298619e-08,-1.00989784e-07
0.308750,1.16226208e-07,-2.19327882e-07
0.309000,1.76150416e-07,-2.99319468e-07
0.309250,2.0723222e-07,-3.52067148e-07
0.309500,1.87692593e-07,-3.97901404e-07
0.309750,1.44731638e-07,-4.36553957e-07
0.310000,8.79428473e-08,-4.54531897e-07
0.310250,1.19261309e-08,-4.43626584e-07
0.310500,-5.37534723e-08,-4.14359929e-07
0.310750,-8.52286713e-08,-3.909968e-07
0.311000,-1.10486813e-07,-3.88647816e-07
0.311250,-1.53995085e-07,-4.02769744e-07
0.311500,-2.00050418e-07,-4.19958847e-07
0.311750,-2.38611693e-07,-4.20833177e-07
0.312000,-2.76290302e-07,-3.7749355e-07
0.312250,-3.01954993e-07,-2.78711059e-07
0.312500,-3.0030165e-07,-1.53305101e-07
0.312750,-2.78309427e-07,-3.58988436e-08
0.313000,-2.44240698e-07,7.71491301e-08
0.313250,-1.98352145e-07,2.04672748e-07
0.313500,-1.55248756e-07,3.43116778e-07
0.313750,-1.29872344e-07,4.85029466e-07
0.314000,-1.04285992e-07,6.31479952e-07
0.314250,-4.95631314e-08,7.58840384e-07
0.314500,2.92195358e-08,8.2606061e-07
0.314750,1.04505474e-07,8.28772384e-07
0.315000,1.67086035e-07,7.87825077e-07
0.315250,2.17054947e-07,6.9768613e-07
0.315500,2.36159026e-07,5.59014165e-07
0.315750,2.15440596e-07,4.19608401e-07
0.316000,1.79482366e-07,3.05262256e-07
0.316250,1.47635207e-07,1.8349014e-07
0.316500,1.21776437e-07,4.32238113e-08
0.316750,1.1969914e-07,-1.00181514e-07
0.317000,1.50854187e-07,-2.66881697e-07
0.317250,1.76717665e-07,-4.48842779e-07
0.317500,1.58692587e-07,-5.66253363e-07
0.317750,1.11071797e-07,-6.00415591e-07
0.318000,6.88992032e-08,-6.31321935e-07
0.318250,4.13721589e-08,-6.79013841e-07
0.318500,1.30114314e-08,-6.76696427e-07
0.318750,-2.86526057e-08,-6.14917038e-07
0.319000,-7.33074242e-08,-5.52162067e-07
0.319250,-1.06547777e-07,-5.06082655e-07
0.319500,-1.39998747e-07,-4.53700074e-07
0.319750,-1.88435981e-07,-3.90903543e-07
0.320000,-2.31756082e-07,-3.19704776e-07
0.320250,-2.36569073e-07,-2.29233973e-07
0.320500,-1.98636194e-07,-1.14127611e-07
0.320750,-1.44949111e-07,3.11433842e-08
0.321000,-1.05568236e-07,2.10548652e-07
0.321250,-8.85108999e-08,3.76082846e-07
0.321500,-8.27116277e-08,4.46472316e-07
0.321750,-7.18203489e-08,4.26671295e-07
0.322000,-3.62613056e-08,4.17357939e-07
0.322250,2.25759726e-08,4.6247799e-07
0.322500,6.58449058e-08,4.95837285e-07
0.322750,7.45820499e-08,4.67891961e-07
0.323000,8.03043509e-08,4.21445175e-07
0.323250,9.31953903e-08,4.17185404e-07
0.323500,7.81743054e-08,4.42496634e-07
0.323750,3.06734114e-08,4.23643537e-07
0.324000,-7.62769655e-09,3.36627296e-07
0.324250,-1.31139359e-08,2.55414973e-07
0.324500,5.72304093e-09,2.28187689e-07
0.324750,4.37199076e-08,1.97600736e-07
0.325000,9.87298688e-08,1.27072671e-07
0.325250,1.54896373e-07,6.56125407e-08
0.325500,2.02470082e-07,1.38601558e-08
0.325750,2.50172201e-07,-1.00549611e-07
0.326000,2.8850991e-07,-2.69505931e-07
0.326250,2.77721452e-07,-4.00474394e-07
0.326500,2.06593271e-07,-4.70085988e-07
0.326750,1.22159416e-07,-5.27907702e-07
0.327000,6.48276734e-08,-5.76758298e-07
0.327250,1.69624443e-08,-5.81210618e-07
0.327500,-4.81715796e-08,-5.53719889e-07
0.327750,-1.11901622e-07,-5.30080211e-07
0.328000,-1.43995205e-07,-5.03818378e-07
0.328250,-1.53181887e-07,-4.53049437e-07
0.328500,-1.71538222e-07,-3.81092076e-07
0.328750,-2.12120513e-07,-2.92254485e-07
0.329000,-2.5617003e-07,-1.85268976e-07
0.329250,-2.70029167e-07,-7.90839905e-08
0.329500,-2.36043953e-07,1.49791804e-08
0.329750,-1.75640393e-07,1.18524628e-07
0.330000,-1.34633712e-07,2.29184324e-07
0.330250,-1.29551051e-07,3.07754839e-07
0.330500,-1.20832557e-07,3.6009807e-07
0.330750,-7.00078159e-08,4.36158607e-07
0.331000,5.93963558e-09,5.38987143e-07
0.331250,7.97620909e-08,6.21129502e-07
0.331500,1.52602834e-07,6.42764789e-07
0.331750,2.06181545e-07,5.89194212e-07
0.332000,2.03237908e-07,4.8907498e-07
0.332250,1.57620431e-07,4.12116565e-07
0.332500,1.22223306e-07,3.84697109e-07
0.332750,1.22350572e-07,3.46734136e-07
0.333000,1.52017896e-07,2.47322476e-07
0.333250,1.93072231e-07,1.2227928e-07
0.333500,2.22164333e-07,2.58132722e-08
0.333750,2.31812794e-07,-4.31075174e-08
0.334000,2.25213229e-07,-1.047854e-07
0.334250,1.92984005e-07,-1.73254195e-07
0.334500,1.38744274e-07,-2.78094303e-07
0.334750,9.32610893e-08,-4.1556831e-07
0.335000,5.98331091e-08,-5.11275598e-07
0.335250,1.13992675e-09,-5.18462159e-07
0.335500,-8.98623304e-08,-4.77655292e-07
0.335750,-1.69700754e-07,-4.31492841e-07
0.336000,-2.13311701e-07,-3.87095406e-07
0.336250,-2.43787328e-07,-3.73553233e-07
0.336500,-2.76096083e-07,-4.23235942e-07
0.336750,-2.80707433e-07,-4.92333862e-07
0.337000,-2.35413924e-07,-4.9197007e-07
0.337250,-1.77159824e-07,-4.03375991e-07
0.337500,-1.51020983e-07,-2.84951778e-07
0.337750,-1.39795439e-07,-1.65310293e-07
0.338000,-1.11396875e-07,-1.70261028e-08
0.338250,-9.15166224e-08,1.66790428e-07
0.338500,-1.05088128e-07,3.53054372e-07
0.338750,-1.01632661e-07,5.03501388e-07
0.339000,-3.14549482e-08,5.8102111e-07
0.339250,5.73078312e-08,5.81229532e-07
0.339500,8.10969565e-08,5.60235731e-07
0.339750,4.01351542e-08,5.53350177e-07
0.340000,1.08119841e-08,5.17789824e-07
0.340250,4.23477891e-08,4.30869306e-07
0.340500,1.06859716e-07,3.5298603e-07
0.340750,1.45006573e-07,3.25346668e-07
0.341000,1.32840092e-07,3.00557163e-07
0.341250,9.77595484e-08,2.32464092e-07
0.341500,7.72150028e-08,1.522037e-07
0.341750,8.04472954e-08,1.03126056e-07
0.342000,1.03154121e-07,7.59015349e-08
0.342250,1.47555582e-07,4.50127558e-08
0.342500,2.00792244e-07,-1.01806494e-08
0.342750,2.29719093e-07,-1.16703941e-07
0.343000,2.15585557e-07,-2.56866281e-07
0.343250,1.61287232e-07,-3.60474225e-07
0.343500,7.40003825e-08,-4.05121795e-07
0.343750,-2.51904385e-08,-4.32593075e-07
0.344000,-9.83971077e-08,-4.6202637e-07
0.344250,-1.28847191e-07,-4.82607071e-07
0.344500,-1.42110792e-07,-4.92863402e-07
0.344750,-1.70529607e-07,-4.96291582e-07
0.345000,-2.11456716e-07,-5.0869565e-07
0.345250,-2.36835889e-07,-5.42026384e-07
0.345500,-2.34314003e-07,-5.42031936e-07
0.345750,-2.14388e-07,-4.32937295e-07
0.346000,-1.84042365e-07,-2.34341755e-07
0.346250,-1.5341587e-07,-2.89489873e-08
0.346500,-1.53646048e-07,1.44837812e-07
0.346750,-1.91013564e-07,2.76631279e-07
0.347000,-2.1693218e-07,3.47561585e-07
0.347250,-2.00634195e-07,3.81199722e-07
0.347500,-1.67173838e-07,4.33536128e-07
0.347750,-1.27082546e-07,4.99318122e-07
0.348000,-6.36880858e-08,5.20234365e-07
0.348250,1.26247893e-09,4.79266531e-07
0.348500,2.98668101e-08,4.11213262e-07
0.348750,3.88365223e-08,3.53325085e-07
0.349000,7.37343702e-08,3.26911204e-07
0.349250,1.44294704e-07,3.20003218e-07
0.349500,2.20997006e-07,2.91516812e-07
0.349750,2.68615003e-07,2.36066561e-07
0.350000,2.77472724e-07,1.95995009e-07
0.350250,2.6714773e-07,1.78315717e-07
0.350500,2.52697716e-07,1.34176828e-07
0.350750,2.29118516e-07,4.20452769e-08
0.351000,1.97362807e-07,-5.75509312e-08
0.351250,1.69187216e-07,-1.26103216e-07
0.351500,1.41013494e-07,-1.79654618e-07
0.351750,9.42357919e-08,-2.58764331e-07
0.352000,2.35196486e-08,-3.69294409e-07
0.352250,-5.07058483e-08,-4.74140691e-07
0.352500,-9.93880353e-08,-5.36603216e-07
0.352750,-1.13062657e-07,-5.57503646e-07
0.353000,-1.1166475e-07,-5.63589521e-07
0.353250,-1.22343686e-07,-5.60079785e-07
0.353500,-1.48347423e-07,-5.21911852e-07
0.353750,-1.64434303e-07,-4.43511054e-07
0.354000,-1.49410692e-07,-3.46472435e-07
0.354250,-1.21197479e-07,-2.34805414e-07
0.354500,-1.1854234e-07,-1.05650863e-07
0.354750,-1.44144849e-07,1.9077726e-08
0.355000,-1.62641467e-07,1.18215174e-07
0.355250,-1.61979063e-07,1.8374973e-07
0.355500,-1.66175778e-07,2.13695297e-07
0.355750,-1.81354641e-07,2.38352589e-07
0.356000,-1.85987813e-07,2.9264187e-07
0.356250,-1.71657482e-07,3.46784509e-07
0.356500,-1.42511183e-07,3.55674751e-07
0.356750,-9.32365119e-08,3.50642856e-07
0.357000,-2.6328785e-08,3.87441587e-07
0.357250,3.59355469e-08,4.46742914e-07
0.357500,7.82958422e-08,4.66691294e-07
0.357750,1.10901548e-07,4.41681563e-07
0.358000,1.55504134e-07,4.14523704e-07
0.358250,2.15293265e-07,3.84119974e-07
0.358500,2.59425846e-07,3.12353599e-07
0.358750,2.60646194e-07,2.17970555e-07
0.359000,2.42328631e-07,1.50316262e-07
0.359250,2.4275938e-07,8.72896622e-08
0.359500,2.47823541e-07,-2.03817526e-08
0.359750,2.17360215e-07,-1.49207155e-07
0.360000,1.55906243e-07,-2.53113427e-07
0.360250,1.03553106e-07,-3.39475337e-07
0.360500,8.2012008e-08,-4.18188151e-07
0.360750,8.31407053e-08,-4.64681042e-07
0.361000,8.89568512e-08,-4.79158463e-07
0.361250,8.84949264e-08,-4.96497189e-07
0.361500,8.04674624e-08,-5.24011074e-07
0.361750,6.55043007e-08,-5.37483594e-07
0.362000,4.29442578e-08,-5.22783505e-07
0.362250,7.39908001e-09,-4.74983985e-07
0.362500,-4.58895499e-08,-3.86470567e-07
0.362750,-9.96535018e-08,-2.63665264e-07
0.363000,-1.35847948e-07,-1.33196685e-07
0.363250,-1.79256234e-07,-2.04235866e-08
0.363500,-2.50239087e-07,7.12524556e-08
0.363750,-3.00157375e-07,1.51621477e-07
0.364000,-2.82478618e-07,2.09780336e-07
0.364250,-2.41573516e-07,2.18177242e-07
0.364500,-2.40292398e-07,1.94602859e-07
0.364750,-2.52270299e-07,2.15727999e-07
0.365000,-2.13653815e-07,3.24381682e-07
0.365250,-1.35593889e-07,4.59556579e-07
0.365500,-8.04000381e-08,5.29454208e-07
0.365750,-5.65771861e-08,5.26872305e-07
0.366000,-1.16967857e-08,5.10753182e-07
0.366250,8.20391859e-08,5.01995786e-07
0.366500,1.88507265e-07,4.78682204e-07
0.366750,2.59134767e-07,4.43546351e-07
0.367000,2.88802552e-07,4.0922204e-07
0.367250,3.03111235e-07,3.45572559e-07
0.367500,3.15202592e-07,2.12318153e-07
0.367750,3.17928115e-07,2.80498031e-08
0.368000,3.05846981e-07,-1.38034237e-07
0.368250,2.89055327e-07,-2.49771342e-07
0.368500,2.79507949e-07,-3.44718532e-07
0.368750,2.6894949e-07,-4.58649873e-07
0.369000,2.42779799e-07,-5.57136519e-07
0.369250,2.05332183e-07,-5.97898709e-07
0.369500,1.58977176e-07,-5.95886213e-07
0.369750,9.15337939e-08,-5.70546035e-07
0.370000,1.57920082e-08,-5.1228532e-07
0.370250,-3.51760622e-08,-4.35442548e-07
0.370500,-6.54521459e-08,-3.72508504e-07
0.370750,-1.07638673e-07,-3.17908666e-07
0.371000,-1.67665684e-07,-2.59794659e-07
0.371250,-2.17987654e-07,-2.1815432e-07
0.371500,-2.29427586e-07,-1.87286068e-07
0.371750,-2.11724082e-07,-1.21552565e-07
0.372000,-2.14606728e-07,-1.43203718e-08
0.372250,-2.52084808e-07,9.32364677e-08
0.372500,-2.75019942e-07,1.81686733e-07
0.372750,-2.53437122e-07,2.63661248e-07
0.373000,-2.05930899e-07,3.48538978e-07
0.373250,-1.49217405e-07,4.33914567e-07
0.373500,-9.57984565e-08,5.12834123e-07
0.373750,-6.08795951e-08,5.85006538e-07
0.374000,-3.34721645e-08,6.47213921e-07
0.374250,8.00474435e-09,6.6467204e-07
0.374500,6.34887188e-08,6.12986985e-07
0.374750,1.23265753e-07,5.37160786e-07
0.375000,1.72295539e-07,4.77872676e-07
0.375250,1.91937595e-07,3.96894117e-07
0.375500,1.91203513e-07,2.62105538e-07
0.375750,1.99208672e-07,1.11687795e-07
0.376000,2.17858615e-07,-1.923807e-08
0.376250,2.23245756e-07,-1.45410803e-07
0.376500,2.02104753e-07,-2.87658078e-07
0.376750,1.63350814e-07,-4.27343827e-07
0.377000,1.29183368e-07,-5.15866565e-07
0.377250,1.13238388e-07,-5.426755e-07
0.377500,1.02515604e-07,-5.54595332e-07
0.377750,8.10104737e-08,-5.59958872e-07
0.378000,5.67666469e-08,-5.02645168e-07
0.378250,3.56365012e-08,-3.90636241e-07
0.378500,5.19420653e-10,-3.27279207e-07
0.378750,-5.26756201e-08,-3.55405268e-07
0.379000,-9.88331729e-08,-3.84212277e-07
0.379250,-1.21958754e-07,-3.19685788e-07
0.379500,-1.29529688e-07,-1.88361454e-07
0.379750,-1.28769808e-07,-8.5853819e-08
0.380000,-1.24231912e-07,-4.39384785e-08
0.380250,-1.27544846e-07,-9.27475662e-09
0.380500,-1.42765662e-07,6.07250628e-08
0.380750,-1.53211963e-07,1.60077741e-07
0.381000,-1.38411564e-07,2.79983992e-07
0.381250,-1.00686783e-07,4.07486144e-07
0.381500,-6.87532704e-08,5.04542061e-07
0.381750,-6.67026035e-08,5.5029503e-07
0.382000,-8.11327388e-08,5.59083105e-07
0.382250,-8.02035399e-08,5.38790555e-07
0.382500,-6.28080525e-08,4.89821612e-07
0.382750,-5.66914902e-08,4.28341262e-07
0.383000,-7.3060039e-08,3.63672195e-07
0.383250,-9.46380267e-08,2.87502716e-07
0.383500,-1.00558841e-07,2.03591188e-07
0.383750,-8.46671402e-08,1.2560303e-07
0.384000,-5.70739464e-08,4.25514834e-08
0.384250,-2.96682528e-08,-7.33161758e-08
0.384500,2.5265059e-10,-2.13678089e-07
0.384750,3.82365656e-08,-3.22524765e-07
0.385000,7.07714613e-08,-3.58266456e-07
0.385250,7.52872697e-08,-3.33470838e-07
0.385500,5.10345495e-08,-2.82052183e-07
0.385750,3.23146767e-08,-2.3411728e-07
0.386000,5.67761867e-08,-2.13155842e-07
0.386250,1.04754199e-07,-2.14286277e-07
0.386500,1.10800222e-07,-2.16144198e-07
0.386750,6.46925544e-08,-2.29146227e-07
0.387000,2.19360579e-08,-2.82153735e-07
0.387250,-4.74880034e-09,-3.59465713e-07
0.387500,-4.94457871e-08,-3.97247181e-07
0.387750,-9.86940752e-08,-3.61309504e-07
0.388000,-1.12675017e-07,-2.9562202e-07
0.388250,-1.01185503e-07,-2.43299214e-07
0.388500,-9.46369673e-08,-1.64327243e-07
0.388750,-9.29689544e-08,-2.10387882e-08
0.389000,-8.26608128e-08,1.21337314e-07
0.389250,-6.80898662e-08,1.86359677e-07
0.389500,-6.80942982e-08,2.02083793e-07
0.389750,-7.98829625e-08,2.3895155e-07
0.390000,-7.31397425e-08,3.08120826e-07
0.390250,-4.64824516e-08,3.76487191e-07
0.390500,-3.48659376e-08,4.26217518e-07
0.390750,-3.96001243e-08,4.63832476e-07
0.391000,-2.89518072e-08,4.8696825e-07
0.391250,-6.79888891e-09,4.73343633e-07
0.391500,-4.55510822e-09,4.22976832e-07
0.391750,-2.30646869e-08,3.69105051e-07
0.392000,-3.41611759e-08,3.19296276e-07
0.392250,-1.99968239e-08,2.5033534e-07
0.392500,1.17745543e-08,1.62909028e-07
0.392750,3.48596852e-08,6.42754241e-08
0.393000,2.32189047e-08,-5.66629684e-08
0.393250,-1.58126504e-08,-1.72687324e-07
0.393500,-3.64230354e-08,-2.29339909e-07
0.393750,-1.40802931e-08,-2.39804136e-07
0.394000,1.29717598e-08,-2.60157353e-07
0.394250,6.42557123e-10,-2.94968196e-07
0.394500,-3.93262188e-08,-3.21368388e-07
0.394750,-6.71204439e-08,-3.46617108e-07
0.395000,-6.51557736e-08,-3.88143695e-07
0.395250,-4.68045783e-08,-4.47685894e-07
0.395500,-4.05490505e-08,-4.95585877e-07
0.395750,-5.78254531e-08,-4.72769112e-07
0.396000,-7.42998676e-08,-3.74809284e-07
0.396250,-6.5496296e-08,-2.88017766e-07
0.396500,-4.43082287e-08,-2.5438244e-07
0.396750,-3.59699787e-08,-1.97549607e-07
0.397000,-3.60140818e-08,-6.76688269e-08
0.397250,-1.70914817e-08,6.05295221e-08
0.397500,3.26875498e-08,1.10820081e-07
0.397750,9.57543286e-08,1.21440629e-07
0.398000,1.44043908e-07,1.72567524e-07
0.398250,1.54461494e-07,2.74658725e-07
0.398500,1.20750614e-07,3.80396467e-07
0.398750,7.32332269e-08,4.53461717e-07
0.399000,5.69218413e-08,4.89661959e-07
0.399250,7.47011719e-08,5.00953043e-07
0.399500,9.56837199e-08,4.89420444e-07
0.399750,1.10614633e-07,4.36130676e-07
0.400000,1.24930442e-07,3.37058581e-07
0.400250,1.22967134e-07,2.29443714e-07
0.400500,8.70027011e-08,1.53884998e-07
0.400750,2.66644036e-08,1.2254374e-07
0.401000,-3.05218024e-08,1.26536359e-07
0.401250,-5.77899598e-08,1.34070268e-07
0.401500,-5.04099848e-08,1.05825083e-07
0.401750,-4.22042474e-08,3.90998459e-08
0.402000,-6.72232849e-08,-3.94446571e-08
0.402250,-1.07258946e-07,-1.18896126e-07
0.402500,-1.27978879e-07,-2.00999463e-07
0.402750,-1.43707369e-07,-2.77862841e-07
0.403000,-1.80066811e-07,-3.48849987e-07
0.403250,-2.05114674e-07,-4.28996781e-07
0.403500,-1.70459713e-07,-5.10474897e-07
0.403750,-9.70457875e-08,-5.53114766e-07
0.404000,-5.42960411e-08,-5.45762903e-07
0.404250,-6.05494614e-08,-5.24435748e-07
0.404500,-5.95637115e-08,-4.94315852e-07
0.404750,-5.08531296e-09,-4.08031431e-07
0.405000,7.77783386e-08,-2.60476901e-07
0.405250,1.33627045e-07,-1.24340538e-07
0.405500,1.46069068e-07,-4.77344828e-08
0.405750,1.47983789e-07,1.66652738e-08
0.406000,1.71403146e-07,1.27474993e-07
0.406250,2.00100786e-07,2.49957915e-07
0.406500,1.94307516e-07,3.14456176e-07
0.406750,1.59270592e-07,3.37940434e-07
0.407000,1.4660063e-07,3.81468858e-07
0.407250,1.79916369e-07,4.35321563e-07
0.407500,2.19652202e-07,4.54268162e-07
0.407750,2.15394511e-07,4.38974359e-07
0.408000,1.64637394e-07,4.07878976e-07
0.408250,1.04586808e-07,3.69550408e-07
0.408500,6.8435182e-08,3.44088926e-07
0.408750,6.53938551e-08,3.40532354e-07
0.409000,8.31220454e-08,3.31154171e-07
0.409250,9.68722673e-08,2.82972033e-07
0.409500,8.59672109e-08,1.91172783e-07
0.409750,4.271077e-08,8.82835141e-08
0.410000,-2.68872996e-08,2.16375314e-08
0.410250,-9.93940283e-08,-1.09968817e-08
0.410500,-1.49872844e-07,-7.27404389e-08
0.410750,-1.78715491e-07,-1.91612031e-07
0.411000,-1.99826714e-07,-3.11145723e-07
0.411250,-2.1425073e-07,-3.85812582e-07
0.411500,-2.19851664e-07,-4.48399626e-07
0.411750,-2.21957737e-07,-5.32556762e-07
0.412000,-2.17022793e-07,-6.11108763e-07
0.412250,-1.93420346e-07,-6.42823971e-07
0.412500,-1.55787584e-07,-6.13287861e-07
0.412750,-1.24296936e-07,-5.31311718e-07
0.413000,-1.05027561e-07,-4.20056428e-07
0.413250,-8.07932828e-08,-2.9455178e-07
0.413500,-3.97533896e-08,-1.57372502e-07
0.413750,6.57137077e-09,-2.67520024e-08
0.414000,4.54670237e-08,7.57600496e-08
0.414250,7.96956053e-08,1.66117137e-07
0.414500,1.13459322e-07,2.71341715e-07
0.414750,1.44663107e-07,3.70401132e-07
0.415000,1.68974272e-07,4.23953192e-07
0.415250,1.80174586e-07,4.45958628e-07
0.415500,1.82556462e-07,4.67999855e-07
0.415750,1.96568717e-07,4.70190427e-07
0.416000,2.26566437e-07,4.32034063e-07
0.416250,2.42013168e-07,3.84450481e-07
0.416500,2.1885796e-07,3.50523937e-07
0.416750,1.80231331e-07,3.18332103e-07
0.417000,1.65755932e-07,2.81930312e-07
0.417250,1.70097635e-07,2.41130194e-07
0.417500,1.50859735e-07,1.94197731e-07
0.417750,9.77920983e-08,1.49121681e-07
0.418000,4.36517658e-08,9.36184451e-08
0.418250,3.26125642e-09,-1.06102754e-08
0.418500,-4.41460071e-08,-1.65491844e-07
0.418750,-1.10196663e-07,-3.21168257e-07
0.419000,-1.75272141e-07,-4.31485099e-07
0.419250,-2.15167856e-07,-4.86184815e-07
0.419500,-2.33049063e-07,-5.01173267e-07
0.419750,-2.53006848e-07,-4.94848069e-07
0.420000,-2.78427526e-07,-4.70829678e-07
0.420250,-2.75144331e-07,-4.24995214e-07
0.420500,-2.17909243e-07,-3.49886018e-07
0.420750,-1.44566718e-07,-2.38704397e-07
0.421000,-1.24730876e-07,-1.22168637e-07
0.421250,-1.66446562e-07,-5.68082263e-08
0.421500,-2.06014511e-07,-3.89702293e-08
0.421750,-1.98290522e-07,-1.06571785e-08
0.422000,-1.56655441e-07,4.4603035e-08
0.422250,-1.09773141e-07,1.01467621e-07
0.422500,-7.25550556e-08,1.47671675e-07
0.422750,-4.7953161e-08,1.83232701e-07
0.423000,-3.111769e-08,2.24471032e-07
0.423250,-1.50103148e-08,2.92069204e-07
0.423500,1.0188035e-08,3.49527516e-07
0.423750,5.19989608e-08,3.36591335e-07
0.424000,1.01617519e-07,2.76976294e-07
0.424250,1.45478592e-07,2.48421001e-07
0.424500,1.83615361e-07,2.62452452e-07
0.424750,2.14862542e-07,2.64662245e-07
0.425000,2.30091132e-07,2.27515065e-07
0.425250,2.34824844e-07,1.7186654e-07
0.425500,2.4368649e-07,1.16499535e-07
0.425750,2.49269491e-07,6.52959232e-08
0.426000,2.27495397e-07,2.81291719e-08
0.426250,1.70092804e-07,2.10492484e-09
0.426500,1.02137705e-07,-4.69913373e-08
0.426750,6.64616965e-08,-1.40391192e-07
0.427000,6.55926306e-08,-2.43633687e-07
0.427250,4.01298692e-08,-3.03071087e-07
0.427500,-4.0244589e-08,-3.14500099e-07
0.427750,-1.21342506e-07,-3.1793331e-07
0.428000,-1.62672237e-07,-3.23380162e-07
0.428250,-1.95177062e-07,-2.99854686e-07
0.428500,-2.32657338e-07,-2.47595093e-07
0.428750,-2.39831312e-07,-2.06072306e-07
0.429000,-2.1488326e-07,-1.81162509e-07
0.429250,-2.05953325e-07,-1.41488474e-07
0.429500,-2.3727375e-07,-8.8343868e-08
0.429750,-2.8169381e-07,-5.07073793e-08
0.430000,-3.07481437e-07,-1.17673877e-08
0.430250,-3.14894894e-07,6.78080158e-08
0.430500,-3.16708866e-07,1.4690974e-07
0.430750,-3.0721859e-07,1.38873481e-07
0.431000,-2.71169853e-07,6.60627899e-08
0.431250,-2.08271343e-07,5.10128152e-08
0.431500,-1.300534e-07,1.3556579e-07
0.431750,-4.22678392e-08,2.3777756e-07
0.432000,5.43848584e-08,2.95515312e-07
0.432250,1.48762781e-07,3.25430275e-07
0.432500,2.20866523e-07,3.37208671e-07
0.432750,2.65507499e-07,3.05788864e-07
0.433000,2.97858355e-07,2.34190708e-07
0.433250,3.26553035e-07,1.59676549e-07
0.433500,3.3829911e-07,1.03917572e-07
0.433750,3.20871562e-07,7.00627277e-08
0.434000,2.8962694e-07,6.01348866e-08
0.434250,2.69430408e-07,5.28600565e-08
0.434500,2.50254555e-07,3.0492068e-09
0.434750,1.96902411e-07,-1.00758609e-07
0.435000,1.11437362e-07,-2.16687045e-07
0.435250,3.66755579e-08,-3.02883391e-07
0.435500,-1.10539243e-08,-3.43482511e-07
0.435750,-5.90856252e-08,-3.34445252e-07
0.436000,-1.24793343e-07,-2.99452744e-07
0.436250,-1.9152619e-07,-2.81756008e-07
0.436500,-2.38303691e-07,-2.79920756e-07
0.436750,-2.61105852e-07,-2.5033556e-07
0.437000,-2.66814113e-07,-1.78502461e-07
0.437250,-2.65956942e-07,-8.90080955e-08
0.437500,-2.67198795e-07,-9.65556476e-09
0.437750,-2.66339717e-07,4.87638929e-08
0.438000,-2.48991398e-07,9.9220617e-08
0.438250,-2.11389287e-07,1.3885598e-07
0.438500,-1.63485469e-07,1.31020932e-07
0.438750,-1.11703338e-07,9.47229982e-08
0.439000,-6.03692962e-08,1.09502563e-07
0.439250,-2.05590149e-08,1.68028177e-07
0.439500,7.69424592e-09,1.83428959e-07
0.439750,4.57098507e-08,1.53424377e-07
0.440000,1.07490615e-07,1.46125941e-07
0.440250,1.75765172e-07,1.72319984e-07
0.440500,2.16674144e-07,1.96351059e-07
0.440750,2.12186109e-07,1.95203005e-07
0.441000,1.80710999e-07,1.63365725e-07
0.441250,1.58541507e-07,1.26851228e-07
0.441500,1.52288174e-07,1.23409515e-07
0.441750,1.35792552e-07,1.31284863e-07
0.442000,1.01559229e-07,8.63104027e-08
0.442250,6.80993338e-08,-1.2067738e-08
0.442500,3.54365025e-08,-8.85228217e-08
0.442750,-7.37640524e-09,-1.07971409e-07
0.443000,-4.23464166e-08,-1.29271204e-07
0.443250,-4.60777337e-08,-1.97532306e-07
0.443500,-2.93944658e-08,-2.6049528e-07
0.443750,-1.68040862e-08,-2.59791432e-07
0.444000,-1.41624604e-08,-2.20763434e-07
0.444250,-1.29422724e-08,-1.82948572e-07
0.444500,-7.14190915e-09,-1.3675389e-07
0.444750,6.45256462e-10,-8.4434056e-08
0.445000,4.03117238e-09,-6.93263943e-08
0.445250,-1.00508182e-09,-1.05274827e-07
0.445500,-9.39828962e-09,-1.47884295e-07
0.445750,-3.97425229e-09,-1.53358543e-07
0.446000,1.93596075e-08,-1.17715441e-07
0.446250,2.88645039e-08,-5.42717018e-08
0.446500,1.31877625e-09,2.33111765e-08
0.446750,-2.91190553e-08,8.41904939e-08
0.447000,-2.05454937e-08,9.22218058e-08
0.447250,9.15608859e-09,5.71889383e-08
0.447500,2.02618905e-08,3.67975758e-08
0.447750,1.83237488e-08,7.10446614e-08
0.448000,2.94977332e-08,1.37403612e-07
0.448250,4.75350581e-08,1.79348259e-07
0.448500,5.40605303e-08,1.83373446e-07
0.448750,5.39467224e-08,2.07204406e-07
0.449000,5.57196642e-08,2.78630402e-07
0.449250,5.80129159e-08,3.17513246e-07
0.449500,6.57789048e-08,2.62051402e-07
0.449750,7.39934964e-08,1.85999898e-07
0.450000,5.89366193e-08,1.68429181e-07
0.450250,2.93099267e-08,1.64863953e-07
0.450500,2.8003009e-08,1.09718635e-07
0.450750,5.31554627e-08,1.82722713e-08
0.451000,5.86917188e-08,-7.1619167e-08
0.451250,4.08538318e-08,-1.49851566e-07
0.451500,3.6211149e-08,-2.1120708e-07
0.451750,4.82087202e-08,-2.54073155e-07
0.452000,5.24136235e-08,-2.87164358e-07
0.452250,4.29707044e-08,-3.05007444e-07
0.452500,2.28962887e-08,-2.92871594e-07
0.452750,-7.05695264e-09,-2.64600085e-07
0.453000,-2.89058799e-08,-2.46126429e-07
0.453250,-2.69294223e-08,-2.2889891e-07
0.453500,-2.11845941e-08,-1.94295078e-07
0.453750,-3.32406381e-08,-1.5878383e-07
0.454000,-4.20524976e-08,-1.42062487e-07
0.454250,-2.25656983e-08,-1.30499325e-07
0.454500,-6.07137758e-10,-1.09944884e-07
0.454750,-1.62653662e-08,-8.2217951e-08
0.455000,-5.2763612e-08,-3.33833048e-08
0.455250,-5.58345136e-08,5.11457718e-08
0.455500,-8.79320217e-09,1.43593512e-07
0.455750,5.63305833e-08,2.06948391e-07
0.456000,1.04989352e-07,2.42311941e-07
0.456250,1.27637747e-07,2.57825741e-07
0.456500,1.36103305e-07,2.54222887e-07
0.456750,1.44446541e-07,2.63311397e-07
0.457000,1.49929017e-07,3.11742e-07
0.457250,1.39085743e-07,3.54430246e-07
0.457500,1.12244241e-07,3.33202184e-07
0.457750,8.88373919e-08,2.62162501e-07
0.458000,7.88059683e-08,1.83094389e-07
0.458250,5.9015872e-08,9.50408876e-08
0.458500,5.55119556e-09,-1.10777506e-08
0.458750,-5.744825e-08,-9.83424098e-08
0.459000,-8.4252753e-08,-1.23719797e-07
0.459250,-7.7383159e-08,-1.12757154e-07
0.459500,-8.19006946e-08,-1.39715805e-07
0.459750,-1.14549546e-07,-2.22508349e-07
0.460000,-1.44723248e-07,-2.89057212e-07
0.460250,-1.44585188e-07,-2.83724372e-07
0.460500,-1.22985972e-07,-2.50583057e-07
0.460750,-1.04253605e-07,-2.49563665e-07
0.461000,-8.9906494e-08,-2.54077509e-07
0.461250,-5.83745213e-08,-2.1298747e-07
0.461500,-8.90240523e-09,-1.50475381e-07
0.461750,2.55674747e-08,-1.23766838e-07
0.462000,3.32809119e-08,-1.3401244e-07
0.462250,4.92323015e-08,-1.37275565e-07
0.462500,9.83218887e-08,-1.05054264e-07
0.462750,1.54523668e-07,-4.27706951e-08
0.463000,1.77845876e-07,2.30644494e-08
0.463250,1.64606693e-07,6.6440325e-08
0.463500,1.44506071e-07,9.13802405e-08
0.463750,1.35907986e-07,1.26709732e-07
0.464000,1.30484102e-07,1.75605261e-07
0.464250,1.31161694e-07,2.08439536e-07
0.464500,1.58615472e-07,2.17186223e-07
0.464750,1.97996003e-07,2.21358588e-07
0.465000,1.94797344e-07,2.21842234e-07
0.465250,1.26533739e-07,2.10257809e-07
0.465500,3.29363683e-08,2.01029141e-07
0.465750,-3.3404762e-08,2.01941746e-07
0.466000,-5.75218725e-08,1.9452263e-07
0.466250,-6.74074226e-08,1.66594258e-07
0.466500,-9.78445257e-08,1.14809717e-07
0.466750,-1.44473675e-07,3.56890084e-08
0.467000,-1.72003968e-07,-4.43371021e-08
0.467250,-1.70736235e-07,-8.7839223e-08
0.467500,-1.65647355e-07,-1.06019003e-07
0.467750,-1.66763493e-07,-1.26354594e-07
0.468000,-1.55442416e-07,-1.35145529e-07
0.468250,-1.25752899e-07,-1.21607803e-07
0.468500,-9.95722713e-08,-1.15244811e-07
0.468750,-8.3698259e-08,-1.32430689e-07
0.469000,-4.67027474e-08,-1.52548193e-07
0.469250,2.54009211e-08,-1.6345589e-07
0.469500,8.72760939e-08,-1.72818944e-07
0.469750,9.9164498e-08,-1.76774064e-07
0.470000,8.67599825e-08,-1.67284577e-07
0.470250,8.76384741e-08,-1.62240922e-07
0.470500,9.72761772e-08,-1.77466761e-07
0.470750,1.02734285e-07,-1.81771999e-07
0.471000,1.11293258e-07,-1.34668487e-07
0.471250,1.27635008e-07,-5.12061369e-08
0.471500,1.43214505e-07,1.52360802e-08
0.471750,1.53356878e-07,3.71711151e-08
0.472000,1.59109317e-07,3.91062168e-08
0.472250,1.51736988e-07,6.57411134e-08
0.472500,1.23074381e-07,1.26557061e-07
0.472750,9.08140409e-08,1.86843125e-07
0.473000,7.48657852e-08,2.18626712e-07
0.473250,6.19065665e-08,2.33727248e-07
0.473500,3.9534412e-08,2.57395024e-07
0.473750,2.67531345e-08,2.84866737e-07
0.474000,2.86552837e-08,2.79401022e-07
0.474250,1.83892902e-08,2.19511507e-07
0.474500,-1.22252755e-08,1.31459205e-07
0.474750,-4.31711677e-08,6.28336813e-08
0.475000,-7.1170406e-08,3.38011471e-08
0.475250,-1.12032492e-07,1.91373063e-08
0.475500,-1.59110632e-07,-1.71717599e-08
0.475750,-1.87180856e-07,-7.49554167e-08
0.476000,-2.00649581e-07,-1.27223795e-07
0.476250,-2.23310278e-07,-1.58542214e-07
0.476500,-2.41630939e-07,-1.65643543e-07
0.476750,-2.24424239e-07,-1.5179172e-07
0.477000,-1.80695892e-07,-1.38545212e-07
0.477250,-1.37053638e-07,-1.46177697e-07
0.477500,-9.8713769e-08,-1.6210394e-07
0.477750,-6.55144203e-08,-1.57681797e-07
0.478000,-3.69632079e-08,-1.2828551e-07
0.478250,-5.20547051e-09,-1.01009204e-07
0.478500,2.53010085e-08,-9.37500437e-08
0.478750,4.47350618e-08,-7.44822451e-08
0.479000,6.89634426e-08,-8.73679429e-09
0.479250,1.18161857e-07,6.70933784e-08
0.479500,1.72111338e-07,1.01596806e-07
0.479750,1.89488168e-07,1.1520035e-07
0.480000,1.71767567e-07,1.44871297e-07
0.480250,1.68046519e-07,1.77497028e-07
0.480500,1.99477192e-07,1.9544363e-07
0.480750,2.21797147e-07,2.00641164e-07
0.481000,1.92124159e-07,1.814399e-07
0.481250,1.29312025e-07,1.3025795e-07
0.481500,7.86609857e-08,7.62869221e-08
0.481750,5.31361847e-08,4.95737724e-08
0.482000,3.07484764e-08,3.35397825e-08
0.482250,-7.92274464e-09,-7.9553802e-09
0.482500,-4.99597406e-08,-6.48293479e-08
0.482750,-6.94233858e-08,-8.86033575e-08
0.483000,-7.72542988e-08,-7.03503682e-08
0.483250,-1.09600383e-07,-5.22914333e-08
0.483500,-1.62618761e-07,-5.6229409e-08
0.483750,-1.9904654e-07,-6.37832797e-08
0.484000,-2.12295504e-07,-6.43211899e-08
0.484250,-2.24192696e-07,-6.31056113e-08
0.484500,-2.3910026e-07,-5.63084376e-08
0.484750,-2.41422088e-07,-4.15609801e-08
0.485000,-2.19798135e-07,-2.59834714e-08
0.485250,-1.83594294e-07,-8.04146856e-09
0.485500,-1.61362044e-07,1.06857812e-08
0.485750,-1.65147204e-07,1.57801607e-08
0.486000,-1.64661224e-07,1.79802525e-08
0.486250,-1.29368431e-07,4.33960725e-08
0.486500,-7.42460119e-08,6.92979976e-08
0.486750,-2.48876589e-08,5.12957909e-08
0.487000,2.53188922e-08,2.49305667e-09
0.487250,8.0252633e-08,-3.07208791e-08
0.487500,1.17580993e-07,-3.28873776e-08
0.487750,1.37915262e-07,-1.67941608e-08
0.488000,1.67016017e-07,-2.92817341e-09
0.488250,1.90399356e-07,1.36217087e-09
0.488500,1.70313553e-07,2.56704227e-08
0.488750,1.25606075e-07,9.02680029e-08
0.489000,1.09977001e-07,1.45395232e-07
0.489250,1.25449974e-07,1.28996456e-07
0.489500,1.29402733e-07,5.58580982e-08
0.489750,1.09710605e-07,-3.72193838e-09
0.490000,9.0413809e-08,-8.11097607e-10
0.490250,7.57371175e-08,4.82954283e-08
0.490500,4.78314247e-08,7.86904753e-08
0.490750,8.66791749e-09,5.50753198e-08
0.491000,-2.6644874e-08,8.77295309e-09
0.491250,-5.33184494e-08,-2.67931701e-08
0.491500,-6.22735514e-08,-5.1669194e-08
0.491750,-4.6868972e-08,-6.10144099e-08
0.492000,-3.33365224e-08,-4.78182739e-08
0.492250,-5.2457536e-08,-3.40462541e-08
0.492500,-9.0681474e-08,-4.13364619e-08
0.492750,-1.16088774e-07,-5.1520863e-08
0.493000,-1.31919724e-07,-4.18789639e-08
0.493250,-1.59897283e-07,-4.02767942e-08
0.493500,-1.90145493e-07,-7.77215652e-08
0.493750,-1.92282663e-07,-1.07328553e-07
0.494000,-1.63623587e-07,-7.85806743e-08
0.494250,-1.30239772e-07,-4.39090078e-08
0.494500,-1.10603666e-07,-6.08301487e-08
0.494750,-1.00933788e-07,-8.0539406e-08
0.495000,-8.85113621e-08,-4.80850626e-08
0.495250,-6.5433077e-08,3.02531161e-09
0.495500,-3.11154193e-08,2.54910685e-08
0.495750,8.03732371e-09,3.03555205e-08
0.496000,4.46301325e-08,5.56723938e-08
0.496250,8.33663362e-08,1.13067881e-07
0.496500,1.2678532e-07,1.77878626e-07
0.496750,1.4925829e-07,2.17860316e-07
0.497000,1.29180269e-07,2.18406737e-07
0.497250,9.31381944e-08,1.88142935e-07
0.497500,8.15175596e-08,1.4882247e-07
0.497750,9.80329182e-08,1.06964392e-07
0.498000,1.20876138e-07,5.40240284e-08
0.498250,1.28941269e-07,3.1421284e-09
0.498500,1.08801073e-07,-2.55320345e-08
0.498750,6.46648937e-08,-4.1041307e-08
0.499000,2.43743527e-08,-4.79155755e-08
0.499250,1.59334881e-08,-3.34338382e-08
0.499500,3.01098034e-08,-2.1906326e-08
0.499750,2.60033853e-08,-5.33185561e-08
0.500000,-1.2899825e-08,-1.0522077e-07
0.500250,-5.56883445e-08,-1.22103368e-07
0.500500,-7.27615262e-08,-1.02478087e-07
0.500750,-7.5999852e-08,-9.68966767e-08
0.501000,-8.93624201e-08,-1.36392462e-07
0.501250,-1.04953949e-07,-1.87232847e-07
0.501500,-1.0224214e-07,-1.88528153e-07
0.501750,-9.14329452e-08,-1.41308802e-07
0.502000,-8.77413519e-08,-1.09916568e-07
0.502250,-6.96428357e-08,-1.09834228e-07
0.502500,-2.5048397e-08,-7.51943558e-08
0.502750,7.30749202e-09,2.83204681e-08
0.503000,2.83467111e-09,1.45072015e-07
0.503250,-8.37282123e-09,2.1330782e-07
0.503500,-5.25996652e-09,2.37973302e-07
0.503750,-4.02089415e-09,2.59417423e-07
0.504000,-1.16007457e-08,2.89227619e-07
0.504250,-1.92599139e-08,2.96681633e-07
0.504500,-2.74517193e-08,2.52413904e-07
0.504750,-3.13075976e-08,1.62223522e-07
0.505000,-1.38315673e-08,5.20421994e-08
0.505250,2.12436935e-08,-4.65136273e-08
0.505500,4.32231288e-08,-1.02398266e-07
0.505750,3.18965144e-08,-1.14626124e-07
0.506000,-4.17181078e-09,-1.07307914e-07
0.506250,-4.64262279e-08,-8.55183757e-08
0.506500,-7.97549646e-08,-5.10418745e-08
0.506750,-9.26746485e-08,-3.3952338e-08
0.507000,-8.74446562e-08,-4.91635823e-08
0.507250,-7.76733447e-08,-7.27437225e-08
0.507500,-6.31616544e-08,-8.68311539e-08
0.507750,-3.97918198e-08,-9.22020718e-08
0.508000,-3.24533498e-08,-8.91275922e-08
0.508250,-6.33512296e-08,-7.7931582e-08
0.508500,-1.00812615e-07,-5.21241224e-08
0.508750,-9.98610916e-08,-8.11326458e-09
0.509000,-6.81468528e-08,1.72741317e-08
0.509250,-4.08219596e-08,-2.28693995e-08
0.509500,-2.62049627e-08,-1.04294479e-07
0.509750,-1.09940158e-08,-1.46297708e-07
0.510000,1.65461858e-08,-1.13875393e-07
0.510250,6.01286838e-08,-5.10094046e-08
0.510500,1.03178415e-07,-6.66943293e-09
0.510750,1.13701891e-07,2.36512112e-08
0.511000,8.47288072e-08,6.65738501e-08
0.511250,5.44538363e-08,1.18897797e-07
0.511500,6.38103122e-08,1.47146721e-07
0.511750,9.55079649e-08,1.31704364e-07
0.512000,8.75166891e-08,1.04721614e-07
0.512250,2.36634992e-08,1.10030741e-07
0.512500,-4.37794096e-08,1.24139094e-07
0.512750,-8.27964469e-08,9.24926359e-08
0.513000,-1.14384668e-07,3.11118028e-08
0.513250,-1.45490981e-07,-7.16846494e-09
0.513500,-1.53299617e-07,-2.49659991e-08
0.513750,-1.36862852e-07,-4.64519336e-08
0.514000,-1.22133596e-07,-6.11544339e-08
0.514250,-1.20697142e-07,-6.40616918e-08
0.514500,-1.19035463e-07,-7.31420022e-08
0.514750,-1.11648339e-07,-8.30210218e-08
0.515000,-1.19561907e-07,-7.36051976e-08
0.515250,-1.49086207e-07,-5.74655808e-08
0.515500,-1.60314799e-07,-5.73535201e-08
0.515750,-1.26178092e-07,-5.88236156e-08
0.516000,-8.55991468e-08,-3.17689888e-08
0.516250,-8.07986187e-08,2.45168628e-08
0.516500,-9.01675267e-08,8.14501003e-08
0.516750,-7.50755637e-08,1.00235376e-07
0.517000,-4.081265e-08,5.50441102e-08
0.517250,-1.15881689e-08,-2.85532012e-08
0.517500,1.16268025e-08,-8.58329405e-08
0.517750,4.28420241e-08,-9.36785883e-08
0.518000,8.58511091e-08,-8.50937761e-08
0.518250,1.29490094e-07,-7.41655248e-08
0.518500,1.61763725e-07,-4.80597781e-08
0.518750,1.85616291e-07,-1.69431994e-08
0.519000,2.09255386e-07,9.83263299e-09
0.519250,2.19069059e-07,4.6691223e-08
0.519500,1.9184983e-07,7.84209073e-08
0.519750,1.39574451e-07,7.36269474e-08
0.520000,1.0098475e-07,6.75925401e-08
0.520250,8.67619877e-08,1.12194267e-07
0.520500,7.51691698e-08,1.59439824e-07
0.520750,5.24903635e-08,1.28827048e-07
0.521000,2.03162559e-08,4.42090486e-08
0.521250,-2.05484675e-08,-2.40411159e-08
0.521500,-6.60162201e-08,-6.71263989e-08
0.521750,-1.0325715e-07,-8.56714204e-08
0.522000,-1.24328674e-07,-5.35779116e-08
0.522250,-1.34235557e-07,3.44916465e-09
0.522500,-1.37891558e-07,2.0687111e-08
0.522750,-1.33194709e-07,-1.22738255e-08
0.523000,-1.24967131e-07,-6.80325261e-08
0.523250,-1.26976752e-07,-1.2835927e-07
0.523500,-1.42715355e-07,-1.57467465e-07
0.523750,-1.62038601e-07,-1.25545693e-07
0.524000,-1.75710545e-07,-7.57072415e-08
0.524250,-1.79665285e-07,-6.97390815e-08
0.524500,-1.69670282e-07,-9.12311115e-08
0.524750,-1.38978003e-07,-8.90879993e-08
0.525000,-8.54588575e-08,-6.41073013e-08
0.525250,-2.30009946e-08,-4.03156538e-08
0.525500,2.75262398e-08,-1.51392097e-08
0.525750,6.45923143e-08,1.27112472e-08
0.526000,1.08927176e-07,3.21905041e-08
0.526250,1.71999547e-07,5.73301092e-08
0.526500,2.31495221e-07,1.05238728e-07
0.526750,2.5845447e-07,1.40844193e-07
0.527000,2.63460938e-07,1.23778628e-07
0.527250,2.78335669e-07,8.62103715e-08
0.527500,3.02044432e-07,7.74967681e-08
0.527750,3.13267851e-07,7.91127759e-08
0.528000,3.11000226e-07,5.73927683e-08
0.528250,2.94972713e-07,3.57193832e-08
0.528500,2.46413082e-07,4.63657993e-08
0.528750,1.64841318e-07,6.40054654e-08
0.529000,8.45788734e-08,3.29540744e-08
0.529250,3.75872589e-08,-5.37108706e-08
0.529500,2.29028598e-08,-1.36438555e-07
0.529750,9.33697849e-09,-1.70310084e-07
0.530000,-3.30264062e-08,-1.74484871e-07
0.530250,-9.24822752e-08,-1.70267858e-07
0.530500,-1.32356852e-07,-1.44201801e-07
0.530750,-1.53584325e-07,-9.57992286e-08
0.531000,-1.81276343e-07,-5.02673371e-08
0.531250,-1.94930949e-07,-2.16103392e-08
0.531500,-1.59883581e-07,-8.64728082e-09
0.531750,-1.08717338e-07,-1.16655471e-08
0.532000,-9.62249063e-08,-2.64204267e-08
0.532250,-1.08636543e-07,-3.58760075e-08
0.532500,-9.80713425e-08,-2.71967635e-08
0.532750,-6.0623709e-08,-1.06879242e-08
0.533000,-2.37303129e-08,-3.72015265e-09
0.533250,2.33591502e-09,-4.77490156e-09
0.533500,2.81916414e-08,-3.23391819e-11
0.533750,6.53302359e-08,2.12630115e-08
0.534000,1.15895648e-07,6.34675011e-08
0.534250,1.72219884e-07,1.15674159e-07
0.534500,2.21387403e-07,1.52847196e-07
0.534750,2.51955329e-07,1.57085618e-07
0.535000,2.57345668e-07,1.31124431e-07
0.535250,2.38452469e-07,9.57107732e-08
0.535500,2.0935389e-07,6.69141805e-08
0.535750,1.88362714e-07,3.42481053e-08
0.536000,1.75867098e-07,-9.66677709e-09
0.536250,1.61939693e-07,-4.06355604e-08
0.536500,1.48178561e-07,-4.30949167e-08
0.536750,1.29779761e-07,-3.65950849e-08
0.537000,8.81338132e-08,-4.27346442e-08
0.537250,3.2378529e-08,-6.51883131e-08
0.537500,-4.67439273e-09,-9.43435086e-08
0.537750,-2.11172123e-08,-1.19640864e-07
0.538000,-3.4671541e-08,-1.46582197e-07
0.538250,-3.90695865e-08,-1.74052044e-07
0.538500,-2.87815356e-08,-1.65113325e-07
0.538750,-2.6261999e-08,-9.13578233e-08
0.539000,-4.03050291e-08,1.69818885e-08
0.539250,-4.04079204e-08,1.03148876e-07
0.539500,-7.50257764e-09,1.36429285e-07
0.539750,2.68099292e-08,1.1989772e-07
0.540000,2.58527598e-08,7.76793069e-08
0.540250,6.68578583e-10,3.87108583e-08
0.540500,-1.64788481e-08,1.52995174e-08
0.540750,-1.75105912e-08,-1.082938e-09
0.541000,-8.13851866e-09,-2.3014068e-08
0.541250,1.33022891e-08,-5.14030113e-08
0.541500,4.40370839e-08,-6.81194668e-08
0.541750,6.8713742e-08,-5.4645071e-08
0.542000,7.77404972e-08,-2.60334493e-08
0.542250,8.19747199e-08,-8.44764157e-09
0.542500,9.54682751e-08,1.30599906e-08
0.542750,1.07766775e-07,6.39407152e-08
0.543000,1.0107969e-07,1.16271974e-07
0.543250,9.37127356e-08,1.18559583e-07
0.543500,1.16289651e-07,7.39632359e-08
0.543750,1.45643958e-07,4.4812014e-08
0.544000,1.30711374e-07,6.96075356e-08
0.544250,7.57739248e-08,1.00433442e-07
0.544500,2.25754647e-08,6.82610177e-08
0.544750,-2.26527811e-08,-8.555467e-09
0.545000,-7.07092375e-08,-5.44811063e-08
0.545250,-1.03314157e-07,-5.5482444e-08
0.545500,-1.03371193e-07,-6.10888109e-08
0.545750,-8.35821755e-08,-8.11616327e-08
0.546000,-6.03779861e-08,-7.20856782e-08
0.546250,-4.15640459e-08,-2.93843565e-08
0.546500,-3.66058907e-08,-1.20794775e-09
0.546750,-4.73266609e-08,-3.29582929e-10
0.547000,-5.6728644e-08,5.88986161e-09
0.547250,-4.5537593e-08,2.31634755e-08
0.547500,-2.01037641e-08,2.57656438e-08
0.547750,-7.13446458e-09,4.66473272e-11
0.548000,-1.29679065e-08,-4.76030296e-08
0.548250,-1.77546635e-08,-9.46689243e-08
0.548500,-1.17310713e-08,-1.16229852e-07
0.548750,8.85207527e-09,-1.06676379e-07
0.549000,5.98612981e-08,-6.66546284e-08
0.549250,1.29304314e-07,-3.49024859e-09
0.549500,1.67843887e-07,3.7678121e-08
0.549750,1.59482422e-07,1.87374901e-08
0.550000,1.37564364e-07,-1.9036965e-08
0.550250,1.21810141e-07,-9.28069045e-09
0.550500,1.05337364e-07,4.5219374e-08
0.550750,8.97459048e-08,9.54096722e-08
0.551000,8.20591967e-08,1.19893796e-07
0.551250,7.17042333e-08,1.36821385e-07
0.551500,3.82375671e-08,1.62135383e-07
0.551750,-1.98676776e-08,1.75674113e-07
0.552000,-8.06891975e-08,1.45885536e-07
0.552250,-1.30934669e-07,7.65206735e-08
0.552500,-1.7633278e-07,-6.28144902e-09
0.552750,-2.13414181e-07,-8.72962345e-08
0.553000,-2.33261774e-07,-1.47451182e-07
0.553250,-2.46608339e-07,-1.55489465e-07
0.553500,-2.58573998e-07,-1.04542121e-07
0.553750,-2.47834589e-07,-3.10867506e-08
0.554000,-2.12800217e-07,1.58331699e-08
0.554250,-1.89683281e-07,1.96674978e-08
0.554500,-1.91599876e-07,1.15977952e-08
0.554750,-1.87800883e-07,2.96915343e-08
0.555000,-1.62905965e-07,5.87741909e-08
0.555250,-1.3467976e-07,4.49388908e-08
0.555500,-1.07329427e-07,-1.57897749e-08
0.555750,-6.36095134e-08,-6.10598129e-08
0.556000,2.34788366e-09,-5.98264261e-08
0.556250,8.01418699e-08,-5.06066867e-08
0.556500,1.5459318e-07,-6.02719154e-08
0.556750,2.08601496e-07,-7.23157944e-08
0.557000,2.33127022e-07,-8.50741981e-08
0.557250,2.38537991e-07,-1.1299292e-07
0.557500,2.47335554e-07,-1.29595789e-07
0.557750,2.68421281e-07,-8.81109446e-08
0.558000,2.79338148e-07,2.36226666e-09
0.558250,2.52583371e-07,8.51784198e-08
0.558500,1.97002944e-07,1.29473457e-07
0.558750,1.44226226e-07,1.44605746e-07
0.559000,1.04993662e-07,1.48724111e-07
0.559250,6.67033139e-08,1.54036487e-07
0.559500,1.29247132e-08,1.53709243e-07
0.559750,-6.73292211e-08,1.3384685e-07
0.560000,-1.61432641e-07,1.10319689e-07
0.560250,-2.34704205e-07,9.79862071e-08
0.560500,-2.73521755e-07,6.61413983e-08
0.560750,-2.93136138e-07,-1.15880447e-09
0.561000,-2.9891382e-07,-5.93945251e-08
0.561250,-2.89001391e-07,-7.43220783e-08
0.561500,-2.80775472e-07,-6.24190982e-08
0.561750,-2.91895896e-07,-4.5232852e-08
0.562000,-3.10256379e-07,-3.36151167e-08
0.562250,-3.01483069e-07,-3.77149364e-08
0.562500,-2.48734179e-07,-4.67936566e-08
0.562750,-1.77069118e-07,-3.73050895e-08
0.563000,-1.11657224e-07,-1.69246036e-08
0.563250,-4.56343394e-08,-1.50603033e-08
0.563500,1.01323113e-08,-3.41650018e-08
0.563750,2.87252337e-08,-5.46165411e-08
0.564000,4.70152202e-08,-7.04703018e-08
0.564250,1.18265637e-07,-8.01260144e-08
0.564500,1.95050018e-07,-7.28802647e-08
0.564750,2.02150846e-07,-5.99412311e-08
0.565000,1.74424059e-07,-7.04554328e-08
0.565250,1.90620598e-07,-9.32470696e-08
0.565500,2.41709371e-07,-8.53502423e-08
0.565750,2.65702241e-07,-4.13165292e-08
0.566000,2.50111743e-07,7.44230496e-09
0.566250,2.27088e-07,4.02780702e-08
0.566500,2.02621989e-07,5.37555954e-08
0.566750,1.54221856e-07,5.73566895e-08
0.567000,8.8647532e-08,7.27589129e-08
0.567250,3.45990968e-08,1.07617233e-07
0.567500,-1.13048623e-08,1.45316356e-07
0.567750,-6.37203166e-08,1.67921717e-07
0.568000,-1.07455881e-07,1.63071085e-07
0.568250,-1.26754909e-07,1.23755776e-07
0.568500,-1.27163731e-07,6.36763778e-08
0.568750,-1.18239938e-07,7.69411178e-09
0.569000,-1.1283317e-07,-3.93534822e-08
0.569250,-1.15937598e-07,-8.50022647e-08
0.569500,-1.092827e-07,-1.16047765e-07
0.569750,-8.71558449e-08,-1.07077762e-07
0.570000,-7.3641979e-08,-6.18554161e-08
0.570250,-7.48190256e-08,-1.9621019e-08
0.570500,-6.76525658e-08,-1.52709414e-08
0.570750,-4.51544272e-08,-4.30469351e-08
0.571000,-2.08021081e-08,-6.52108679e-08
0.571250,4.34767372e-09,-6.41832319e-08
0.571500,3.74888525e-08,-6.61236638e-08
0.571750,6.86046992e-08,-8.55651691e-08
0.572000,8.10321601e-08,-9.16093191e-08
0.572250,7.76411599e-08,-6.22774163e-08
0.572500,7.37314365e-08,-1.25346983e-08
0.572750,7.52380881e-08,3.81376015e-08
0.573000,8.03346344e-08,7.13994062e-08
0.573250,9.06126385e-08,7.90721427e-08
0.573500,1.05067046e-07,9.46310194e-08
0.573750,1.06881783e-07,1.47692909e-07
0.574000,7.8379855e-08,1.93186709e-07
0.574250,3.8373126e-08,1.71318812e-07
0.574500,2.80936332e-08,1.11162208e-07
0.574750,4.4312333e-08,8.51122226e-08
0.575000,3.78779557e-08,9.69237198e-08
0.575250,-9.46119786e-09,1.01009202e-07
0.575500,-6.23741835e-08,8.75658554e-08
0.575750,-8.84887688e-08,7.32135293e-08
0.576000,-9.07770631e-08,5.28831177e-08
0.576250,-8.73243055e-08,1.03048919e-08
0.576500,-8.92383842e-08,-5.53001155e-08
0.576750,-9.18268974e-08,-1.27253248e-07
0.577000,-7.52641321e-08,-1.83768173e-07
0.577250,-3.01231713e-08,-2.13207808e-07
0.577500,2.02791009e-08,-2.12843473e-07
0.577750,5.26452421e-08,-1.87899641e-07
0.578000,7.61345321e-08,-1.64698776e-07
0.578250,9.37045881e-08,-1.6277256e-07
0.578500,8.43845876e-08,-1.57263403e-07
0.578750,6.01979906e-08,-1.27886487e-07
0.579000,6.38412072e-08,-9.73641069e-08
0.579250,9.64963458e-08,-6.3261007e-08
0.579500,1.21029852e-07,1.33940466e-08
0.579750,1.14008035e-07,1.15916203e-07
0.580000,7.50641478e-08,1.81240939e-07
0.580250,2.92432764e-08,1.97085127e-07
0.580500,1.09250749e-08,1.96148905e-07
0.580750,1.42025634e-08,1.95407061e-07
0.581000,8.03386638e-09,1.95530459e-07
0.581250,-4.77883378e-09,1.89199809e-07
0.581500,-6.40844557e-09,1.60026402e-07
0.581750,-9.46907073e-09,1.09370006e-07
0.582000,-3.34652013e-08,6.01519266e-08
0.582250,-6.89745182e-08,2.40862355e-08
0.582500,-9.63699904e-08,6.12266081e-09
0.582750,-1.19303673e-07,1.87642794e-08
0.583000,-1.51725262e-07,4.02293736e-08
0.583250,-1.85803418e-07,1.23420745e-08
0.583500,-2.12269028e-07,-6.4518485e-08
0.583750,-2.4674023e-07,-1.16440881e-07
0.584000,-2.81865681e-07,-1.18415679e-07
0.584250,-2.64605826e-07,-1.23551196e-07
0.584500,-1.83918049e-07,-1.52573395e-07
0.584750,-1.07721285e-07,-1.71186313e-07
0.585000,-7.46250183e-08,-1.63955597e-07
0.585250,-3.88738916e-08,-1.36695616e-07
0.585500,3.20812702e-08,-9.17028603e-08
0.585750,1.04806483e-07,-5.0879244e-08
0.586000,1.53993488e-07,-3.58146256e-08
0.586250,1.93716642e-07,-1.95152512e-08
0.586500,2.25450151e-07,2.93410846e-08
0.586750,2.34241315e-07,7.79283108e-08
0.587000,2.27595369e-07,7.66796092e-08
0.587250,2.21856784e-07,4.5762107e-08
0.587500,2.10514051e-07,4.49083139e-08
0.587750,1.83219296e-07,7.78399037e-08
0.588000,1.52032215e-07,8.90306758e-08
0.588250,1.2898414e-07,4.41867707e-08
0.588500,1.01700013e-07,-2.7482946e-08
0.588750,5.91652731e-08,-6.55555973e-08
0.589000,1.39239568e-08,-4.17554752e-08
0.589250,-2.57392935e-08,1.3537764e-08
0.589500,-7.28275026e-08,6.28965739e-08
0.589750,-1.36813271e-07,1.1214924e-07
0.590000,-2.10585027e-07,1.75206346e-07
0.590250,-2.76331309e-07,2.28604621e-07
0.590500,-3.08888632e-07,2.34329754e-07
0.590750,-3.03150547e-07,1.8217494e-07
0.591000,-2.97501634e-07,1.03078161e-07
0.591250,-3.22397357e-07,4.17615911e-08
0.591500,-3.42565622e-07,1.7011651e-09
0.591750,-3.07242123e-07,-5.14190087e-08
0.592000,-2.33066356e-07,-1.19664417e-07
0.592250,-1.7919089e-07,-1.73582908e-07
0.592500,-1.58655e-07,-2.19555282e-07
0.592750,-1.28083954e-07,-2.80504664e-07
0.593000,-6.34521981e-08,-3.240576e-07
0.593250,3.14354248e-09,-2.87947139e-07
0.593500,3.77625708e-08,-1.66683885e-07
0.593750,5.32277725e-08,-2.62986097e-08
0.594000,8.38971879e-08,6.23097043e-08
0.594250,1.41375828e-07,8.35659243e-08
0.594500,2.03885609e-07,7.58015036e-08
0.594750,2.38290276e-07,8.48585087e-08
0.595000,2.3583676e-07,1.17532122e-07
0.595250,2.14741026e-07,1.3831036e-07
0.595500,1.81956789e-07,1.20981048e-07
0.595750,1.2746667e-07,8.56514698e-08
0.596000,6.42049272e-08,6.04873582e-08
0.596250,2.87873917e-08,3.92042946e-08
0.596500,3.10382007e-08,8.79640647e-09
0.596750,3.72812669e-08,-1.65310986e-08
0.597000,1.41045503e-08,-1.73154712e-08
0.597250,-2.99198726e-08,4.69123695e-09
0.597500,-5.82248196e-08,3.95271547e-08
0.597750,-6.15660094e-08,8.49158093e-08
0.598000,-7.45961455e-08,1.32500224e-07
0.598250,-1.16015642e-07,1.5792172e-07
0.598500,-1.5529617e-07,1.49723845e-07
0.598750,-1.74739401e-07,1.29194583e-07
0.599000,-2.03808667e-07,1.11627882e-07
0.599250,-2.54464011e-07,7.38503201e-08
0.599500,-2.87715822e-07,-4.04805052e-09
0.599750,-2.72384901e-07,-9.1458817e-08
0.600000,-2.23978262e-07,-1.46751946e-07
0.600250,-1.71753269e-07,-1.86638632e-07
0.600500,-1.26918416e-07,-2.52270645e-07
0.600750,-9.00148339e-08,-3.13475705e-07
0.601000,-5.92638965e-08,-2.94321663e-07
0.601250,-2.79095592e-08,-1.93563586e-07
0.601500,8.12616831e-09,-8.85533633e-08
0.601750,4.95554597e-08,-2.82541273e-08
0.602000,1.02430122e-07,3.25638255e-09
0.602250,1.5517308e-07,3.482508e-08
0.602500,1.66243756e-07,7.33052565e-08
0.602750,1.27807453e-07,1.13955141e-07
0.603000,1.02486156e-07,1.53141344e-07
0.603250,1.33320032e-07,1.77783054e-07
0.603500,1.73312192e-07,1.65533833e-07
0.603750,1.67027313e-07,1.20644914e-07
0.604000,1.31593206e-07,8.27113615e-08
0.604250,1.00174699e-07,7.53378995e-08
0.604500,6.50944427e-08,8.10732606e-08
0.604750,2.47278075e-08,8.37875397e-08
0.605000,6.53844477e-09,9.37635038e-08
0.605250,8.78453133e-09,1.10838108e-07
0.605500,-7.5552706e-09,9.57916779e-08
0.605750,-5.08344887e-08,1.17896433e-08
0.606000,-8.92957965e-08,-1.08702239e-07
0.606250,-1.14808965e-07,-1.78475403e-07
0.606500,-1.56693961e-07,-1.60709897e-07
0.606750,-2.25288758e-07,-1.15778844e-07
0.607000,-2.82881958e-07,-1.07490491e-07
0.607250,-2.86977019e-07,-1.21906644e-07
0.607500,-2.43537953e-07,-1.27896922e-07
0.607750,-1.9178136e-07,-1.44608449e-07
0.608000,-1.46961448e-07,-1.86090462e-07
0.608250,-9.39289534e-08,-2.07333746e-07
0.608500,-2.58881008e-08,-1.60892795e-07
0.608750,4.74317329e-08,-5.95343232e-08
0.609000,1.21566616e-07,4.18035329e-08
0.609250,2.00141407e-07,1.03597325e-07
0.609500,2.7424768e-07,1.39343181e-07
0.609750,3.18280139e-07,1.82575739e-07
0.610000,3.1893822e-07,2.23238169e-07
0.610250,2.92048829e-07,2.31605118e-07
0.610500,2.638696e-07,2.18224285e-07
0.610750,2.49501254e-07,2.02673779e-07
0.611000,2.34575513e-07,1.77792799e-07
0.611250,1.81722417e-07,1.46576689e-07
0.611500,9.13117639e-08,1.22371351e-07
0.611750,1.67156124e-08,9.53917599e-08
0.612000,-2.19595256e-08,5.62524648e-08
0.612250,-6.37166253e-08,7.41827519e-09
0.612500,-1.21165252e-07,-5.91754753e-08
0.612750,-1.62536464e-07,-1.28130487e-07
0.613000,-1.80509697e-07,-1.53952267e-07
0.613250,-1.96044205e-07,-1.51858707e-07
0.613500,-2.13871987e-07,-1.93306335e-07
0.613750,-2.3050306e-07,-2.65857122e-07
0.614000,-2.48838073e-07,-2.66357165e-07
0.614250,-2.52878016e-07,-1.675479e-07
0.614500,-2.17163892e-07,-6.86253071e-08
0.614750,-1.56652753e-07,-4.71425519e-08
0.615000,-1.11413638e-07,-6.45790827e-08
0.615250,-8.00068279e-08,-5.78807129e-08
0.615500,-2.57821982e-08,-3.23880158e-08
0.615750,5.66054017e-08,-1.97126817e-08
0.616000,1.33054944e-07,-2.36162632e-08
0.616250,1.84550802e-07,-3.62780291e-08
0.616500,2.2531142e-07,-4.31403207e-08
0.616750,2.61969779e-07,-1.26559066e-08
0.617000,2.82543083e-07,6.87116569e-08
0.617250,2.96681325e-07,1.65371663e-07
0.617500,3.26599538e-07,2.2650927e-07
0.617750,3.53270914e-07,2.40611686e-07
0.618000,3.35565315e-07,2.33498537e-07
0.618250,2.69712472e-07,2.14852034e-07
0.618500,1.81503976e-07,1.67100387e-07
0.618750,9.1373788e-08,9.61183248e-08
0.619000,1.60237427e-08,3.98780967e-08
0.619250,-3.08680331e-08,1.73118133e-08
0.619500,-5.91773425e-08,1.15641598e-08
0.619750,-9.59780101e-08,-3.23293683e-09
0.620000,-1.46589049e-07,-4.3877724e-08
0.620250,-1.93156544e-07,-1.0521214e-07
0.620500,-2.3182626e-07,-1.53350411e-07
0.620750,-2.67212002e-07,-1.56306415e-07
0.621000,-2.84579545e-07,-1.26708419e-07
0.621250,-2.68550256e-07,-1.08995851e-07
0.621500,-2.27733998e-07,-1.18959442e-07
0.621750,-1.86231439e-07,-1.24786762e-07
0.622000,-1.63542911e-07,-9.903377e-08
0.622250,-1.51913596e-07,-5.68185119e-08
0.622500,-1.24339584e-07,-2.2672004e-08
0.622750,-7.50151959e-08,3.91451005e-09
0.623000,-1.6392782e-08,1.61151098e-08
0.623250,4.86777425e-08,-1.98625563e-08
0.623500,1.05614593e-07,-9.68023651e-08
0.623750,1.23732954e-07,-1.379597e-07
0.624000,1.14880436e-07,-1.04302457e-07
0.624250,1.33992827e-07,-5.91417007e-08
0.624500,1.92770454e-07,-5.96635309e-08
0.624750,2.41621446e-07,-6.20463308e-08
0.625000,2.49824976e-07,2.63746631e-10
0.625250,2.35613682e-07,1.06833679e-07
0.625500,2.19617587e-07,1.82581129e-07
0.625750,2.06134386e-07,1.99295576e-07
0.626000,1.94673094e-07,1.85159094e-07
0.626250,1.75190026e-07,1.6521539e-07
0.626500,1.3481343e-07,1.45858526e-07
0.626750,7.51052363e-08,1.27148825e-07
0.627000,3.07408028e-09,1.0021315e-07
0.627250,-7.36951119e-08,6.53844608e-08
0.627500,-1.32672307e-07,4.12841618e-08
0.627750,-1.53721415e-07,1.99001359e-08
0.628000,-1.50617773e-07,-3.34098716e-08
0.628250,-1.4985718e-07,-1.00179698e-07
0.628500,-1.52127021e-07,-1.15800835e-07
0.628750,-1.44533737e-07,-8.34713658e-08
0.629000,-1.29387909e-07,-7.26826333e-08
0.629250,-1.17692454e-07,-8.99052208e-08
0.629500,-1.11791709e-07,-7.28674888e-08
0.629750,-1.09763182e-07,-1.97744157e-08
0.630000,-1.15241397e-07,1.5278991e-10
0.630250,-1.28858136e-07,-2.75154675e-08
0.630500,-1.37112033e-07,-4.5474727e-08
0.630750,-1.25274188e-07,-4.48718127e-08
0.631000,-9.64377458e-08,-7.75701341e-08
0.631250,-6.39690978e-08,-1.30521917e-07
0.631500,-2.94859674e-08,-1.25114491e-07
0.631750,1.64458897e-08,-5.99361593e-08
0.632000,7.1748054e-08,-1.78625707e-08
0.632250,1.22984669e-07,-3.00236031e-08
0.632500,1.67985395e-07,-4.5851341e-08
0.632750,2.05468917e-07,-1.44963956e-08
0.633000,2.1615109e-07,6.90399528e-08
0.633250,1.95652897e-07,1.60276397e-07
0.633500,1.74556645e-07,2.00329957e-07
0.633750,1.68919493e-07,1.85221093e-07
0.634000,1.53250195e-07,1.59074904e-07
0.634250,1.081224e-07,1.33367054e-07
0.634500,5.43473335e-08,8.19036475e-08
0.634750,1.85222054e-08,6.2643844e-09
0.635000,-6.40713363e-09,-5.56601866e-08
0.635250,-4.13585581e-08,-7.92809035e-08
0.635500,-8.33039369e-08,-8.08871465e-08
0.635750,-1.17845585e-07,-9.32206672e-08
0.636000,-1.4704418e-07,-1.22400439e-07
0.636250,-1.73687429e-07,-1.46348333e-07
0.636500,-1.85990219e-07,-1.51519782e-07
0.636750,-1.79286758e-07,-1.4659408e-07
0.637000,-1.60171114e-07,-1.4731329e-07
0.637250,-1.2804326e-07,-1.54534822e-07
0.637500,-8.82870741e-08,-1.37056401e-07
0.637750,-6.4753092e-08,-6.55679216e-08
0.638000,-6.33669609e-08,3.27920747e-08
0.638250,-5.06413985e-08,1.08543233e-07
0.638500,1.14322845e-09,1.54357152e-07
0.638750,6.92106586e-08,1.79550392e-07
0.639000,1.05284269e-07,1.76709041e-07
0.639250,9.78616558e-08,1.50937917e-07
0.639500,8.81361282e-08,1.20867219e-07
0.639750,1.17992606e-07,8.67634555e-08
0.640000,1.78198694e-07,4.37104888e-08
0.640250,2.17959624e-07,1.01095015e-08
0.640500,2.00632577e-07,9.77554838e-09
0.640750,1.4359777e-07,3.37010886e-08
0.641000,9.38303041e-08,5.01184437e-08
0.641250,7.22212626e-08,5.40716741e-08
0.641500,6.52809251e-08,6.16807663e-08
0.641750,5.40662894e-08,5.73117861e-08
0.642000,2.36915432e-08,7.471567e-09
0.642250,-2.85346068e-08,-7.75898411e-08
0.642500,-8.09627818e-08,-1.47793417e-07
0.642750,-1.15509663e-07,-1.8124125e-07
0.643000,-1.46169582e-07,-2.14347442e-07
0.643250,-1.87114601e-07,-2.7112762e-07
0.643500,-2.19616723e-07,-2.93283252e-07
0.643750,-2.18147515e-07,-2.20349272e-07
0.644000,-1.82616406e-07,-1.02650908e-07
0.644250,-1.29707181e-07,-3.15700001e-08
0.644500,-7.51118143e-08,-9.67202763e-09
0.644750,-3.03594705e-08,1.29636227e-08
0.645000,4.52954544e-09,4.04160353e-08
0.645250,4.95067017e-08,5.61205958e-08
0.645500,1.22119188e-07,8.41268012e-08
0.645750,2.02127982e-07,1.45642927e-07
0.646000,2.47499987e-07,2.02937571e-07
0.646250,2.48977204e-07,2.15185092e-07
0.646500,2.33058212e-07,1.95982335e-07
0.646750,2.17008722e-07,1.60590996e-07
0.647000,2.02813065e-07,9.75109947e-08
0.647250,1.96637518e-07,3.00754599e-08
0.647500,1.9474502e-07,1.99668857e-09
0.647750,1.76756175e-07,-4.18493743e-09
0.648000,1.34204008e-07,-2.69051009e-08
0.648250,7.99255475e-08,-4.55153799e-08
0.648500,2.94206019e-08,-3.83189175e-08
0.648750,-1.2428671e-08,-3.86728463e-08
0.649000,-5.18922625e-08,-5.44325528e-08
0.649250,-9.19876108e-08,-3.63974893e-08
0.649500,-1.28137908e-07,1.93936943e-08
0.649750,-1.68316509e-07,4.83067526e-08
0.650000,-2.22323273e-07,2.32080526e-08
0.650250,-2.69901825e-07,-1.48946906e-08
0.650500,-2.84710429e-07,-3.60288309e-08
0.650750,-2.70054203e-07,-5.2749908e-08
0.651000,-2.40648375e-07,-7.79379336e-08
0.651250,-2.03251442e-07,-1.02223068e-07
0.651500,-1.57947634e-07,-1.09305677e-07
0.651750,-9.48942677e-08,-9.24054223e-08
0.652000,-1.28996853e-08,-6.46242454e-08
0.652250,6.28521654e-08,-5.15885302e-08
0.652500,1.17784404e-07,-5.30565604e-08
0.652750,1.75369524e-07,-3.67686352e-08
0.653000,2.51797143e-07,-3.12516707e-09
0.653250,3.18778558e-07,-4.32391898e-10
0.653500,3.43311625e-07,-3.63655683e-08
0.653750,3.32413048e-07,-5.20105858e-08
0.654000,3.11701063e-07,-1.48557946e-08
0.654250,2.89420759e-07,3.94899433e-08
0.654500,2.64926273e-07,6.86845061e-08
0.654750,2.43679505e-07,7.09238399e-08
0.655000,2.25459684e-07,6.96310531e-08
0.655250,1.99493702e-07,7.03835445e-08
0.655500,1.58418786e-07,4.81069412e-08
0.655750,1.06192788e-07,-8.42887655e-10
0.656000,5.48779703e-08,-2.81618081e-08
0.656250,1.30855488e-08,1.33238645e-09
0.656500,-2.77616129e-08,5.95280243e-08
0.656750,-8.37621188e-08,1.02111844e-07
0.657000,-1.49337665e-07,1.15095991e-07
0.657250,-1.96565042e-07,1.00902142e-07
0.657500,-2.13195018e-07,6.44259933e-08
0.657750,-2.19982558e-07,2.40567651e-08
0.658000,-2.3572037e-07,5.22124063e-09
0.658250,-2.49859182e-07,3.79604028e-09
0.658500,-2.49578677e-07,-1.62486701e-08
0.658750,-2.44766589e-07,-6.38123648e-08
0.659000,-2.41151128e-07,-1.05870414e-07
0.659250,-2.17013493e-07,-1.26433476e-07
0.659500,-1.53583986e-07,-1.29907225e-07
0.659750,-6.47982532e-08,-1.04365196e-07
0.660000,2.76998685e-08,-5.71216948e-08
0.660250,1.20667651e-07,-2.91434505e-08
0.660500,2.0794894e-07,-2.75841763e-08
0.660750,2.72524334e-07,-2.53760024e-08
0.661000,3.15046424e-07,-2.18761254e-08
0.661250,3.48313046e-07,-2.0822361e-08
0.661500,3.69629744e-07,5.02443367e-09
0.661750,3.71231785e-07,6.14497074e-08
0.662000,3.52332646e-07,1.03226154e-07
0.662250,3.12124872e-07,9.839785e-08
0.662500,2.5862783e-07,7.16202197e-08
0.662750,2.06472965e-07,5.65368919e-08
0.663000,1.56020357e-07,4.58477031e-08
0.663250,1.07103248e-07,1.59024438e-08
0.663500,7.22170707e-08,-2.94000785e-08
0.663750,4.07065064e-08,-6.33818832e-08
0.664000,-2.1652343e-08,-6.32056628e-08
0.664250,-1.10218544e-07,-2.68279366e-08
0.664500,-1.8270458e-07,1.66254337e-08
0.664750,-2.28884021e-07,3.19484074e-08
0.665000,-2.67373498e-07,2.33576913e-08
0.665250,-2.92369795e-07,1.70427739e-08
0.665500,-2.94660021e-07,1.19348973e-08
0.665750,-2.99112535e-07,-3.64102913e-09
0.666000,-3.2342379e-07,-2.27804337e-08
0.666250,-3.39317322e-07,-4.55043088e-08
0.666500,-3.12860185e-07,-7.91475057e-08
0.666750,-2.48182157e-07,-9.91696338e-08
0.667000,-1.66034798e-07,-7.53626518e-08
0.667250,-7.06904045e-08,-2.85641309e-08
0.667500,3.37675905e-08,9.51132468e-09
0.667750,1.23272236e-07,6.03637204e-08
0.668000,1.84055733e-07,1.4058743e-07
0.668250,2.35480569e-07,1.95865994e-07
0.668500,2.93505146e-07,1.86844768e-07
0.668750,3.43565835e-07,1.59474274e-07
0.669000,3.69046976e-07,1.44164895e-07
0.669250,3.72590144e-07,1.01659198e-07
0.669500,3.59908425e-07,3.24099684e-08
0.669750,3.27054159e-07,3.30326927e-09
0.670000,2.64604501e-07,3.54652617e-08
0.670250,1.71177716e-07,7.90993009e-08
0.670500,6.68053995e-08,8.43685183e-08
0.670750,-2.5106237e-08,3.18257417e-08
0.671000,-1.05556522e-07,-6.11552329e-08
0.671250,-1.79279323e-07,-1.45931932e-07
0.671500,-2.30678189e-07,-1.91921906e-07
0.671750,-2.57084791e-07,-2.05028684e-07
0.672000,-2.8893339e-07,-1.86679847e-07
0.672250,-3.43909962e-07,-1.31316807e-07
0.672500,-3.94689494e-07,-6.45563802e-08
0.672750,-4.03073328e-07,-2.6794932e-08
0.673000,-3.65141281e-07,-2.42910318e-08
0.673250,-3.10822506e-07,-3.8620244e-08
0.673500,-2.63498875e-07,-5.97192327e-08
0.673750,-2.136294e-07,-6.70840455e-08
0.674000,-1.50833572e-07,-2.49284979e-08
0.674250,-9.58450781e-08,5.32211728e-08
0.674500,-5.66098028e-08,9.54171815e-08
0.674750,2.97575866e-09,7.45408493e-08
0.675000,9.86311375e-08,5.3146426e-08
0.675250,1.94454767e-07,8.42378864e-08
0.675500,2.66851666e-07,1.32132229e-07
0.675750,3.23612186e-07,1.35415893e-07
0.676000,3.63649649e-07,9.95808776e-08
0.676250,3.78445157e-07,7.64007046e-08
0.676500,3.60692824e-07,8.19096656e-08
0.676750,2.94804901e-07,8.78195135e-08
0.677000,1.88972942e-07,7.622673e-08
0.677250,9.54129818e-08,6.24375448e-08
0.677500,4.85350225e-08,7.06303268e-08
0.677750,1.44640556e-08,9.95902652e-08
0.678000,-6.15761714e-08,1.14101537e-07
0.678250,-1.81944e-07,7.99519204e-08
0.678500,-2.97019373e-07,1.92112638e-09
0.678750,-3.6655101e-07,-8.33513004e-08
0.679000,-3.95543397e-07,-1.44353293e-07
0.679250,-4.09446495e-07,-1.77309712e-07
0.679500,-4.14240641e-07,-1.90095341e-07
0.679750,-3.92425328e-07,-1.80312987e-07
0.680000,-3.37498616e-07,-1.51846384e-07
0.680250,-2.76513683e-07,-1.2279388e-07
0.680500,-2.3587726e-07,-8.99674362e-08
0.680750,-1.9956383e-07,-3.39791571e-08
0.681000,-1.38661841e-07,2.82613086e-08
0.681250,-6.52481537e-08,6.19791835e-08
0.681500,-8.7082727e-09,7.76946457e-08
0.681750,4.03634704e-08,1.00777229e-07
0.682000,1.07028442e-07,1.07868438e-07
0.682250,1.80580358e-07,7.50485817e-08
0.682500,2.38867811e-07,3.53868012e-08
0.682750,2.81891031e-07,1.25548099e-08
0.683000,3.04959257e-07,-1.84914326e-08
0.683250,2.97685355e-07,-5.42045821e-08
0.683500,2.77598094e-07,-5.58133469e-08
0.683750,2.63497529e-07,-2.83668248e-08
0.684000,2.46243099e-07,7.87268373e-10
0.684250,2.28293463e-07,4.28980966e-08
0.684500,2.23470339e-07,1.05347545e-07
0.684750,2.0205672e-07,1.49485832e-07
0.685000,1.19379667e-07,1.39620464e-07
0.685250,-8.82189995e-09,9.19630379e-08
0.685500,-1.2734995e-07,5.9626374e-08
0.685750,-2.16215819e-07,7.6513823e-08
0.686000,-2.9795125e-07,1.11653089e-07
0.686250,-3.81803129e-07,1.03642576e-07
0.686500,-4.33837388e-07,4.47620786e-08
0.686750,-4.22019695e-07,-2.32291332e-08
0.687000,-3.69387492e-07,-8.65278728e-08
0.687250,-3.23100291e-07,-1.51873187e-07
0.687500,-2.91162813e-07,-1.90593505e-07
0.687750,-2.5169045e-07,-1.75650718e-07
0.688000,-1.98605311e-07,-1.31535336e-07
0.688250,-1.41696568e-07,-8.79456507e-08
0.688500,-8.46097926e-08,-3.93224869e-08
0.688750,-2.39865608e-08,1.51152044e-08
0.689000,4.27432167e-08,4.44726394e-08
0.689250,1.12557872e-07,3.03749124e-08
0.689500,1.75618904e-07,2.1453495e-09
0.689750,2.21015049e-07,-5.17751606e-09
0.690000,2.42453371e-07,-1.10802127e-09
0.690250,2.42623851e-07,-1.82906759e-08
0.690500,2.33827223e-07,-5.8912658e-08
0.690750,2.26207213e-07,-8.12452511e-08
0.691000,2.22143251e-07,-4.9377131e-08
0.691250,2.24341305e-07,1.27000657e-08
0.691500,2.29969912e-07,6.13475699e-08
0.691750,2.22158647e-07,1.00479462e-07
0.692000,1.87958161e-07,1.39027266e-07
0.692250,1.36372147e-07,1.44814548e-07
0.692500,8.44296959e-08,1.11062752e-07
0.692750,3.0571675e-08,8.74669571e-08
0.693000,-4.13225709e-08,1.05618435e-07
0.693250,-1.26790585e-07,1.4261242e-07
0.693500,-1.97835274e-07,1.53725714e-07
0.693750,-2.43685988e-07,1.01185313e-07
0.694000,-2.76795256e-07,-9.61737939e-09
0.694250,-2.98509009e-07,-1.11842713e-07
0.694500,-3.00027101e-07,-1.502744e-07
0.694750,-2.90259929e-07,-1.54541712e-07
0.695000,-2.86132509e-07,-1.78960259e-07
0.695250,-2.77457419e-07,-2.13457742e-07
0.695500,-2.31637296e-07,-2.17357427e-07
0.695750,-1.43140393e-07,-1.8587189e-07
0.696000,-4.81708926e-08,-1.33158954e-07
0.696250,2.64344988e-08,-6.51589342e-08
0.696500,8.89594737e-08,5.52832449e-09
0.696750,1.42880264e-07,5.88105228e-08
0.697000,1.7230378e-07,8.33860211e-08
0.697250,1.78921773e-07,8.40458073e-08
0.697500,1.86060571e-07,8.54759953e-08
0.697750,2.03586978e-07,1.08809108e-07
0.698000,2.24209005e-07,1.36003852e-07
0.698250,2.4495928e-07,1.35940559e-07
0.698500,2.63646453e-07,1.15114177e-07
0.698750,2.66860976e-07,9.7059483e-08
0.699000,2.44637175e-07,7.86791031e-08
0.699250,2.06208381e-07,4.90747706e-08
0.699500,1.64316436e-07,1.89058428e-08
0.699750,1.15605098e-07,-3.0701301e-09
0.700000,5.09969247e-08,-3.15068271e-08
0.700250,-2.36961268e-08,-7.30298909e-08
0.700500,-8.67124234e-08,-1.0046781e-07
0.700750,-1.20141814e-07,-8.72111251e-08
0.701000,-1.36044073e-07,-4.27318899e-08
0.701250,-1.73558937e-07,9.70697215e-09
0.701500,-2.50547611e-07,5.7387823e-08
0.701750,-3.32127564e-07,7.95352048e-08
0.702000,-3.67796272e-07,5.00438915e-08
0.702250,-3.42071419e-07,-1.8266683e-08
0.702500,-2.75981271e-07,-7.65167702e-08
0.702750,-1.98456697e-07,-9.98364114e-08
0.703000,-1.25955975e-07,-1.02147269e-07
0.703250,-5.97800719e-08,-9.5696045e-08
0.703500,7.5867568e-09,-8.01292706e-08
0.703750,8.59154296e-08,-5.7201343e-08
0.704000,1.72913873e-07,-2.57665991e-08
0.704250,2.45293366e-07,9.78668161e-09
0.704500,2.87936061e-07,1.92883219e-08
0.704750,3.17935959e-07,-1.45225718e-08
0.705000,3.45150738e-07,-4.41917985e-08
0.705250,3.44566277e-07,-1.33359443e-08
0.705500,3.05129923e-07,4.80536905e-08
0.705750,2.52693196e-07,6.71392242e-08
0.706000,1.98297779e-07,4.51866751e-08
0.706250,1.25874141e-07,3.21169581e-08
0.706500,3.90358707e-08,2.57488917e-08
0.706750,-3.8082835e-08,3.87690818e-09
0.707000,-1.01423529e-07,-8.00064579e-09
0.707250,-1.65865762e-07,9.01789619e-09
0.707500,-2.29832541e-07,2.67504357e-08
0.707750,-2.6876964e-07,3.07418603e-08
0.708000,-2.74183729e-07,3.93876743e-08
0.708250,-2.79460506e-07,5.60447149e-08
0.708500,-3.12143631e-07,6.22686631e-08
0.708750,-3.40011011e-07,5.01549784e-08
0.709000,-3.18974842e-07,3.55511226e-08
0.709250,-2.70255023e-07,3.5830933e-08
0.709500,-2.45195187e-07,3.86117279e-08
0.709750,-2.39119883e-07,2.27771702e-08
0.710000,-2.02451378e-07,2.51387454e-09
0.710250,-1.14522007e-07,-5.73379376e-09
0.710500,-1.56905532e-09,-3.26504922e-08
0.710750,9.88605362e-08,-9.81451916e-08
0.711000,1.72883823e-07,-1.43125747e-07
0.711250,2.42763434e-07,-9.81807013e-08
0.711500,3.33804772e-07,9.90579877e-09
0.711750,4.28787858e-07,8.74384809e-08
0.712000,4.87612305e-07,9.30998656e-08
0.712250,4.97861029e-07,7.37831441e-08
0.712500,4.70552331e-07,8.00818834e-08
0.712750,4.12510405e-07,9.3337968e-08
0.713000,3.27048645e-07,6.31962308e-08
0.713250,2.1967965e-07,-2.1258984e-08
0.713500,1.01329083e-07,-1.3430545e-07
0.713750,-9.31794305e-09,-2.42359384e-07
0.714000,-1.07934824e-07,-2.99849561e-07
0.714250,-2.16644735e-07,-2.76276647e-07
0.714500,-3.41035108e-07,-2.0378282e-07
0.714750,-4.39042502e-07,-1.38317621e-07
0.715000,-4.73539713e-07,-8.29056773e-08
0.715250,-4.7082215e-07,-6.1208755e-09
0.715500,-4.78958397e-07,8.4997518e-08
0.715750,-4.92470146e-07,1.49455865e-07
0.716000,-4.71893196e-07,1.81114137e-07
0.716250,-4.1041871e-07,2.16393188e-07
0.716500,-3.31880803e-07,2.66325786e-07
0.716750,-2.53802331e-07,2.94182424e-07
0.717000,-1.83273047e-07,2.70472167e-07
0.717250,-1.17827631e-07,2.02546072e-07
0.717500,-3.86586062e-08,1.09991389e-07
0.717750,7.29896157e-08,1.29271618e-08
0.718000,2.05998002e-07,-6.6504067e-08
0.718250,3.1770639e-07,-1.2279492e-07
0.718500,3.76499867e-07,-1.67466966e-07
0.718750,3.98494829e-07,-1.96177649e-07
0.719000,4.14657473e-07,-1.87411629e-07
0.719250,4.21052107e-07,-1.40731959e-07
0.719500,4.01038597e-07,-8.61759042e-08
0.719750,3.62362212e-07,-5.09538984e-08
0.720000,3.15801071e-07,-3.16632839e-08
0.720250,2.57147876e-07,-5.99804422e-09
0.720500,1.86045631e-07,2.79226501e-08
0.720750,1.07550651e-07,4.29925094e-08
0.721000,2.00800835e-08,2.56342037e-08
0.721250,-7.59363697e-08,-3.6248769e-09
0.721500,-1.67481007e-07,-2.22348734e-08
0.721750,-2.41197697e-07,-2.36225882e-08
0.722000,-3.04634261e-07,-1.23694633e-08
0.722250,-3.72281799e-07,-1.04204339e-08
0.722500,-4.25735988e-07,-3.31023626e-08
0.722750,-4.32993594e-07,-5.2926596e-08
0.723000,-4.05870258e-07,-4.29812226e-08
0.723250,-3.7865083e-07,-2.67248979e-08
0.723500,-3.49591697e-07,-2.45190403e-08
0.723750,-2.97707821e-07,-9.86593792e-09
0.724000,-2.22925761e-07,3.62397599e-08
0.724250,-1.38646526e-07,8.8859162e-08
0.724500,-5.99364379e-08,1.12487154e-07
0.724750,4.33724734e-10,9.18916655e-08
0.725000,5.11094071e-08,4.01503628e-08
0.725250,1.14190115e-07,-8.89245874e-09
0.725500,1.86672293e-07,-2.97631695e-08
0.725750,2.47254388e-07,-2.27939254e-08
0.726000,2.93508892e-07,1.08888155e-09
0.726250,3.28577722e-07,2.95228661e-08
0.726500,3.35960793e-07,3.87421895e-08
0.726750,3.10268905e-07,9.59525099e-09
0.727000,2.80534106e-07,-3.72996321e-08
0.727250,2.66612314e-07,-5.82822534e-08
0.727500,2.45424755e-07,-4.15898192e-08
0.727750,1.91735136e-07,-1.32081972e-08
0.728000,1.18863642e-07,5.5219457e-09
0.728250,5.02404931e-08,1.98004232e-08
0.728500,-1.21919352e-08,4.30632275e-08
0.728750,-7.15007493e-08,6.82145425e-08
0.729000,-1.27422386e-07,7.08104546e-08
0.729250,-1.86065799e-07,4.95793804e-08
0.729500,-2.45246907e-07,3.69803506e-08
0.729750,-2.8798405e-07,4.44814037e-08
0.730000,-3.09033856e-07,3.21810688e-08
0.730250,-3.16453343e-07,-2.88601433e-08
0.730500,-2.95905097e-07,-9.88961559e-08
0.730750,-2.20264591e-07,-1.17849524e-07
0.731000,-1.15474743e-07,-8.47348357e-08
0.731250,-4.66705293e-08,-5.18746857e-08
0.731500,-1.23865474e-08,-5.6021278e-08
0.731750,4.42977339e-08,-8.02362451e-08
0.732000,1.14671485e-07,-8.11845652e-08
0.732250,1.48693783e-07,-4.64982597e-08
0.732500,1.66209041e-07,-1.60048154e-08
0.732750,2.11030794e-07,-2.5950189e-08
0.733000,2.6092792e-07,-4.95986576e-08
0.733250,2.79189386e-07,-4.5300091e-08
0.733500,2.75776647e-07,-3.23999129e-08
0.733750,2.64646971e-07,-4.10787921e-08
0.734000,2.33204242e-07,-3.47041103e-08
0.734250,1.82957669e-07,3.08890788e-08
0.734500,1.46348953e-07,1.22857512e-07
0.734750,1.39344028e-07,1.75230432e-07
0.735000,1.32487866e-07,1.71712551e-07
0.735250,9.16956884e-08,1.39320731e-07
0.735500,2.39455939e-08,9.64325267e-08
0.735750,-4.03831522e-08,4.75155211e-08
0.736000,-9.40307097e-08,6.0726981e-09
0.736250,-1.52428455e-07,-2.06989424e-08
0.736500,-2.15036438e-07,-5.64273483e-08
0.736750,-2.61995733e-07,-1.17674907e-07
0.737000,-2.81897179e-07,-1.6696089e-07
0.737250,-2.7298394e-07,-1.58892656e-07
0.737500,-2.39950711e-07,-1.1253008e-07
0.737750,-2.04712496e-07,-7.81563894e-08
0.738000,-1.80863896e-07,-6.07545466e-08
0.738250,-1.43835589e-07,-3.20801907e-08
0.738500,-6.81325112e-08,1.18873216e-08
0.738750,3.19704312e-08,4.66268432e-08
0.739000,1.2971901e-07,5.37491832e-08
0.739250,2.19911559e-07,3.94502113e-08
0.739500,3.05760608e-07,2.30592552e-08
0.739750,3.80973921e-07,2.06312078e-08
0.740000,4.38726869e-07,3.96148947e-08
0.740250,4.73194565e-07,6.95292273e-08
0.740500,4.68637385e-07,8.49687722e-08
0.740750,4.22485244e-07,8.09094667e-08
0.741000,3.67020725e-07,7.92444716e-08
0.741250,3.25194851e-07,8.13904213e-08
0.741500,2.7950011e-07,5.74347831e-08
0.741750,2.1607825e-07,-1.15928423e-09
0.742000,1.45335158e-07,-6.11206716e-08
0.742250,7.11446681e-08,-9.18988347e-08
0.742500,-1.23544879e-08,-9.76585844e-08
0.742750,-1.09295724e-07,-9.79177169e-08
0.743000,-2.21520176e-07,-9.97853832e-08
0.743250,-3.2777986e-07,-9.33350258e-08
0.743500,-3.84965898e-07,-6.63359166e-08
0.743750,-3.82897309e-07,-2.76700072e-08
0.744000,-3.61662654e-07,-5.85557367e-09
0.744250,-3.53337366e-07,-9.97407588e-09
0.744500,-3.44140634e-07,-1.8595793e-08
0.744750,-3.09624544e-07,-2.10175935e-08
0.745000,-2.534911e-07,-2.35914289e-08
0.745250,-1.89395315e-07,-1.5951024e-08
0.745500,-1.11268992e-07,5.37637125e-09
0.745750,-1.06250068e-08,1.02006258e-08
0.746000,9.82346582e-08,-3.60087907e-09
0.746250,1.96507761e-07,4.6046875e-09
0.746500,2.82745686e-07,2.93245267e-08
0.746750,3.57926389e-07,2.96964614e-08
0.747000,4.12353594e-07,2.71248345e-08
0.747250,4.3945225e-07,6.33123656e-08
0.747500,4.41051492e-07,1.0983003e-07
0.747750,4.16571713e-07,1.23609635e-07
0.748000,3.67338848e-07,1.14369981e-07
0.748250,3.06515623e-07,1.02344589e-07
0.748500,2.46659844e-07,8.09429644e-08
0.748750,1.86353024e-07,3.14426741e-08
0.749000,1.18189833e-07,-5.04594237e-08
0.749250,3.84708608e-08,-1.26763854e-07
0.749500,-4.78649105e-08,-1.46735862e-07
0.749750,-1.24763756e-07,-1.21329011e-07
0.750000,-1.84222263e-07,-1.09686049e-07
0.750250,-2.4032937e-07,-1.3599394e-07
0.750500,-2.97372572e-07,-1.69436643e-07
0.750750,-3.30209115e-07,-1.63639925e-07
0.751000,-3.23408837e-07,-1.01058715e-07
0.751250,-2.91588321e-07,-1.85975308e-08
0.751500,-2.47059595e-07,3.36818733e-08
0.751750,-1.92977626e-07,5.76546716e-08
0.752000,-1.47075723e-07,8.57314313e-08
0.752250,-1.21809481e-07,1.19805682e-07
0.752500,-9.09572234e-08,1.40961234e-07
0.752750,-2.42920066e-08,1.45322806e-07
0.753000,6.29828201e-08,1.29212506e-07
0.753250,1.35915739e-07,7.37207364e-08
0.753500,1.87113769e-07,-1.50314372e-08
0.753750,2.2962165e-07,-7.92403206e-08
0.754000,2.69392116e-07,-7.30237051e-08
0.754250,2.98588449e-07,-3.05295646e-08
0.754500,3.05421659e-07,-1.54186595e-08
0.754750,2.91612844e-07,-2.93794493e-08
0.755000,2.70453542e-07,-3.16734583e-08
0.755250,2.41216986e-07,-1.95488323e-08
0.755500,1.89280505e-07,-2.36994247e-08
0.755750,1.1539353e-07,-4.49430602e-08
0.756000,4.10036248e-08,-5.61608629e-08
0.756250,-1.6607803e-08,-5.20469356e-08
0.756500,-6.5159512e-08,-4.4385455e-08
0.756750,-1.31385303e-07,-3.05074127e-08
0.757000,-2.23042913e-07,-1.02516555e-08
0.757250,-3.00650298e-07,2.66082949e-09
0.757500,-3.14922548e-07,9.74733216e-09
0.757750,-2.72058976e-07,2.05507313e-08
0.758000,-2.27460151e-07,2.98964964e-08
0.758250,-2.10979665e-07,4.7869163e-08
0.758500,-1.99440476e-07,9.41429996e-08
0.758750,-1.6848301e-07,1.33084844e-07
0.759000,-1.20093677e-07,1.08041731e-07
0.759250,-5.61060857e-08,4.57843e-08
0.759500,2.00529435e-08,1.98454984e-08
0.759750,8.40484866e-08,2.77490957e-08
0.760000,1.20330388e-07,9.55711028e-09
0.760250,1.45961206e-07,-3.88057907e-08
0.760500,1.74501689e-07,-6.67178034e-08
0.760750,1.97046414e-07,-6.38167485e-08
0.761000,2.14372727e-07,-7.05254852e-08
0.761250,2.37285036e-07,-9.71149494e-08
0.761500,2.53424885e-07,-9.97839969e-08
0.761750,2.46116581e-07,-5.16910642e-08
0.762000,2.3017964e-07,9.54006945e-09
0.762250,2.18141394e-07,3.52613523e-08
0.762500,1.82343528e-07,3.8089412e-08
0.762750,1.00778332e-07,6.15608736e-08
0.763000,8.02420743e-09,9.34373094e-08
0.763250,-5.15333792e-08,8.1379265e-08
0.763500,-9.48864743e-08,2.70358013e-08
0.763750,-1.60207935e-07,-1.87658592e-08
0.764000,-2.25997479e-07,-4.25366868e-08
0.764250,-2.56692548e-07,-6.8776715e-08
0.764500,-2.7797109e-07,-9.74642605e-08
0.764750,-3.15038014e-07,-1.09316517e-07
0.765000,-3.3909667e-07,-1.04378836e-07
0.765250,-3.38459807e-07,-9.12422183e-08
0.765500,-3.34553023e-07,-6.93478763e-08
0.765750,-3.14124005e-07,-4.35073093e-08
0.766000,-2.48801074e-07,-2.50060086e-08
0.766250,-1.50398898e-07,-6.28565489e-09
0.766500,-4.63805028e-08,3.76428983e-08
0.766750,4.32267642e-08,1.06327356e-07
0.767000,1.00022285e-07,1.59279561e-07
0.767250,1.34395956e-07,1.7031407e-07
0.767500,1.84660544e-07,1.64903692e-07
0.767750,2.55522923e-07,1.69107744e-07
0.768000,3.08080215e-07,1.6225388e-07
0.768250,3.23320633e-07,1.20887156e-07
0.768500,3.23350841e-07,6.84097468e-08
0.768750,3.21445258e-07,4.14941542e-08
0.769000,2.97814215e-07,3.65573744e-08
0.769250,2.42681401e-07,2.10654354e-08
0.769500,1.83307112e-07,-1.43581499e-08
0.769750,1.39426263e-07,-4.16854096e-08
0.770000,8.74844021e-08,-4.62839602e-08
0.770250,2.62152269e-09,-6.75821994e-08
0.770500,-9.52121374e-08,-1.40327331e-07
0.770750,-1.6717742e-07,-2.10677649e-07
0.771000,-2.03547185e-07,-1.90863161e-07
0.771250,-2.26520223e-07,-9.4646103e-08
0.771500,-2.58370065e-07,-2.36924865e-08
0.771750,-2.95753325e-07,-1.89253395e-08
0.772000,-3.1975338e-07,-2.55970055e-08
0.772250,-3.25532466e-07,-6.43689485e-09
0.772500,-3.17946484e-07,8.52480612e-09
0.772750,-2.90837229e-07,-1.06179724e-08
0.773000,-2.47132258e-07,-5.17161857e-08
0.773250,-2.08558543e-07,-8.70631083e-08
0.773500,-1.70321258e-07,-1.02221449e-07
0.773750,-9.73760229e-08,-1.05349236e-07
0.774000,7.98245275e-09,-1.11373805e-07
0.774250,9.81984117e-08,-1.08666134e-07
0.774500,1.57339484e-07,-6.29615772e-08
0.774750,2.18227143e-07,3.90439456e-08
0.775000,2.89101181e-07,1.70229995e-07
0.775250,3.3052076e-07,2.83144546e-07
0.775500,3.19250889e-07,3.39827915e-07
0.775750,2.78985888e-07,3.33801319e-07
0.776000,2.41441531e-07,2.89729692e-07
0.776250,2.12649562e-07,2.34993759e-07
0.776500,1.74106779e-07,1.74286639e-07
0.776750,1.10989006e-07,9.98356792e-08
0.777000,4.17073309e-08,1.02739692e-08
0.777250,-8.52306285e-09,-9.07439858e-08
0.777500,-5.32205373e-08,-1.82872435e-07
0.777750,-1.12919185e-07,-2.2138175e-07
0.778000,-1.68132078e-07,-1.94038073e-07
0.778250,-1.96879193e-07,-1.59350641e-07
0.778500,-2.15004744e-07,-1.64314008e-07
0.778750,-2.43949036e-07,-1.69477873e-07
0.779000,-2.79856753e-07,-1.21065315e-07
0.779250,-3.01823714e-07,-4.50727349e-08
0.779500,-2.88170867e-07,-2.92310401e-09
0.779750,-2.37268943e-07,3.17618148e-09
0.780000,-1.67146711e-07,1.49815657e-08
0.780250,-8.67022111e-08,4.05590738e-08
0.780500,-5.88923708e-09,5.44513319e-08
0.780750,4.21909994e-08,4.93435612e-08
0.781000,5.44005604e-08,3.79381372e-08
0.781250,8.79224928e-08,3.03585205e-08
0.781500,1.72840892e-07,3.28545774e-08
0.781750,2.63850962e-07,4.25679537e-08
0.782000,3.17375313e-07,5.35997694e-08
0.782250,3.35243006e-07,7.46830276e-08
0.782500,3.27777361e-07,9.82521556e-08
0.782750,3.03385184e-07,8.38400459e-08
0.783000,2.72471918e-07,3.00037782e-08
0.783250,2.25900849e-07,-6.85217868e-09
0.783500,1.48027505e-07,-8.009186e-09
0.783750,5.38471581e-08,-1.79040377e-08
0.784000,-3.15516766e-08,-5.98377374e-08
0.784250,-1.1647485e-07,-1.00094433e-07
0.784500,-2.15097611e-07,-9.15005302e-08
0.784750,-2.94190395e-07,-2.54693223e-08
0.785000,-3.12337609e-07,4.99716235e-08
0.785250,-2.954835e-07,7.55918167e-08
0.785500,-2.96138945e-07,3.94194986e-08
0.785750,-3.03168955e-07,-2.57396823e-08
0.786000,-2.72730888e-07,-6.83723043e-08
0.786250,-2.10094952e-07,-4.59835505e-08
0.786500,-1.50381872e-07,2.31953635e-08
0.786750,-9.94729005e-08,7.11751201e-08
0.787000,-4.17058044e-08,7.74267076e-08
0.787250,2.48846896e-08,8.4195366e-08
0.787500,8.62001734e-08,1.00628577e-07
0.787750,1.32138351e-07,8.37332435e-08
0.788000,1.65739559e-07,2.45808894e-08
0.788250,1.89921354e-07,-3.15818031e-08
0.788500,2.03188149e-07,-5.80430074e-08
0.788750,2.16329382e-07,-6.79173277e-08
0.789000,2.40502734e-07,-6.67410905e-08
0.789250,2.57853173e-07,-4.9557989e-08
0.789500,2.4927626e-07,-2.99201887e-08
0.789750,2.32663009e-07,-1.79237499e-08
0.790000,2.20822136e-07,2.31877686e-09
0.790250,1.80611344e-07,3.36231857e-08
0.790500,8.96343257e-08,4.1732066e-08
0.790750,-1.13734972e-08,9.64538512e-09
0.791000,-7.33221163e-08,-1.90826402e-08
0.791250,-1.07344385e-07,1.78306457e-10
0.791500,-1.55261144e-07,4.27910182e-08
0.791750,-2.21510757e-07,5.56829242e-08
0.792000,-2.76009467e-07,2.96780557e-08
0.792250,-2.99058759e-07,-1.09970592e-08
0.792500,-2.87270114e-07,-4.9672963e-08
0.792750,-2.4914448e-07,-8.43554077e-08
0.793000,-2.16020228e-07,-1.178472e-07
0.793250,-2.09677398e-07,-1.40266203e-07
0.793500,-2.03158116e-07,-1.24600649e-07
0.793750,-1.61558322e-07,-6.08859153e-08
0.794000,-9.04851524e-08,1.64887114e-08
0.794250,-1.39788512e-08,5.63941567e-08
0.794500,5.57592012e-08,4.50302159e-08
0.794750,1.20817489e-07,2.75910464e-08
0.795000,1.87100817e-07,5.8016374e-08
0.795250,2.39646639e-07,1.19720652e-07
0.795500,2.49597807e-07,1.40963835e-07
0.795750,2.21052726e-07,1.04404814e-07
0.796000,1.87993167e-07,7.10380614e-08
0.796250,1.65478617e-07,7.38675211e-08
0.796500,1.47956601e-07,7.39364624e-08
0.796750,1.34344883e-07,4.82054707e-08
0.797000,1.19759213e-07,2.94670846e-08
0.797250,9.07872486e-08,2.96201893e-08
0.797500,4.48195731e-08,1.41491968e-08
0.797750,-1.11272572e-08,-1.88995603e-08
0.798000,-7.21478318e-08,-1.8090512e-08
0.798250,-1.2579576e-07,3.87020325e-08
0.798500,-1.56406417e-07,1.01839269e-07
0.798750,-1.67281505e-07,1.09848749e-07
0.799000,-1.71396098e-07,5.84356e-08
0.799250,-1.7218064e-07,-1.37336294e-08
0.799500,-1.72470499e-07,-8.5699028e-08
0.799750,-1.76522138e-07,-1.54929747e-07
0.800000,-1.78359619e-07,-2.00258372e-07
0.800250,-1.68557457e-07,-2.03577403e-07
0.800500,-1.43024435e-07,-1.80046907e-07
0.800750,-1.0345571e-07,-1.45639961e-07
0.801000,-6.34430947e-08,-9.7433496e-08
0.801250,-3.49317639e-08,-4.55541133e-08
0.801500,-2.45238554e-09,-1.8804009e-08
0.801750,5.1327906e-08,-2.463853e-08
0.802000,1.00566473e-07,-3.40487744e-08
0.802250,1.09174518e-07,-1.71642892e-08
0.802500,9.52216642e-08,2.79243258e-08
0.802750,1.01000964e-07,8.25145133e-08
0.803000,1.17295995e-07,1.16893307e-07
0.803250,1.07793251e-07,1.12418277e-07
0.803500,8.28519142e-08,9.93639027e-08
0.803750,6.95565286e-08,1.23490077e-07
0.804000,4.59085575e-08,1.64327202e-07
0.804250,-1.26858685e-08,1.58445754e-07
0.804500,-7.3034351e-08,9.74342878e-08
0.804750,-1.01268811e-07,3.6463084e-08
0.805000,-1.16136872e-07,1.99218561e-08
0.805250,-1.38355482e-07,3.33351841e-08
0.805500,-1.55940153e-07,2.50694401e-08
0.805750,-1.59042079e-07,-2.11207826e-08
0.806000,-1.4851188e-07,-5.75644075e-08
0.806250,-1.17834872e-07,-4.55571264e-08
0.806500,-7.36371862e-08,-1.12731395e-08
0.806750,-4.64652989e-08,-2.43396814e-09
0.807000,-4.73298084e-08,-3.86449484e-08
0.807250,-5.06657223e-08,-1.01352383e-07
0.807500,-3.91417365e-08,-1.3767169e-07
0.807750,-2.11732574e-08,-1.12988727e-07
0.808000,4.11151448e-09,-6.88210574e-08
0.808250,5.09844216e-08,-6.52138291e-08
0.808500,1.09097857e-07,-8.62779137e-08
0.808750,1.4241406e-07,-7.57905422e-08
0.809000,1.34260985e-07,-2.74646803e-08
0.809250,1.09107208e-07,2.39618179e-08
0.809500,1.04360913e-07,5.18652658e-08
0.809750,1.28371685e-07,3.97111178e-08
0.810000,1.52939721e-07,-3.35540791e-09
0.810250,1.54569045e-07,-1.76327172e-08
0.810500,1.41639446e-07,3.94509074e-08
0.810750,1.17926058e-07,1.1263826e-07
0.811000,6.57047482e-08,1.23279679e-07
0.811250,-3.35801334e-09,8.77883233e-08
0.811500,-4.84186718e-08,6.60757669e-08
0.811750,-7.1275145e-08,4.9971966e-08
0.812000,-1.09808583e-07,-4.38861105e-10
0.812250,-1.64412152e-07,-7.05913418e-08
0.812500,-2.03516089e-07,-1.12825127e-07
0.812750,-2.15015806e-07,-1.06676686e-07
0.813000,-2.04371087e-07,-7.35397996e-08
0.813250,-1.82909227e-07,-5.53654016e-08
0.813500,-1.71280226e-07,-6.69743196e-08
0.813750,-1.68960455e-07,-7.89821775e-08
0.814000,-1.39612599e-07,-6.8490993e-08
0.814250,-7.0274052e-08,-4.37097801e-08
0.814500,-1.53874502e-09,-1.25963679e-08
0.814750,4.01052733e-08,1.7799347e-08
0.815000,8.16673367e-08,3.07224281e-08
0.815250,1.41860437e-07,2.89438094e-08
0.815500,1.94754625e-07,3.45850916e-08
0.815750,2.21944952e-07,4.9923513e-08
0.816000,2.38248522e-07,6.63118201e-08
0.816250,2.49637681e-07,9.27657058e-08
0.816500,2.40315952e-07,1.28348872e-07
0.816750,2.07433707e-07,1.41919461e-07
0.817000,1.72649908e-07,1.15400499e-07
0.817250,1.57946965e-07,6.35084305e-08
0.817500,1.57463989e-07,4.78030413e-09
0.817750,1.38184258e-07,-3.58324333e-08
0.818000,8.6767035e-08,-3.26587412e-08
0.818250,3.51239037e-08,-1.26245259e-08
0.818500,7.74235e-09,-2.53507908e-08
0.818750,-1.69651905e-08,-5.13895446e-08
0.819000,-6.24815032e-08,-4.50792926e-08
0.819250,-1.15300705e-07,-3.14952554e-08
0.819500,-1.4780851e-07,-5.73812645e-08
0.819750,-1.52890441e-07,-1.09774401e-07
0.820000,-1.48570096e-07,-1.53531497e-07
0.820250,-1.50802101e-07,-1.81067854e-07
0.820500,-1.55081698e-07,-1.91059088e-07
0.820750,-1.56664583e-07,-1.71512194e-07
0.821000,-1.53727775e-07,-1.20061591e-07
0.821250,-1.22724553e-07,-5.85579676e-08
0.821500,-4.54876529e-08,-1.5092171e-08
0.821750,4.58219542e-08,1.24229129e-08
0.822000,1.05660789e-07,4.98085147e-08
0.822250,1.33884371e-07,9.2985865e-08
0.822500,1.56929958e-07,1.17634923e-07
0.822750,1.83478187e-07,1.41367193e-07
0.823000,2.05720735e-07,1.8554137e-07
0.823250,2.1496432e-07,2.05250583e-07
0.823500,2.04918151e-07,1.64545923e-07
0.823750,1.80741653e-07,1.17290636e-07
0.824000,1.56843273e-07,1.14237615e-07
0.824250,1.32265957e-07,1.13623509e-07
0.824500,9.17794194e-08,6.10755736e-08
0.824750,3.73164919e-08,-1.89293412e-08
0.825000,-8.53260115e-09,-6.67160359e-08
0.825250,-3.17271225e-08,-7.39687659e-08
0.825500,-4.36314154e-08,-8.65921141e-08
0.825750,-6.64537966e-08,-1.35018965e-07
0.826000,-1.02925974e-07,-1.87297283e-07
0.826250,-1.32055145e-07,-1.84616282e-07
0.826500,-1.43138199e-07,-1.17927276e-07
0.826750,-1.49400251e-07,-4.14131333e-08
0.827000,-1.56423013e-07,2.16133682e-09
0.827250,-1.46584359e-07,2.65813432e-08
0.827500,-1.04919379e-07,4.74165295e-08
0.827750,-3.72652164e-08,4.02947276e-08
0.828000,3.79780047e-08,-8.42350306e-09
0.828250,9.77887373e-08,-6.27648357e-08
0.828500,1.24161327e-07,-8.06651259e-08
0.828750,1.25469289e-07,-5.56750591e-08
0.829000,1.33048807e-07,-4.56141982e-09
0.829250,1.58509175e-07,5.01000008e-08
0.829500,1.77179808e-07,8.60268713e-08
0.829750,1.71028551e-07,9.45094766e-08
0.830000,1.57343416e-07,8.30548781e-08
0.830250,1.52543833e-07,6.40983241e-08
0.830500,1.39146312e-07,4.54872616e-08
0.830750,9.72745072e-08,1.93461519e-08
0.831000,3.92527175e-08,-2.21054936e-08
0.831250,-1.75888944e-08,-5.1135947e-08
0.831500,-7.66881926e-08,-4.18351984e-08
0.831750,-1.31669741e-07,-3.17850182e-08
0.832000,-1.58749381e-07,-5.66696007e-08
0.832250,-1.60874078e-07,-6.72647263e-08
0.832500,-1.63153943e-07,-1.83170309e-08
0.832750,-1.66393573e-07,3.46457265e-08
0.833000,-1.63053612e-07,2.77053706e-08
0.833250,-1.70261831e-07,-1.88974143e-08
0.833500,-1.92751374e-07,-6.83787878e-08
0.833750,-1.93214576e-07,-1.08929702e-07
0.834000,-1.44338602e-07,-1.03852734e-07
0.834250,-7.28066509e-08,-3.05122402e-08
0.834500,-1.2188007e-08,5.18500249e-08
0.834750,4.75332574e-08,8.4967145e-08
0.835000,1.14798106e-07,9.30303942e-08
0.835250,1.52461739e-07,1.0614865e-07
0.835500,1.38996035e-07,1.03070539e-07
0.835750,1.12834157e-07,7.01769044e-08
0.836000,1.07136033e-07,3.113424e-08
0.836250,1.07305613e-07,1.32165805e-08
0.836500,9.53061695e-08,2.28505116e-08
0.836750,7.73543004e-08,3.25872535e-08
0.837000,6.71547796e-08,6.61095887e-09
0.837250,7.07621424e-08,-3.54367024e-08
0.837500,7.66464922e-08,-3.58663165e-08
0.837750,6.51481998e-08,9.33603545e-09
0.838000,3.51783364e-08,4.88111097e-08
0.838250,-3.57855098e-09,5.4431047e-08
0.838500,-5.05123071e-08,3.54783431e-08
0.838750,-9.2687826e-08,1.00687399e-09
0.839000,-1.02939519e-07,-4.68553564e-08
0.839250,-8.94185867e-08,-1.05305615e-07
0.839500,-9.42808691e-08,-1.67185383e-07
0.839750,-1.2724109e-07,-2.11494952e-07
0.840000,-1.53172801e-07,-2.17328661e-07
0.840250,-1.4587514e-07,-1.91985001e-07
0.840500,-1.13485498e-07,-1.56895174e-07
0.840750,-7.83127972e-08,-1.1641737e-07
0.841000,-5.49634291e-08,-6.94290403e-08
0.841250,-4.37658518e-08,-2.87499379e-08
0.841500,-3.48877839e-08,2.25993884e-09
0.841750,-1.74655687e-08,4.92903257e-08
0.842000,4.5318205e-09,1.30734467e-07
0.842250,8.54643341e-09,2.21674607e-07
0.842500,-1.22240565e-08,2.82551593e-07
0.842750,-3.07800791e-08,2.98603807e-07
0.843000,-3.04501014e-08,2.7180702e-07
0.843250,-2.42810473e-08,2.0874404e-07
0.843500,-1.39308254e-08,1.25050205e-07
0.843750,8.31187734e-09,3.78397105e-08
0.844000,1.9986878e-08,-3.36359177e-08
0.844250,-7.92680344e-10,-6.68296516e-08
0.844500,-2.63760292e-08,-6.98012921e-08
0.844750,-2.3421054e-08,-7.64119477e-08
0.845000,-1.12914931e-08,-8.03674605e-08
0.845250,-2.20127571e-08,-5.10740162e-08
0.845500,-4.15082519e-08,-1.60039029e-08
0.845750,-3.86780828e-08,-2.38729445e-08
0.846000,-1.85348354e-08,-5.55679567e-08
0.846250,-6.20793111e-09,-7.149395e-08
0.846500,-7.97519505e-10,-8.79305798e-08
0.846750,1.90191318e-08,-1.32444307e-07
0.847000,5.33910873e-08,-1.91459268e-07
0.847250,7.72889887e-08,-2.31026294e-07
0.847500,7.32357933e-08,-2.21637805e-07
0.847750,4.80676406e-08,-1.62515411e-07
0.848000,2.78673411e-08,-9.58066492e-08
0.848250,3.54411121e-08,-5.47654952e-08
0.848500,5.79953671e-08,-2.09390348e-08
0.848750,6.05248527e-08,3.2348493e-08
0.849000,3.70005454e-08,9.79397517e-08
0.849250,1.08324911e-08,1.54039956e-07
0.849500,-3.75188744e-09,1.91683845e-07
0.849750,-6.94434614e-09,2.18114042e-07
0.850000,-5.60678801e-09,2.41173841e-07
0.850250,-1.4615548e-08,2.53364993e-07
0.850500,-3.64162031e-08,2.39722484e-07
0.850750,-4.97698719e-08,1.97123831e-07
0.851000,-4.45099618e-08,1.36063287e-07
0.851250,-3.70354055e-08,6.72297741e-08
0.851500,-3.31281665e-08,6.75299187e-10
0.851750,-1.82812754e-08,-4.34324849e-08
0.852000,5.98367885e-09,-5.84890589e-08
0.852250,2.53079956e-08,-7.72610516e-08
0.852500,4.8811854e-08,-1.16608319e-07
0.852750,9.04194853e-08,-1.37573705e-07
0.853000,1.3026785e-07,-1.27897524e-07
0.853250,1.40086808e-07,-1.39678436e-07
0.853500,1.18761921e-07,-1.86567119e-07
0.853750,7.91090664e-08,-2.07283668e-07
0.854000,3.63545948e-08,-1.66664384e-07
0.854250,8.10943779e-09,-1.05550868e-07
0.854500,-2.71926183e-09,-7.39099119e-08
0.854750,-4.55334864e-09,-7.12509638e-08
0.855000,3.22600507e-09,-7.14446356e-08
0.855250,1.7793627e-08,-6.83548895e-08
0.855500,2.41187243e-08,-6.16541248e-08
0.855750,1.87201454e-08,-2.96236908e-08
0.856000,1.30609876e-08,3.98664261e-08
0.856250,1.60377087e-08,1.17485041e-07
0.856500,3.18042524e-08,1.64197693e-07
0.856750,5.4083739e-08,1.79785581e-07
0.857000,6.18613095e-08,1.97947841e-07
0.857250,4.66238886e-08,2.32176092e-07
0.857500,2.67676183e-08,2.52624689e-07
0.857750,1.35804017e-08,2.35489171e-07
0.858000,-1.96441256e-09,2.034587e-07
0.858250,-1.10424439e-08,1.85649051e-07
0.858500,1.38315851e-08,1.62784975e-07
0.858750,6.45807292e-08,9.20612536e-08
0.859000,9.794513e-08,-2.12671014e-08
0.859250,1.02130897e-07,-1.23118077e-07
0.859500,1.08669533e-07,-1.87279454e-07
0.859750,1.28304974e-07,-2.41093663e-07
0.860000,1.29692317e-07,-3.0019189e-07
0.860250,1.03953916e-07,-3.3110122e-07
0.860500,9.25295605e-08,-3.06121381e-07
0.860750,1.13430397e-07,-2.49230343e-07
0.861000,1.28214672e-07,-1.93638959e-07
0.861250,1.17539523e-07,-1.40236266e-07
0.861500,1.05274986e-07,-8.73670617e-08
0.861750,9.59898101e-08,-4.29009258e-08
0.862000,7.36342412e-08,4.80717638e-09
0.862250,4.06135289e-08,6.30393717e-08
0.862500,1.71524538e-09,1.04879076e-07
0.862750,-4.38585734e-08,1.21533713e-07
0.863000,-8.28483777e-08,1.47592292e-07
0.863250,-1.07240302e-07,1.95826068e-07
0.863500,-1.24583603e-07,2.37136137e-07
0.863750,-1.27162658e-07,2.55410767e-07
0.864000,-1.02345932e-07,2.592152e-07
0.864250,-6.68383171e-08,2.48041555e-07
0.864500,-4.03164893e-08,2.10274617e-07
0.864750,-1.4542052e-08,1.45235236e-07
0.865000,1.35318896e-08,7.11833902e-08
0.865250,2.23658671e-08,1.44187614e-08
0.865500,8.5588268e-09,-1.82079482e-08
0.865750,2.21989905e-09,-5.74352022e-08
0.866000,2.20693388e-08,-1.36651287e-07
0.866250,5.92298513e-08,-2.31731747e-07
0.866500,1.01017483e-07,-2.75348486e-07
0.866750,1.2929676e-07,-2.51475579e-07
0.867000,1.2559875e-07,-2.23079224e-07
0.867250,1.06847156e-07,-2.30917012e-07
0.867500,1.04653842e-07,-2.33680395e-07
0.867750,1.09883636e-07,-1.93465371e-07
0.868000,9.98600583e-08,-1.36961956e-07
0.868250,8.56572304e-08,-9.28536545e-08
0.868500,7.89481169e-08,-5.41847551e-08
0.868750,6.72961771e-08,-1.26006727e-08
0.869000,4.58971691e-08,4.26954617e-08
0.869250,1.9821752e-08,1.31678626e-07
0.869500,-1.18197637e-08,2.36358796e-07
0.869750,-4.14219575e-08,2.98938458e-07
0.870000,-5.7712733e-08,3.02714247e-07
0.870250,-6.62442142e-08,2.93054633e-07
0.870500,-7.5354807e-08,2.87121976e-07
0.870750,-8.59675445e-08,2.39751324e-07
0.871000,-1.03719791e-07,1.40950488e-07
0.871250,-1.29371659e-07,5.71975718e-08
0.871500,-1.44666392e-07,3.07708235e-08
0.871750,-1.29775852e-07,2.61602242e-08
0.872000,-8.95564155e-08,1.68993805e-09
0.872250,-5.3381331e-08,-3.98770554e-08
0.872500,-3.92829464e-08,-8.35028603e-08
0.872750,-2.96584337e-08,-1.3558531e-07
0.873000,-8.50257868e-09,-2.00843903e-07
0.873250,4.76808581e-09,-2.50163121e-07
0.873500,-6.20595585e-09,-2.59969636e-07
0.873750,-2.10776553e-08,-2.56459506e-07
0.874000,-2.02210202e-08,-2.59064561e-07
0.874250,-2.01169621e-08,-2.38418534e-07
0.874500,-4.21910242e-08,-1.87680599e-07
0.874750,-6.78610249e-08,-1.46798057e-07
0.875000,-6.15583595e-08,-1.17627499e-07
0.875250,-3.50972664e-08,-5.33074891e-08
0.875500,-3.55356902e-08,4.61941332e-08
0.875750,-6.09328284e-08,1.16926302e-07
0.876000,-6.2310804e-08,1.32099203e-07
0.876250,-4.10200472e-08,1.50320251e-07
0.876500,-5.28020832e-08,2.24570416e-07
0.876750,-1.05172029e-07,3.17157795e-07
0.877000,-1.47134063e-07,3.58560256e-07
0.877250,-1.57045871e-07,3.44161217e-07
0.877500,-1.50759196e-07,3.13777308e-07
0.877750,-1.31238494e-07,2.7725875e-07
0.878000,-1.05338986e-07,2.1388843e-07
0.878250,-9.87974944e-08,1.16210678e-07
0.878500,-1.0483989e-07,5.22737034e-09
0.878750,-8.44747389e-08,-8.25778902e-08
0.879000,-3.73904668e-08,-1.27947624e-07
0.879250,-1.42505894e-10,-1.56173421e-07
0.879500,2.30350145e-08,-2.06219517e-07
0.879750,5.63590801e-08,-2.74966956e-07
0.880000,9.38448962e-08,-3.20692505e-07
0.880250,1.10829978e-07,-3.14319505e-07
0.880500,1.12088194e-07,-2.67436991e-07
0.880750,1.09232054e-07,-2.0717528e-07
0.881000,8.84625299e-08,-1.4111927e-07
0.881250,5.17145746e-08,-7.60418852e-08
0.881500,2.98441793e-08,-3.46890012e-08
0.881750,2.12436316e-08,-6.64253245e-09
0.882000,-8.07255999e-09,4.51931619e-08
0.882250,-5.86400635e-08,1.00691517e-07
0.882500,-1.02229718e-07,1.12755131e-07
0.882750,-1.30174159e-07,1.06773285e-07
0.883000,-1.54334086e-07,1.37424103e-07
0.883250,-1.8728326e-07,1.92052967e-07
0.883500,-2.24383409e-07,2.1667912e-07
0.883750,-2.3912717e-07,1.9374002e-07
0.884000,-2.22790835e-07,1.54832953e-07
0.884250,-2.01471024e-07,1.33476261e-07
0.884500,-1.87032103e-07,1.2949805e-07
0.884750,-1.68390743e-07,1.31443058e-07
0.885000,-1.54834809e-07,1.37905597e-07
0.885250,-1.57308659e-07,1.34233807e-07
0.885500,-1.48551429e-07,9.5609167e-08
0.885750,-1.04564476e-07,1.95017753e-08
0.886000,-5.1104286e-08,-8.27745488e-08
0.886250,-2.47174586e-08,-1.93895803e-07
0.886500,-1.79903052e-08,-2.7290943e-07
0.886750,8.36786394e-09,-2.96622904e-07
0.887000,7.16878004e-08,-3.02212761e-07
0.887250,1.44223612e-07,-3.09670014e-07
0.887500,1.9285876e-07,-2.69183816e-07
0.887750,2.21421586e-07,-1.66069896e-07
0.888000,2.43500155e-07,-7.05818008e-08
0.888250,2.43822721e-07,-2.11816577e-08
0.888500,2.10125773e-07,2.13279917e-08
0.888750,1.64693729e-07,8.13612556e-08
0.889000,1.28708953e-07,1.4331849e-07
0.889250,9.77297351e-08,2.02399932e-07
0.889500,6.25111387e-08,2.52582267e-07
0.889750,1.71221071e-08,2.6615668e-07
0.890000,-3.88448363e-08,2.41155991e-07
0.890250,-8.96204641e-08,2.11734365e-07
0.890500,-1.2214562e-07,1.85332947e-07
0.890750,-1.4618632e-07,1.37617422e-07
0.891000,-1.70501407e-07,7.70959101e-08
0.891250,-1.84048055e-07,4.12069009e-08
0.891500,-1.76491408e-07,2.55644652e-08
0.891750,-1.50565564e-07,-1.55674516e-08
0.892000,-1.07399129e-07,-9.37027233e-08
0.892250,-4.43322703e-08,-1.6362145e-07
0.892500,2.66411855e-08,-1.80785043e-07
0.892750,7.98850909e-08,-1.46527962e-07
0.893000,1.00671336e-07,-1.00073258e-07
0.893250,9.30253586e-08,-8.46619724e-08
0.893500,7.09723976e-08,-1.08734379e-07
0.893750,5.36083004e-08,-1.40040021e-07
0.894000,4.97215609e-08,-1.52195652e-07
0.894250,4.55827583e-08,-1.49834667e-07
0.894500,2.79720738e-08,-1.35586895e-07
0.894750,2.69376889e-09,-1.02198583e-07
0.895000,-2.31278909e-08,-6.23822426e-08
0.895250,-4.61933919e-08,-3.01825055e-08
0.895500,-5.51453032e-08,1.53077838e-08
0.895750,-4.71075964e-08,9.20351061e-08
0.896000,-3.53858459e-08,1.65456133e-07
0.896250,-1.74012425e-08,1.9167353e-07
0.896500,1.91372701e-08,1.88220038e-07
0.896750,5.03376162e-08,2.0661903e-07
0.897000,4.12755588e-08,2.45519659e-07
0.897250,1.02125601e-08,2.52048345e-07
0.897500,3.30700487e-09,2.09182531e-07
0.897750,2.7961839e-08,1.58081925e-07
0.898000,6.13157648e-08,1.29458861e-07
0.898250,9.18448155e-08,1.06372718e-07
0.898500,1.19661559e-07,5.60423524e-08
0.898750,1.45594958e-07,-3.26346572e-08
0.899000,1.73458042e-07,-1.36535562e-07
0.899250,2.04708113e-07,-2.12359992e-07
0.899500,2.37152998e-07,-2.35559549e-07
0.899750,2.70802491e-07,-2.28127107e-07
0.900000,2.90563395e-07,-2.31982488e-07
0.900250,2.62117012e-07,-2.50229596e-07
0.900500,1.83590223e-07,-2.4056955e-07
0.900750,1.04886264e-07,-1.80355017e-07
0.901000,5.58553713e-08,-9.91637642e-08
0.901250,6.96291951e-09,-2.78086097e-08
0.901500,-6.2822634e-08,3.24858969e-08
0.901750,-1.22999043e-07,7.43098346e-08
0.902000,-1.57102758e-07,7.91030145e-08
0.902250,-2.02589695e-07,6.13265664e-08
0.902500,-2.74255702e-07,6.40858354e-08
0.902750,-3.15631503e-07,9.89913838e-08
0.903000,-2.81457079e-07,1.29005084e-07
0.903250,-2.05505393e-07,1.26962097e-07
0.903500,-1.4450967e-07,1.18143749e-07
0.903750,-1.13368964e-07,1.34779303e-07
0.904000,-9.72841034e-08,1.60423195e-07
0.904250,-7.77100846e-08,1.608732e-07
0.904500,-3.92620842e-08,1.39772632e-07
0.904750,2.04915689e-08,1.18522258e-07
0.905000,9.11680274e-08,8.57744097e-08
0.905250,1.627406e-07,1.47534819e-08
0.905500,2.28291305e-07,-8.54610258e-08
0.905750,2.79971681e-07,-1.82104805e-07
0.906000,3.06613533e-07,-2.56792966e-07
0.906250,2.95598235e-07,-2.90552495e-07
0.906500,2.52317373e-07,-2.62754657e-07
0.906750,2.12197181e-07,-1.986863e-07
0.907000,2.0403687e-07,-1.5091133e-07
0.907250,2.09624755e-07,-1.24739462e-07
0.907500,1.89818595e-07,-9.14675984e-08
0.907750,1.36505972e-07,-4.79355618e-08
0.908000,7.063258e-08,3.72588876e-09
0.908250,6.29731756e-09,8.15171071e-08
0.908500,-5.72700827e-08,1.70997594e-07
0.908750,-1.20662668e-07,2.11897789e-07
0.909000,-1.80846088e-07,1.84086212e-07
0.909250,-2.35710998e-07,1.48230457e-07
0.909500,-2.77432789e-07,1.58081133e-07
0.909750,-2.92036934e-07,1.7561749e-07
0.910000,-2.82123578e-07,1.32974701e-07
0.910250,-2.65546436e-07,5.42734739e-08
0.910500,-2.40815743e-07,2.23336243e-08
0.910750,-1.97885011e-07,3.42415968e-08
0.911000,-1.49326164e-07,1.14816806e-08
0.911250,-9.51751436e-08,-5.5324047e-08
0.911500,-8.85458275e-09,-1.00858373e-07
0.911750,9.67064429e-08,-1.10186858e-07
0.912000,1.71105881e-07,-1.29032283e-07
0.912250,2.07787309e-07,-1.6257643e-07
0.912500,2.3413453e-07,-1.71240687e-07
0.912750,2.43656334e-07,-1.55247635e-07
0.913000,2.14946319e-07,-1.46300426e-07
0.913250,1.60049488e-07,-1.37028934e-07
0.913500,1.05616574e-07,-1.08613476e-07
0.913750,5.94034223e-08,-8.51013148e-08
0.914000,1.50039183e-08,-8.28031379e-08
0.914250,-3.28947968e-08,-7.10295326e-08
0.914500,-8.60793666e-08,-3.36679936e-08
0.914750,-1.41624781e-07,1.27151991e-08
0.915000,-1.82943516e-07,7.32196061e-08
0.915250,-1.90516916e-07,1.53637414e-07
0.915500,-1.757499e-07,2.14772597e-07
0.915750,-1.690247e-07,2.35044935e-07
0.916000,-1.68223451e-07,2.53487836e-07
0.916250,-1.52392017e-07,2.89299846e-07
0.916500,-1.3149903e-07,3.04420009e-07
0.916750,-1.22613559e-07,2.71084073e-07
0.917000,-1.10912571e-07,2.02444704e-07
0.917250,-8.14823161e-08,1.23111077e-07
0.917500,-4.55727e-08,4.78304161e-08
0.917750,-8.6071666e-09,-2.61996163e-08
0.918000,4.24831683e-08,-1.05675967e-07
0.918250,1.08113504e-07,-1.80762185e-07
0.918500,1.69222782e-07,-2.42421763e-07
0.918750,2.09278629e-07,-3.02174191e-07
0.919000,2.17743844e-07,-3.62472722e-07
0.919250,1.94262272e-07,-3.84675302e-07
0.919500,1.63632998e-07,-3.31371575e-07
0.919750,1.46620827e-07,-2.38550475e-07
0.920000,1.19055355e-07,-1.71928257e-07
0.920250,4.97700768e-08,-1.11131288e-07
0.920500,-4.08412905e-08,5.85691299e-09
0.920750,-1.0858995e-07,1.40538199e-07
0.921000,-1.47975193e-07,2.02832676e-07
0.921250,-1.89445098e-07,2.00829827e-07
0.921500,-2.4464667e-07,2.06377395e-07
0.921750,-2.84982022e-07,2.31611365e-07
0.922000,-2.92174881e-07,2.38000976e-07
0.922250,-2.94076322e-07,2.12347977e-07
0.922500,-3.06498126e-07,1.83065934e-07
0.922750,-2.93213609e-07,1.88388398e-07
0.923000,-2.33886711e-07,2.27964155e-07
0.923250,-1.58635767e-07,2.44817228e-07
0.923500,-8.46493267e-08,1.84934963e-07
0.923750,2.14507696e-09,5.78346076e-08
0.924000,1.00865472e-07,-7.68432681e-08
0.924250,1.89461088e-07,-1.48454586e-07
0.924500,2.45004006e-07,-1.31728575e-07
0.924750,2.54747913e-07,-1.017861e-07
0.925000,2.341087e-07,-1.51503234e-07
0.925250,2.14124161e-07,-2.47706239e-07
0.925500,1.96796534e-07,-2.9124763e-07
0.925750,1.62900458e-07,-2.75962653e-07
0.926000,1.18627597e-07,-2.55718206e-07
0.926250,8.39564141e-08,-2.34877176e-07
0.926500,5.00958573e-08,-1.94838292e-07
0.926750,-3.00475662e-09,-1.38808869e-07
0.927000,-6.84320006e-08,-6.48101536e-08
0.927250,-1.29240135e-07,2.36603645e-08
0.927500,-1.81436025e-07,9.27161332e-08
0.927750,-2.1727466e-07,1.35392551e-07
0.928000,-2.27725774e-07,2.04608915e-07
0.928250,-2.26488801e-07,3.22834767e-07
0.928500,-2.3043229e-07,4.21269802e-07
0.928750,-2.32635987e-07,4.32097508e-07
0.929000,-2.25009543e-07,3.76229766e-07
0.929250,-2.16141938e-07,3.04574093e-07
0.929500,-2.07140845e-07,2.27654087e-07
0.929750,-1.77236589e-07,1.49639364e-07
0.930000,-1.07436645e-07,8.60250779e-08
0.930250,-1.09278544e-08,1.50200655e-08
0.930500,7.55043974e-08,-1.00729046e-07
0.930750,1.38707843e-07,-2.31673904e-07
0.931000,1.99260072e-07,-3.07200129e-07
0.931250,2.60817256e-07,-3.23519918e-07
0.931500,2.95945133e-07,-3.40478896e-07
0.931750,2.98513018e-07,-3.73962831e-07
0.932000,2.97695176e-07,-3.80042395e-07
0.932250,3.01554543e-07,-3.36309918e-07
0.932500,2.75613861e-07,-2.5054608e-07
0.932750,2.01875388e-07,-1.24951827e-07
0.933000,1.11469842e-07,9.25815683e-09
0.933250,2.66669446e-08,8.76858463e-08
0.933500,-7.31234105e-08,9.33254627e-08
0.933750,-1.87088184e-07,7.67934288e-08
0.934000,-2.62697411e-07,9.93685336e-08
0.934250,-2.7811478e-07,1.90709428e-07
0.934500,-2.86666938e-07,3.1343875e-07
0.934750,-3.27959814e-07,3.75125542e-07
0.935000,-3.59161194e-07,3.35204484e-07
0.935250,-3.28999329e-07,2.56847921e-07
0.935500,-2.59004759e-07,2.06654554e-07
0.935750,-1.94591085e-07,1.71855794e-07
0.936000,-1.32929166e-07,1.21121074e-07
0.936250,-5.20202991e-08,7.60192363e-08
0.936500,3.7101842e-08,6.08635132e-08
0.936750,1.08381813e-07,3.85045543e-08
0.937000,1.57965933e-07,-3.55581552e-08
0.937250,1.97512471e-07,-1.47539945e-07
0.937500,2.3241374e-07,-2.5960061e-07
0.937750,2.65477158e-07,-3.40314721e-07
0.938000,3.02497095e-07,-3.57094219e-07
0.938250,3.34821724e-07,-3.21020282e-07
0.938500,3.37736535e-07,-3.0133747e-07
0.938750,3.04535607e-07,-3.26207468e-07
0.939000,2.5840527e-07,-3.33442104e-07
0.939250,2.18413465e-07,-2.60986969e-07
0.939500,1.79346328e-07,-1.3030101e-07
0.939750,1.29970792e-07,-1.75437909e-08
0.940000,6.47797811e-08,4.55958643e-08
0.940250,-2.14467717e-08,1.1603671e-07
0.940500,-1.24351552e-07,2.3852239e-07
0.940750,-2.19108464e-07,3.53035681e-07
0.941000,-2.80294611e-07,3.91978263e-07
0.941250,-3.05798945e-07,3.82926165e-07
0.941500,-3.08948863e-07,3.64689077e-07
0.941750,-2.9968672e-07,3.22083577e-07
0.942000,-2.81533894e-07,2.57012479e-07
0.942250,-2.52317318e-07,1.9436936e-07
0.942500,-2.00160163e-07,1.20995126e-07
0.942750,-1.14389889e-07,2.20081924e-08
0.943000,-8.7375198e-09,-7.43405819e-08
0.943250,8.5511801e-08,-1.45953275e-07
0.943500,1.56646866e-07,-2.02349088e-07
0.943750,2.18776409e-07,-2.4197042e-07
0.944000,2.78905873e-07,-2.48496856e-07
0.944250,3.27585162e-07,-2.40805317e-07
0.944500,3.59761303e-07,-2.69877411e-07
0.944750,3.73127803e-07,-3.37977763e-07
0.945000,3.54561666e-07,-3.74218142e-07
0.945250,2.99051627e-07,-3.31039682e-07
0.945500,2.27542561e-07,-2.48277277e-07
0.945750,1.6178915e-07,-1.81093382e-07
0.946000,9.89710684e-08,-1.21535007e-07
0.946250,2.64363485e-08,-3.22316284e-08
0.946500,-5.11671219e-08,7.83001875e-08
0.946750,-1.1364301e-07,1.55244319e-07
0.947000,-1.54419859e-07,1.74074827e-07
0.947250,-1.84397348e-07,1.79411164e-07
0.947500,-1.9889966e-07,2.17754482e-07
0.947750,-1.8115833e-07,2.75047833e-07
0.948000,-1.43322725e-07,3.19789155e-07
0.948250,-1.16275228e-07,3.4797027e-07
0.948500,-1.0303201e-07,3.5074991e-07
0.948750,-8.05355744e-08,3.06372983e-07
0.949000,-3.77792583e-08,2.22177533e-07
0.949250,1.46348837e-08,1.27046445e-07
0.949500,6.93886556e-08,2.59142932e-08
0.949750,1.31891231e-07,-1.00138897e-07
0.950000,1.97958873e-07,-2.50983098e-07
0.950250,2.50317549e-07,-3.78562509e-07
0.950500,2.8262454e-07,-4.23364271e-07
0.950750,2.99751291e-07,-3.85593633e-07
0.951000,3.03046213e-07,-3.20042264e-07
0.951250,2.93133529e-07,-2.64639393e-07
0.951500,2.68171931e-07,-2.20720209e-07
0.951750,2.20864727e-07,-1.78392116e-07
0.952000,1.54555011e-07,-1.25354082e-07
0.952250,8.31222056e-08,-6.14282439e-08
0.952500,9.90250417e-09,-7.12654256e-09
0.952750,-7.12861302e-08,2.80171572e-08
0.953000,-1.6639619e-07,6.14173351e-08
0.953250,-2.7626087e-07,1.10554763e-07
0.953500,-3.73840278e-07,1.78835472e-07
0.953750,-4.11995813e-07,2.57168049e-07
0.954000,-3.86811456e-07,3.19634922e-07
0.954250,-3.45583252e-07,3.39331232e-07
0.954500,-3.13134516e-07,3.10956645e-07
0.954750,-2.67936625e-07,2.4590512e-07
0.955000,-1.91283768e-07,1.68751297e-07
0.955250,-9.0165881e-08,1.13045516e-07
0.955500,1.77286819e-08,7.94133804e-08
0.955750,1.13754576e-07,2.33186792e-08
0.956000,1.87083715e-07,-7.29698941e-08
0.956250,2.43082307e-07,-1.63949247e-07
0.956500,2.93984202e-07,-2.11332413e-07
0.956750,3.42911019e-07,-2.2769303e-07
0.957000,3.8129381e-07,-2.30564201e-07
0.957250,3.9784179e-07,-2.23302896e-07
0.957500,3.8774859e-07,-2.20332005e-07
0.957750,3.53777244e-07,-2.26425001e-07
0.958000,2.9831694e-07,-2.13622724e-07
0.958250,2.22265804e-07,-1.65062632e-07
0.958500,1.33721248e-07,-1.03693373e-07
0.958750,4.047986e-08,-5.13982254e-08
0.959000,-5.92923525e-08,2.08549525e-09
0.959250,-1.52404573e-07,7.10520266e-08
0.959500,-2.0891807e-07,1.3813543e-07
0.959750,-2.36273065e-07,1.74517183e-07
0.960000,-2.75713832e-07,1.90552593e-07
0.960250,-3.27555775e-07,2.23926617e-07
0.960500,-3.59061908e-07,2.78573173e-07
0.960750,-3.74382148e-07,3.19743556e-07
0.961000,-3.90833723e-07,3.16648406e-07
0.961250,-3.8223187e-07,2.68262826e-07
0.961500,-3.20874544e-07,2.10358886e-07
0.961750,-2.302879e-07,1.76447152e-07
0.962000,-1.44402702e-07,1.35954611e-07
0.962250,-6.11756406e-08,3.19412547e-08
0.962500,3.12563467e-08,-1.25110244e-07
0.962750,1.26590754e-07,-2.67096781e-07
0.963000,2.15228091e-07,-3.4326299e-07
0.963250,2.88292427e-07,-3.50739355e-07
0.963500,3.30268834e-07,-3.27711727e-07
0.963750,3.38872251e-07,-3.14325056e-07
0.964000,3.28961591e-07,-3.04211901e-07
0.964250,3.05782102e-07,-2.6392512e-07
0.964500,2.68433477e-07,-1.85305948e-07
0.964750,2.19440408e-07,-8.34670275e-08
0.965000,1.44835319e-07,2.2569883e-08
0.965250,3.15231225e-08,1.07798632e-07
0.965500,-9.42469214e-08,1.57333437e-07
0.965750,-1.94745047e-07,1.80019189e-07
0.966000,-2.60911016e-07,1.85014997e-07
0.966250,-2.97709817e-07,1.74253846e-07
0.966500,-3.0946682e-07,1.60810339e-07
0.966750,-3.0530123e-07,1.59989007e-07
0.967000,-2.93369596e-07,1.73306468e-07
0.967250,-2.79654533e-07,1.97404999e-07
0.967500,-2.71151115e-07,2.25002675e-07
0.967750,-2.58540196e-07,2.37266144e-07
0.968000,-2.11888429e-07,2.14714718e-07
0.968250,-1.18099494e-07,1.49958958e-07
0.968500,-2.68932096e-09,5.30191269e-08
0.968750,1.03322911e-07,-4.51958892e-08
0.969000,1.8959753e-07,-1.17022565e-07
0.969250,2.50031652e-07,-1.75020405e-07
0.969500,2.79497341e-07,-2.53972897e-07
0.969750,2.90164671e-07,-3.55932138e-07
0.970000,2.93586011e-07,-4.38777207e-07
0.970250,2.78865049e-07,-4.46852077e-07
0.970500,2.38555667e-07,-3.54290706e-07
0.970750,1.88312577e-07,-2.08611377e-07
0.971000,1.37858017e-07,-9.96602744e-08
0.971250,7.50696306e-08,-5.02007957e-08
0.971500,-5.11655232e-09,5.64474677e-09
0.971750,-8.71789986e-08,1.10844209e-07
0.972000,-1.60508724e-07,2.2624296e-07
0.972250,-2.28416865e-07,3.02972157e-07
0.972500,-2.8660449e-07,3.42285221e-07
0.972750,-3.23718817e-07,3.59746376e-07
0.973000,-3.39839541e-07,3.52151168e-07
0.973250,-3.36768279e-07,3.23543154e-07
0.973500,-3.10319228e-07,2.8657069e-07
0.973750,-2.69927175e-07,2.311093e-07
0.974000,-2.29380395e-07,1.47475055e-07
0.974250,-1.76985378e-07,5.63474626e-08
0.974500,-9.35589793e-08,-2.70202836e-08
0.974750,1.7963404e-08,-1.04616904e-07
0.975000,1.42232214e-07,-1.62033255e-07
0.975250,2.57205675e-07,-1.8961097e-07
0.975500,3.30372671e-07,-2.18846726e-07
0.975750,3.46424155e-07,-2.80270566e-07
0.976000,3.2981924e-07,-3.44779897e-07
0.976250,3.13155795e-07,-3.50428589e-07
0.976500,2.93663129e-07,-2.93618809e-07
0.976750,2.45655122e-07,-2.46162417e-07
0.977000,1.71180566e-07,-2.45674574e-07
0.977250,1.01268918e-07,-2.32180831e-07
0.977500,4.27640687e-08,-1.42814621e-07
0.977750,-2.84816719e-08,-6.19342337e-09
0.978000,-1.1424863e-07,9.96858693e-08
0.978250,-1.81426178e-07,1.44005576e-07
0.978500,-2.12311519e-07,1.63424661e-07
0.978750,-2.32332405e-07,2.00493176e-07
0.979000,-2.7171339e-07,2.61889417e-07
0.979250,-3.18757804e-07,3.30466866e-07
0.979500,-3.33895212e-07,3.75149033e-07
0.979750,-2.98031455e-07,3.69910515e-07
0.980000,-2.25215241e-07,3.31894465e-07
0.980250,-1.42298216e-07,3.0181632e-07
0.980500,-6.83232298e-08,2.7719453e-07
0.980750,9.62102524e-10,2.08484876e-07
0.981000,8.26177927e-08,6.87530058e-08
0.981250,1.75963813e-07,-1.05496367e-07
0.981500,2.65221566e-07,-2.60423156e-07
0.981750,3.41739648e-07,-3.76031292e-07
0.982000,4.00461298e-07,-4.41727535e-07
0.982250,4.38018695e-07,-4.39392768e-07
0.982500,4.5550301e-07,-3.86176087e-07
0.982750,4.35658358e-07,-3.25960177e-07
0.983000,3.51950988e-07,-2.71126472e-07
0.983250,2.25702673e-07,-2.15188255e-07
0.983500,1.18197565e-07,-1.62352872e-07
0.983750,4.81265145e-08,-9.37943215e-08
0.984000,-3.1107304e-08,2.19063446e-08
0.984250,-1.57486452e-07,1.50550835e-07
0.984500,-2.99268461e-07,2.06285175e-07
0.984750,-3.95674531e-07,1.7241984e-07
0.985000,-4.34946218e-07,1.37619595e-07
0.985250,-4.44092867e-07,1.71343379e-07
0.985500,-4.33294253e-07,2.24058787e-07
0.985750,-4.05002753e-07,2.17081802e-07
0.986000,-3.65723673e-07,1.70377799e-07
0.986250,-2.93927651e-07,1.52515336e-07
0.986500,-1.64772927e-07,1.6261804e-07
0.986750,-8.5093657e-09,1.49780302e-07
0.987000,1.20875932e-07,1.06174718e-07
0.987250,2.13744109e-07,7.08475215e-08
0.987500,2.96844355e-07,5.41577595e-08
0.987750,3.82140914e-07,1.84850025e-08
0.988000,4.49483604e-07,-4.64111912e-08
0.988250,4.74743931e-07,-1.01399349e-07
0.988500,4.65510572e-07,-1.4529663e-07
0.988750,4.51891712e-07,-2.23173451e-07
0.989000,4.39300114e-07,-3.16887898e-07
0.989250,3.99743115e-07,-3.43207753e-07
0.989500,3.21569905e-07,-2.82336734e-07
0.989750,2.33082845e-07,-2.08805999e-07
0.990000,1.54064231e-07,-1.77421394e-07
0.990250,6.17477697e-08,-1.48126325e-07
0.990500,-6.10663389e-08,-6.02188226e-08
0.990750,-1.83782458e-07,6.01384898e-08
0.991000,-2.70394033e-07,1.37401829e-07
0.991250,-3.25128903e-07,1.68872103e-07
0.991500,-3.65906785e-07,2.14566119e-07
0.991750,-3.86886314e-07,2.84579181e-07
0.992000,-3.7581385e-07,3.31750567e-07
0.992250,-3.44161372e-07,3.31989814e-07
0.992500,-3.0692751e-07,2.96244631e-07
0.992750,-2.52554201e-07,2.29217008e-07
0.993000,-1.68799575e-07,1.32577944e-07
0.993250,-6.90220788e-08,3.4940544e-08
0.993500,3.19205584e-08,-2.43778738e-08
0.993750,1.24912516e-07,-4.39074861e-08
0.994000,1.94092878e-07,-5.86923311e-08
0.994250,2.42615436e-07,-9.29218337e-08
0.994500,2.96064599e-07,-1.48968363e-07
0.994750,3.54172459e-07,-2.17581085e-07
0.995000,3.91383957e-07,-2.62019377e-07
0.995250,3.96387981e-07,-2.45935936e-07
0.995500,3.59172053e-07,-2.0073819e-07
0.995750,2.64371793e-07,-1.88532229e-07
0.996000,1.37419897e-07,-1.96596937e-07
0.996250,3.16433465e-08,-1.58412957e-07
0.996500,-4.42753581e-08,-7.01860031e-08
0.996750,-1.17609469e-07,1.97850758e-09
0.997000,-1.90724498e-07,2.5672212e-08
0.997250,-2.47144421e-07,3.71846362e-08
0.997500,-2.78877406e-07,7.66250534e-08
0.997750,-2.83265798e-07,1.48505171e-07
0.998000,-2.74349875e-07,2.32347028e-07
0.998250,-2.74497758e-07,2.9101274e-07
0.998500,-2.69086918e-07,2.99930378e-07
0.998750,-2.27468735e-07,2.81203028e-07
0.999000,-1.55538131e-07,2.64832572e-07
0.999250,-6.44580059e-08,2.32606136e-07
0.999500,4.24563722e-08,1.53915775e-07
0.999750,1.11964015e-07,5.39808069e-08
